path,class_name,label,width,height
PetImages/Cat/0.jpg,Cat,0,500,375
PetImages/Cat/1.jpg,Cat,0,300,281
PetImages/Cat/10.jpg,Cat,0,489,500
PetImages/Cat/100.jpg,Cat,0,403,500
PetImages/Cat/1000.jpg,Cat,0,150,150
PetImages/Cat/10000.jpg,Cat,0,431,360
PetImages/Cat/10002.jpg,Cat,0,500,471
PetImages/Cat/10003.jpg,Cat,0,500,375
PetImages/Cat/10005.jpg,Cat,0,320,177
PetImages/Cat/10007.jpg,Cat,0,220,300
PetImages/Cat/10008.jpg,Cat,0,500,375
PetImages/Cat/10009.jpg,Cat,0,473,500
PetImages/Cat/1001.jpg,Cat,0,336,500
PetImages/Cat/10010.jpg,Cat,0,500,386
PetImages/Cat/10013.jpg,Cat,0,500,375
PetImages/Cat/10014.jpg,Cat,0,373,500
PetImages/Cat/10015.jpg,Cat,0,500,340
PetImages/Cat/10016.jpg,Cat,0,180,198
PetImages/Cat/10018.jpg,Cat,0,500,454
PetImages/Cat/1002.jpg,Cat,0,380,407
PetImages/Cat/10021.jpg,Cat,0,423,418
PetImages/Cat/10022.jpg,Cat,0,500,449
PetImages/Cat/10023.jpg,Cat,0,350,336
PetImages/Cat/10024.jpg,Cat,0,325,432
PetImages/Cat/10025.jpg,Cat,0,153,252
PetImages/Cat/10026.jpg,Cat,0,400,492
PetImages/Cat/10027.jpg,Cat,0,500,333
PetImages/Cat/10029.jpg,Cat,0,386,500
PetImages/Cat/1003.jpg,Cat,0,259,270
PetImages/Cat/10030.jpg,Cat,0,500,463
PetImages/Cat/10031.jpg,Cat,0,500,375
PetImages/Cat/10033.jpg,Cat,0,500,375
PetImages/Cat/10036.jpg,Cat,0,300,264
PetImages/Cat/10037.jpg,Cat,0,435,276
PetImages/Cat/10039.jpg,Cat,0,361,500
PetImages/Cat/1004.jpg,Cat,0,500,375
PetImages/Cat/10041.jpg,Cat,0,500,441
PetImages/Cat/10042.jpg,Cat,0,320,480
PetImages/Cat/10043.jpg,Cat,0,500,407
PetImages/Cat/10045.jpg,Cat,0,500,375
PetImages/Cat/10046.jpg,Cat,0,374,336
PetImages/Cat/10048.jpg,Cat,0,385,385
PetImages/Cat/1005.jpg,Cat,0,500,334
PetImages/Cat/10050.jpg,Cat,0,450,470
PetImages/Cat/10051.jpg,Cat,0,433,450
PetImages/Cat/10052.jpg,Cat,0,346,500
PetImages/Cat/10053.jpg,Cat,0,300,400
PetImages/Cat/10054.jpg,Cat,0,499,391
PetImages/Cat/10055.jpg,Cat,0,500,403
PetImages/Cat/10056.jpg,Cat,0,248,300
PetImages/Cat/10057.jpg,Cat,0,332,500
PetImages/Cat/10058.jpg,Cat,0,500,462
PetImages/Cat/10059.jpg,Cat,0,432,395
PetImages/Cat/1006.jpg,Cat,0,500,375
PetImages/Cat/10060.jpg,Cat,0,500,427
PetImages/Cat/10062.jpg,Cat,0,500,360
PetImages/Cat/10063.jpg,Cat,0,375,500
PetImages/Cat/10064.jpg,Cat,0,500,313
PetImages/Cat/10065.jpg,Cat,0,200,193
PetImages/Cat/10066.jpg,Cat,0,222,250
PetImages/Cat/10067.jpg,Cat,0,427,388
PetImages/Cat/10068.jpg,Cat,0,321,500
PetImages/Cat/10069.jpg,Cat,0,500,391
PetImages/Cat/1007.jpg,Cat,0,500,375
PetImages/Cat/10070.jpg,Cat,0,398,320
PetImages/Cat/10071.jpg,Cat,0,500,302
PetImages/Cat/10075.jpg,Cat,0,288,216
PetImages/Cat/10076.jpg,Cat,0,500,333
PetImages/Cat/10077.jpg,Cat,0,381,339
PetImages/Cat/10079.jpg,Cat,0,216,216
PetImages/Cat/1008.jpg,Cat,0,329,368
PetImages/Cat/10080.jpg,Cat,0,500,347
PetImages/Cat/10081.jpg,Cat,0,500,334
PetImages/Cat/10082.jpg,Cat,0,500,375
PetImages/Cat/10084.jpg,Cat,0,468,500
PetImages/Cat/10085.jpg,Cat,0,500,406
PetImages/Cat/10086.jpg,Cat,0,500,333
PetImages/Cat/10088.jpg,Cat,0,374,500
PetImages/Cat/10089.jpg,Cat,0,300,217
PetImages/Cat/1009.jpg,Cat,0,354,400
PetImages/Cat/10091.jpg,Cat,0,141,182
PetImages/Cat/10093.jpg,Cat,0,500,375
PetImages/Cat/10095.jpg,Cat,0,500,375
PetImages/Cat/10098.jpg,Cat,0,500,375
PetImages/Cat/10099.jpg,Cat,0,500,375
PetImages/Cat/101.jpg,Cat,0,297,200
PetImages/Cat/1010.jpg,Cat,0,500,375
PetImages/Cat/10100.jpg,Cat,0,223,220
PetImages/Cat/10102.jpg,Cat,0,500,375
PetImages/Cat/10103.jpg,Cat,0,341,300
PetImages/Cat/10104.jpg,Cat,0,500,375
PetImages/Cat/10105.jpg,Cat,0,500,282
PetImages/Cat/10106.jpg,Cat,0,500,375
PetImages/Cat/10107.jpg,Cat,0,86,86
PetImages/Cat/10108.jpg,Cat,0,500,375
PetImages/Cat/10110.jpg,Cat,0,286,448
PetImages/Cat/10112.jpg,Cat,0,300,470
PetImages/Cat/10114.jpg,Cat,0,302,500
PetImages/Cat/10117.jpg,Cat,0,447,404
PetImages/Cat/10118.jpg,Cat,0,438,424
PetImages/Cat/10119.jpg,Cat,0,180,463
PetImages/Cat/1012.jpg,Cat,0,500,375
PetImages/Cat/10121.jpg,Cat,0,500,375
PetImages/Cat/10122.jpg,Cat,0,185,198
PetImages/Cat/10123.jpg,Cat,0,241,441
PetImages/Cat/10124.jpg,Cat,0,450,338
PetImages/Cat/10125.jpg,Cat,0,259,346
PetImages/Cat/10126.jpg,Cat,0,500,375
PetImages/Cat/10127.jpg,Cat,0,220,240
PetImages/Cat/10128.jpg,Cat,0,500,391
PetImages/Cat/10129.jpg,Cat,0,320,240
PetImages/Cat/1013.jpg,Cat,0,500,481
PetImages/Cat/10131.jpg,Cat,0,500,375
PetImages/Cat/10136.jpg,Cat,0,375,500
PetImages/Cat/10137.jpg,Cat,0,500,374
PetImages/Cat/1014.jpg,Cat,0,344,336
PetImages/Cat/10140.jpg,Cat,0,500,400
PetImages/Cat/10141.jpg,Cat,0,468,500
PetImages/Cat/10142.jpg,Cat,0,375,500
PetImages/Cat/10143.jpg,Cat,0,500,375
PetImages/Cat/10144.jpg,Cat,0,400,300
PetImages/Cat/10145.jpg,Cat,0,500,376
PetImages/Cat/10147.jpg,Cat,0,399,500
PetImages/Cat/10148.jpg,Cat,0,500,375
PetImages/Cat/10149.jpg,Cat,0,375,500
PetImages/Cat/1015.jpg,Cat,0,500,377
PetImages/Cat/10150.jpg,Cat,0,148,221
PetImages/Cat/10152.jpg,Cat,0,500,375
PetImages/Cat/10153.jpg,Cat,0,375,500
PetImages/Cat/10154.jpg,Cat,0,285,421
PetImages/Cat/10155.jpg,Cat,0,500,375
PetImages/Cat/10156.jpg,Cat,0,482,500
PetImages/Cat/10157.jpg,Cat,0,320,240
PetImages/Cat/10158.jpg,Cat,0,442,500
PetImages/Cat/10159.jpg,Cat,0,500,417
PetImages/Cat/1016.jpg,Cat,0,288,288
PetImages/Cat/10160.jpg,Cat,0,384,288
PetImages/Cat/10161.jpg,Cat,0,500,349
PetImages/Cat/10162.jpg,Cat,0,260,470
PetImages/Cat/10164.jpg,Cat,0,240,271
PetImages/Cat/10167.jpg,Cat,0,500,375
PetImages/Cat/10168.jpg,Cat,0,500,375
PetImages/Cat/10169.jpg,Cat,0,500,334
PetImages/Cat/1017.jpg,Cat,0,238,241
PetImages/Cat/10170.jpg,Cat,0,300,289
PetImages/Cat/10173.jpg,Cat,0,432,310
PetImages/Cat/10175.jpg,Cat,0,140,104
PetImages/Cat/10176.jpg,Cat,0,500,375
PetImages/Cat/1018.jpg,Cat,0,500,375
PetImages/Cat/10180.jpg,Cat,0,500,473
PetImages/Cat/10181.jpg,Cat,0,500,386
PetImages/Cat/10182.jpg,Cat,0,374,500
PetImages/Cat/10184.jpg,Cat,0,250,200
PetImages/Cat/10185.jpg,Cat,0,500,419
PetImages/Cat/10186.jpg,Cat,0,200,164
PetImages/Cat/10187.jpg,Cat,0,300,223
PetImages/Cat/10188.jpg,Cat,0,300,226
PetImages/Cat/10189.jpg,Cat,0,500,375
PetImages/Cat/1019.jpg,Cat,0,500,375
PetImages/Cat/10190.jpg,Cat,0,500,374
PetImages/Cat/10191.jpg,Cat,0,468,312
PetImages/Cat/10192.jpg,Cat,0,300,109
PetImages/Cat/10193.jpg,Cat,0,500,313
PetImages/Cat/10194.jpg,Cat,0,500,464
PetImages/Cat/10195.jpg,Cat,0,500,333
PetImages/Cat/10196.jpg,Cat,0,500,471
PetImages/Cat/10197.jpg,Cat,0,125,200
PetImages/Cat/10198.jpg,Cat,0,341,500
PetImages/Cat/1020.jpg,Cat,0,272,360
PetImages/Cat/10200.jpg,Cat,0,369,378
PetImages/Cat/10202.jpg,Cat,0,500,375
PetImages/Cat/10205.jpg,Cat,0,500,375
PetImages/Cat/10206.jpg,Cat,0,258,500
PetImages/Cat/10207.jpg,Cat,0,250,195
PetImages/Cat/10208.jpg,Cat,0,500,392
PetImages/Cat/10209.jpg,Cat,0,320,224
PetImages/Cat/1021.jpg,Cat,0,358,500
PetImages/Cat/10210.jpg,Cat,0,500,282
PetImages/Cat/10211.jpg,Cat,0,500,375
PetImages/Cat/10212.jpg,Cat,0,500,375
PetImages/Cat/10214.jpg,Cat,0,500,245
PetImages/Cat/10216.jpg,Cat,0,353,336
PetImages/Cat/10217.jpg,Cat,0,500,375
PetImages/Cat/10218.jpg,Cat,0,500,333
PetImages/Cat/10219.jpg,Cat,0,400,300
PetImages/Cat/1022.jpg,Cat,0,500,473
PetImages/Cat/10220.jpg,Cat,0,400,300
PetImages/Cat/10221.jpg,Cat,0,500,336
PetImages/Cat/10223.jpg,Cat,0,436,500
PetImages/Cat/10224.jpg,Cat,0,320,320
PetImages/Cat/10225.jpg,Cat,0,500,353
PetImages/Cat/10226.jpg,Cat,0,500,375
PetImages/Cat/1023.jpg,Cat,0,350,315
PetImages/Cat/10230.jpg,Cat,0,491,500
PetImages/Cat/10231.jpg,Cat,0,500,375
PetImages/Cat/10232.jpg,Cat,0,500,364
PetImages/Cat/10233.jpg,Cat,0,500,375
PetImages/Cat/10234.jpg,Cat,0,415,327
PetImages/Cat/10237.jpg,Cat,0,295,500
PetImages/Cat/10238.jpg,Cat,0,140,104
PetImages/Cat/1024.jpg,Cat,0,484,446
PetImages/Cat/10240.jpg,Cat,0,500,375
PetImages/Cat/10244.jpg,Cat,0,234,360
PetImages/Cat/10245.jpg,Cat,0,460,469
PetImages/Cat/10246.jpg,Cat,0,500,375
PetImages/Cat/10247.jpg,Cat,0,375,500
PetImages/Cat/10248.jpg,Cat,0,300,225
PetImages/Cat/1025.jpg,Cat,0,500,375
PetImages/Cat/10251.jpg,Cat,0,500,486
PetImages/Cat/10252.jpg,Cat,0,400,300
PetImages/Cat/10253.jpg,Cat,0,398,500
PetImages/Cat/10254.jpg,Cat,0,500,352
PetImages/Cat/10255.jpg,Cat,0,403,500
PetImages/Cat/10256.jpg,Cat,0,500,375
PetImages/Cat/10257.jpg,Cat,0,500,375
PetImages/Cat/10258.jpg,Cat,0,500,375
PetImages/Cat/10259.jpg,Cat,0,465,500
PetImages/Cat/1026.jpg,Cat,0,475,316
PetImages/Cat/10260.jpg,Cat,0,281,500
PetImages/Cat/10261.jpg,Cat,0,500,375
PetImages/Cat/10262.jpg,Cat,0,478,500
PetImages/Cat/10263.jpg,Cat,0,500,375
PetImages/Cat/10264.jpg,Cat,0,500,315
PetImages/Cat/10266.jpg,Cat,0,474,500
PetImages/Cat/10267.jpg,Cat,0,500,375
PetImages/Cat/10268.jpg,Cat,0,500,374
PetImages/Cat/10269.jpg,Cat,0,202,270
PetImages/Cat/1027.jpg,Cat,0,438,396
PetImages/Cat/10270.jpg,Cat,0,293,500
PetImages/Cat/10271.jpg,Cat,0,500,334
PetImages/Cat/10272.jpg,Cat,0,189,130
PetImages/Cat/10274.jpg,Cat,0,240,161
PetImages/Cat/10275.jpg,Cat,0,500,375
PetImages/Cat/10278.jpg,Cat,0,173,190
PetImages/Cat/10279.jpg,Cat,0,404,388
PetImages/Cat/1028.jpg,Cat,0,500,324
PetImages/Cat/10280.jpg,Cat,0,500,383
PetImages/Cat/10281.jpg,Cat,0,200,180
PetImages/Cat/10283.jpg,Cat,0,500,260
PetImages/Cat/10286.jpg,Cat,0,290,208
PetImages/Cat/10287.jpg,Cat,0,500,413
PetImages/Cat/10288.jpg,Cat,0,500,500
PetImages/Cat/10289.jpg,Cat,0,350,262
PetImages/Cat/1029.jpg,Cat,0,500,375
PetImages/Cat/10290.jpg,Cat,0,448,500
PetImages/Cat/10291.jpg,Cat,0,428,500
PetImages/Cat/10292.jpg,Cat,0,480,500
PetImages/Cat/10293.jpg,Cat,0,500,375
PetImages/Cat/10294.jpg,Cat,0,328,280
PetImages/Cat/10295.jpg,Cat,0,418,377
PetImages/Cat/10296.jpg,Cat,0,500,375
PetImages/Cat/10298.jpg,Cat,0,215,243
PetImages/Cat/10299.jpg,Cat,0,250,239
PetImages/Cat/103.jpg,Cat,0,500,387
PetImages/Cat/1030.jpg,Cat,0,500,375
PetImages/Cat/10300.jpg,Cat,0,360,372
PetImages/Cat/10302.jpg,Cat,0,500,375
PetImages/Cat/10304.jpg,Cat,0,500,380
PetImages/Cat/10305.jpg,Cat,0,384,500
PetImages/Cat/10307.jpg,Cat,0,185,181
PetImages/Cat/10308.jpg,Cat,0,200,201
PetImages/Cat/10309.jpg,Cat,0,500,272
PetImages/Cat/1031.jpg,Cat,0,500,375
PetImages/Cat/10311.jpg,Cat,0,500,491
PetImages/Cat/10312.jpg,Cat,0,500,375
PetImages/Cat/10313.jpg,Cat,0,350,263
PetImages/Cat/10314.jpg,Cat,0,453,453
PetImages/Cat/10315.jpg,Cat,0,350,262
PetImages/Cat/10316.jpg,Cat,0,334,500
PetImages/Cat/10319.jpg,Cat,0,240,210
PetImages/Cat/10320.jpg,Cat,0,500,375
PetImages/Cat/10321.jpg,Cat,0,484,500
PetImages/Cat/10322.jpg,Cat,0,300,352
PetImages/Cat/10323.jpg,Cat,0,500,354
PetImages/Cat/10324.jpg,Cat,0,319,448
PetImages/Cat/10325.jpg,Cat,0,400,267
PetImages/Cat/10326.jpg,Cat,0,384,256
PetImages/Cat/10327.jpg,Cat,0,250,250
PetImages/Cat/10328.jpg,Cat,0,358,497
PetImages/Cat/10329.jpg,Cat,0,466,500
PetImages/Cat/10330.jpg,Cat,0,500,375
PetImages/Cat/10332.jpg,Cat,0,350,262
PetImages/Cat/10333.jpg,Cat,0,500,375
PetImages/Cat/10334.jpg,Cat,0,500,375
PetImages/Cat/10335.jpg,Cat,0,169,93
PetImages/Cat/10336.jpg,Cat,0,458,387
PetImages/Cat/10337.jpg,Cat,0,500,375
PetImages/Cat/10339.jpg,Cat,0,500,375
PetImages/Cat/1034.jpg,Cat,0,229,255
PetImages/Cat/10340.jpg,Cat,0,200,138
PetImages/Cat/10341.jpg,Cat,0,240,213
PetImages/Cat/10342.jpg,Cat,0,500,428
PetImages/Cat/10343.jpg,Cat,0,500,346
PetImages/Cat/10344.jpg,Cat,0,375,500
PetImages/Cat/10346.jpg,Cat,0,500,490
PetImages/Cat/10347.jpg,Cat,0,500,375
PetImages/Cat/10348.jpg,Cat,0,432,363
PetImages/Cat/1035.jpg,Cat,0,500,375
PetImages/Cat/10350.jpg,Cat,0,500,399
PetImages/Cat/10351.jpg,Cat,0,300,448
PetImages/Cat/10352.jpg,Cat,0,432,321
PetImages/Cat/10353.jpg,Cat,0,360,270
PetImages/Cat/10354.jpg,Cat,0,372,398
PetImages/Cat/10355.jpg,Cat,0,500,481
PetImages/Cat/10356.jpg,Cat,0,500,424
PetImages/Cat/10358.jpg,Cat,0,200,150
PetImages/Cat/1036.jpg,Cat,0,500,375
PetImages/Cat/10360.jpg,Cat,0,416,276
PetImages/Cat/10361.jpg,Cat,0,490,375
PetImages/Cat/10363.jpg,Cat,0,500,400
PetImages/Cat/10364.jpg,Cat,0,500,454
PetImages/Cat/10367.jpg,Cat,0,442,500
PetImages/Cat/10368.jpg,Cat,0,221,166
PetImages/Cat/10369.jpg,Cat,0,178,185
PetImages/Cat/1037.jpg,Cat,0,500,375
PetImages/Cat/10370.jpg,Cat,0,500,375
PetImages/Cat/10371.jpg,Cat,0,500,375
PetImages/Cat/10372.jpg,Cat,0,320,240
PetImages/Cat/10373.jpg,Cat,0,375,500
PetImages/Cat/10374.jpg,Cat,0,388,500
PetImages/Cat/10376.jpg,Cat,0,500,335
PetImages/Cat/1038.jpg,Cat,0,500,365
PetImages/Cat/10380.jpg,Cat,0,500,375
PetImages/Cat/10382.jpg,Cat,0,419,295
PetImages/Cat/10383.jpg,Cat,0,500,375
PetImages/Cat/10385.jpg,Cat,0,288,386
PetImages/Cat/10386.jpg,Cat,0,500,441
PetImages/Cat/10387.jpg,Cat,0,500,450
PetImages/Cat/10389.jpg,Cat,0,500,375
PetImages/Cat/10390.jpg,Cat,0,409,308
PetImages/Cat/10391.jpg,Cat,0,350,262
PetImages/Cat/10395.jpg,Cat,0,180,334
PetImages/Cat/10396.jpg,Cat,0,500,375
PetImages/Cat/10398.jpg,Cat,0,356,270
PetImages/Cat/10399.jpg,Cat,0,500,405
PetImages/Cat/104.jpg,Cat,0,253,400
PetImages/Cat/1040.jpg,Cat,0,463,431
PetImages/Cat/10400.jpg,Cat,0,375,500
PetImages/Cat/10401.jpg,Cat,0,427,283
PetImages/Cat/10402.jpg,Cat,0,480,360
PetImages/Cat/10404.jpg,Cat,0,432,363
PetImages/Cat/10405.jpg,Cat,0,500,375
PetImages/Cat/10406.jpg,Cat,0,360,270
PetImages/Cat/10407.jpg,Cat,0,500,375
PetImages/Cat/10408.jpg,Cat,0,500,375
PetImages/Cat/10409.jpg,Cat,0,500,375
PetImages/Cat/1041.jpg,Cat,0,483,465
PetImages/Cat/10410.jpg,Cat,0,416,336
PetImages/Cat/10412.jpg,Cat,0,361,381
PetImages/Cat/10413.jpg,Cat,0,500,375
PetImages/Cat/10415.jpg,Cat,0,375,500
PetImages/Cat/10416.jpg,Cat,0,500,375
PetImages/Cat/10417.jpg,Cat,0,500,426
PetImages/Cat/10418.jpg,Cat,0,99,190
PetImages/Cat/10419.jpg,Cat,0,500,497
PetImages/Cat/10420.jpg,Cat,0,312,331
PetImages/Cat/10422.jpg,Cat,0,400,500
PetImages/Cat/10425.jpg,Cat,0,363,500
PetImages/Cat/10426.jpg,Cat,0,500,375
PetImages/Cat/10428.jpg,Cat,0,480,403
PetImages/Cat/1043.jpg,Cat,0,500,375
PetImages/Cat/10430.jpg,Cat,0,350,260
PetImages/Cat/10432.jpg,Cat,0,300,132
PetImages/Cat/10434.jpg,Cat,0,500,265
PetImages/Cat/10435.jpg,Cat,0,144,160
PetImages/Cat/10437.jpg,Cat,0,304,456
PetImages/Cat/10438.jpg,Cat,0,320,240
PetImages/Cat/10439.jpg,Cat,0,399,266
PetImages/Cat/1044.jpg,Cat,0,500,375
PetImages/Cat/10440.jpg,Cat,0,400,300
PetImages/Cat/10441.jpg,Cat,0,500,375
PetImages/Cat/10442.jpg,Cat,0,500,375
PetImages/Cat/10444.jpg,Cat,0,500,488
PetImages/Cat/10445.jpg,Cat,0,350,256
PetImages/Cat/10446.jpg,Cat,0,500,426
PetImages/Cat/10447.jpg,Cat,0,500,483
PetImages/Cat/10448.jpg,Cat,0,350,262
PetImages/Cat/1045.jpg,Cat,0,500,445
PetImages/Cat/10450.jpg,Cat,0,500,375
PetImages/Cat/10452.jpg,Cat,0,250,246
PetImages/Cat/10453.jpg,Cat,0,500,500
PetImages/Cat/10457.jpg,Cat,0,500,305
PetImages/Cat/10458.jpg,Cat,0,300,200
PetImages/Cat/10459.jpg,Cat,0,500,375
PetImages/Cat/10460.jpg,Cat,0,500,334
PetImages/Cat/10461.jpg,Cat,0,305,274
PetImages/Cat/10463.jpg,Cat,0,500,481
PetImages/Cat/10466.jpg,Cat,0,220,253
PetImages/Cat/10467.jpg,Cat,0,288,216
PetImages/Cat/10468.jpg,Cat,0,500,499
PetImages/Cat/10469.jpg,Cat,0,320,379
PetImages/Cat/10470.jpg,Cat,0,500,299
PetImages/Cat/10473.jpg,Cat,0,383,322
PetImages/Cat/10475.jpg,Cat,0,400,300
PetImages/Cat/10476.jpg,Cat,0,500,375
PetImages/Cat/10477.jpg,Cat,0,463,400
PetImages/Cat/10480.jpg,Cat,0,339,500
PetImages/Cat/10481.jpg,Cat,0,500,416
PetImages/Cat/10483.jpg,Cat,0,500,375
PetImages/Cat/10484.jpg,Cat,0,432,288
PetImages/Cat/10485.jpg,Cat,0,285,227
PetImages/Cat/10486.jpg,Cat,0,500,375
PetImages/Cat/10487.jpg,Cat,0,370,344
PetImages/Cat/10488.jpg,Cat,0,500,377
PetImages/Cat/1049.jpg,Cat,0,500,375
PetImages/Cat/10490.jpg,Cat,0,500,375
PetImages/Cat/10491.jpg,Cat,0,446,500
PetImages/Cat/10493.jpg,Cat,0,481,500
PetImages/Cat/10494.jpg,Cat,0,500,388
PetImages/Cat/10495.jpg,Cat,0,500,344
PetImages/Cat/10497.jpg,Cat,0,404,396
PetImages/Cat/10498.jpg,Cat,0,300,400
PetImages/Cat/10499.jpg,Cat,0,500,375
PetImages/Cat/105.jpg,Cat,0,215,175
PetImages/Cat/1050.jpg,Cat,0,429,260
PetImages/Cat/10500.jpg,Cat,0,500,375
PetImages/Cat/10501.jpg,Cat,0,400,299
PetImages/Cat/10502.jpg,Cat,0,180,150
PetImages/Cat/10503.jpg,Cat,0,448,336
PetImages/Cat/10504.jpg,Cat,0,375,500
PetImages/Cat/10505.jpg,Cat,0,400,500
PetImages/Cat/10506.jpg,Cat,0,500,374
PetImages/Cat/10508.jpg,Cat,0,500,379
PetImages/Cat/10509.jpg,Cat,0,500,375
PetImages/Cat/10510.jpg,Cat,0,329,246
PetImages/Cat/10511.jpg,Cat,0,340,500
PetImages/Cat/10512.jpg,Cat,0,500,404
PetImages/Cat/10513.jpg,Cat,0,500,298
PetImages/Cat/10514.jpg,Cat,0,370,500
PetImages/Cat/10515.jpg,Cat,0,500,375
PetImages/Cat/10516.jpg,Cat,0,500,500
PetImages/Cat/10517.jpg,Cat,0,500,326
PetImages/Cat/10519.jpg,Cat,0,288,270
PetImages/Cat/1052.jpg,Cat,0,400,360
PetImages/Cat/10520.jpg,Cat,0,185,200
PetImages/Cat/10521.jpg,Cat,0,500,377
PetImages/Cat/10522.jpg,Cat,0,500,333
PetImages/Cat/10523.jpg,Cat,0,342,400
PetImages/Cat/10524.jpg,Cat,0,500,375
PetImages/Cat/10525.jpg,Cat,0,500,375
PetImages/Cat/10527.jpg,Cat,0,500,375
PetImages/Cat/10529.jpg,Cat,0,300,319
PetImages/Cat/1053.jpg,Cat,0,500,375
PetImages/Cat/10530.jpg,Cat,0,182,224
PetImages/Cat/10531.jpg,Cat,0,500,333
PetImages/Cat/10533.jpg,Cat,0,400,400
PetImages/Cat/10534.jpg,Cat,0,467,415
PetImages/Cat/10535.jpg,Cat,0,500,375
PetImages/Cat/10537.jpg,Cat,0,500,327
PetImages/Cat/1054.jpg,Cat,0,311,311
PetImages/Cat/10540.jpg,Cat,0,250,188
PetImages/Cat/10543.jpg,Cat,0,442,328
PetImages/Cat/10544.jpg,Cat,0,482,477
PetImages/Cat/10546.jpg,Cat,0,500,375
PetImages/Cat/10548.jpg,Cat,0,500,375
PetImages/Cat/1055.jpg,Cat,0,500,375
PetImages/Cat/10550.jpg,Cat,0,329,353
PetImages/Cat/10552.jpg,Cat,0,500,375
PetImages/Cat/10554.jpg,Cat,0,500,375
PetImages/Cat/10555.jpg,Cat,0,500,333
PetImages/Cat/10556.jpg,Cat,0,500,375
PetImages/Cat/10557.jpg,Cat,0,257,500
PetImages/Cat/10558.jpg,Cat,0,400,299
PetImages/Cat/10559.jpg,Cat,0,500,375
PetImages/Cat/1056.jpg,Cat,0,500,375
PetImages/Cat/10562.jpg,Cat,0,500,375
PetImages/Cat/10563.jpg,Cat,0,320,240
PetImages/Cat/10564.jpg,Cat,0,440,283
PetImages/Cat/10565.jpg,Cat,0,500,375
PetImages/Cat/10566.jpg,Cat,0,389,500
PetImages/Cat/10567.jpg,Cat,0,500,392
PetImages/Cat/10569.jpg,Cat,0,500,375
PetImages/Cat/1057.jpg,Cat,0,375,500
PetImages/Cat/10571.jpg,Cat,0,500,334
PetImages/Cat/10572.jpg,Cat,0,500,375
PetImages/Cat/10573.jpg,Cat,0,276,226
PetImages/Cat/10575.jpg,Cat,0,375,500
PetImages/Cat/10576.jpg,Cat,0,500,398
PetImages/Cat/10577.jpg,Cat,0,434,500
PetImages/Cat/10579.jpg,Cat,0,500,377
PetImages/Cat/10580.jpg,Cat,0,450,338
PetImages/Cat/10581.jpg,Cat,0,350,324
PetImages/Cat/10582.jpg,Cat,0,240,240
PetImages/Cat/10586.jpg,Cat,0,192,149
PetImages/Cat/10587.jpg,Cat,0,500,364
PetImages/Cat/10588.jpg,Cat,0,500,373
PetImages/Cat/10589.jpg,Cat,0,500,424
PetImages/Cat/1059.jpg,Cat,0,500,375
PetImages/Cat/10592.jpg,Cat,0,500,371
PetImages/Cat/10593.jpg,Cat,0,500,381
PetImages/Cat/10594.jpg,Cat,0,500,375
PetImages/Cat/10595.jpg,Cat,0,500,333
PetImages/Cat/10596.jpg,Cat,0,500,375
PetImages/Cat/10597.jpg,Cat,0,500,375
PetImages/Cat/10598.jpg,Cat,0,500,455
PetImages/Cat/10599.jpg,Cat,0,360,270
PetImages/Cat/106.jpg,Cat,0,400,375
PetImages/Cat/1060.jpg,Cat,0,500,375
PetImages/Cat/10600.jpg,Cat,0,400,300
PetImages/Cat/10602.jpg,Cat,0,350,204
PetImages/Cat/10604.jpg,Cat,0,500,375
PetImages/Cat/10605.jpg,Cat,0,288,216
PetImages/Cat/10606.jpg,Cat,0,375,500
PetImages/Cat/10607.jpg,Cat,0,411,500
PetImages/Cat/10608.jpg,Cat,0,408,308
PetImages/Cat/10609.jpg,Cat,0,500,374
PetImages/Cat/10610.jpg,Cat,0,500,375
PetImages/Cat/10611.jpg,Cat,0,500,375
PetImages/Cat/10612.jpg,Cat,0,300,201
PetImages/Cat/10615.jpg,Cat,0,468,380
PetImages/Cat/10616.jpg,Cat,0,460,438
PetImages/Cat/10618.jpg,Cat,0,500,341
PetImages/Cat/10619.jpg,Cat,0,423,458
PetImages/Cat/1062.jpg,Cat,0,480,360
PetImages/Cat/10621.jpg,Cat,0,375,500
PetImages/Cat/10622.jpg,Cat,0,252,126
PetImages/Cat/10623.jpg,Cat,0,416,483
PetImages/Cat/10625.jpg,Cat,0,500,375
PetImages/Cat/10627.jpg,Cat,0,500,375
PetImages/Cat/10628.jpg,Cat,0,199,150
PetImages/Cat/10629.jpg,Cat,0,500,375
PetImages/Cat/1063.jpg,Cat,0,500,300
PetImages/Cat/10630.jpg,Cat,0,375,500
PetImages/Cat/10631.jpg,Cat,0,408,500
PetImages/Cat/10632.jpg,Cat,0,482,361
PetImages/Cat/10633.jpg,Cat,0,500,393
PetImages/Cat/10634.jpg,Cat,0,457,500
PetImages/Cat/10635.jpg,Cat,0,350,449
PetImages/Cat/10638.jpg,Cat,0,250,301
PetImages/Cat/1064.jpg,Cat,0,240,159
PetImages/Cat/10641.jpg,Cat,0,443,374
PetImages/Cat/10643.jpg,Cat,0,269,440
PetImages/Cat/10645.jpg,Cat,0,300,225
PetImages/Cat/10648.jpg,Cat,0,500,375
PetImages/Cat/10652.jpg,Cat,0,500,375
PetImages/Cat/10653.jpg,Cat,0,500,375
PetImages/Cat/10654.jpg,Cat,0,500,375
PetImages/Cat/10655.jpg,Cat,0,470,469
PetImages/Cat/10657.jpg,Cat,0,320,240
PetImages/Cat/10658.jpg,Cat,0,500,375
PetImages/Cat/10659.jpg,Cat,0,500,375
PetImages/Cat/1066.jpg,Cat,0,300,225
PetImages/Cat/10660.jpg,Cat,0,332,500
PetImages/Cat/10661.jpg,Cat,0,308,362
PetImages/Cat/10662.jpg,Cat,0,292,296
PetImages/Cat/10663.jpg,Cat,0,357,500
PetImages/Cat/10666.jpg,Cat,0,489,500
PetImages/Cat/10669.jpg,Cat,0,150,146
PetImages/Cat/1067.jpg,Cat,0,500,375
PetImages/Cat/10670.jpg,Cat,0,350,261
PetImages/Cat/10673.jpg,Cat,0,320,240
PetImages/Cat/10676.jpg,Cat,0,500,375
PetImages/Cat/10677.jpg,Cat,0,500,375
PetImages/Cat/10678.jpg,Cat,0,233,314
PetImages/Cat/1068.jpg,Cat,0,407,399
PetImages/Cat/10680.jpg,Cat,0,413,378
PetImages/Cat/10681.jpg,Cat,0,500,375
PetImages/Cat/10682.jpg,Cat,0,500,383
PetImages/Cat/10684.jpg,Cat,0,500,411
PetImages/Cat/10685.jpg,Cat,0,189,270
PetImages/Cat/10686.jpg,Cat,0,450,438
PetImages/Cat/10687.jpg,Cat,0,500,375
PetImages/Cat/10688.jpg,Cat,0,500,375
PetImages/Cat/1069.jpg,Cat,0,280,226
PetImages/Cat/10690.jpg,Cat,0,500,315
PetImages/Cat/10692.jpg,Cat,0,320,240
PetImages/Cat/10693.jpg,Cat,0,210,214
PetImages/Cat/10694.jpg,Cat,0,356,423
PetImages/Cat/10695.jpg,Cat,0,500,287
PetImages/Cat/10696.jpg,Cat,0,288,172
PetImages/Cat/10697.jpg,Cat,0,500,429
PetImages/Cat/10698.jpg,Cat,0,500,499
PetImages/Cat/10699.jpg,Cat,0,229,236
PetImages/Cat/107.jpg,Cat,0,500,350
PetImages/Cat/1070.jpg,Cat,0,500,375
PetImages/Cat/10702.jpg,Cat,0,500,375
PetImages/Cat/10703.jpg,Cat,0,500,375
PetImages/Cat/10704.jpg,Cat,0,500,375
PetImages/Cat/10705.jpg,Cat,0,466,500
PetImages/Cat/10706.jpg,Cat,0,311,270
PetImages/Cat/10707.jpg,Cat,0,500,374
PetImages/Cat/10708.jpg,Cat,0,500,406
PetImages/Cat/10709.jpg,Cat,0,500,339
PetImages/Cat/1071.jpg,Cat,0,500,400
PetImages/Cat/10712.jpg,Cat,0,500,282
PetImages/Cat/10713.jpg,Cat,0,350,438
PetImages/Cat/10715.jpg,Cat,0,500,382
PetImages/Cat/10716.jpg,Cat,0,500,375
PetImages/Cat/10717.jpg,Cat,0,500,375
PetImages/Cat/10718.jpg,Cat,0,359,208
PetImages/Cat/10720.jpg,Cat,0,299,225
PetImages/Cat/10721.jpg,Cat,0,320,240
PetImages/Cat/10722.jpg,Cat,0,239,183
PetImages/Cat/10723.jpg,Cat,0,451,500
PetImages/Cat/10724.jpg,Cat,0,491,500
PetImages/Cat/10725.jpg,Cat,0,500,304
PetImages/Cat/10726.jpg,Cat,0,500,375
PetImages/Cat/10727.jpg,Cat,0,360,290
PetImages/Cat/10728.jpg,Cat,0,500,250
PetImages/Cat/10729.jpg,Cat,0,500,375
PetImages/Cat/1073.jpg,Cat,0,200,250
PetImages/Cat/10731.jpg,Cat,0,500,257
PetImages/Cat/10732.jpg,Cat,0,357,299
PetImages/Cat/10733.jpg,Cat,0,316,400
PetImages/Cat/10734.jpg,Cat,0,358,326
PetImages/Cat/10735.jpg,Cat,0,168,125
PetImages/Cat/10739.jpg,Cat,0,300,225
PetImages/Cat/1074.jpg,Cat,0,335,327
PetImages/Cat/10740.jpg,Cat,0,357,500
PetImages/Cat/10741.jpg,Cat,0,500,332
PetImages/Cat/10744.jpg,Cat,0,500,333
PetImages/Cat/10747.jpg,Cat,0,500,375
PetImages/Cat/10748.jpg,Cat,0,99,194
PetImages/Cat/10749.jpg,Cat,0,500,405
PetImages/Cat/1075.jpg,Cat,0,500,355
PetImages/Cat/10750.jpg,Cat,0,500,375
PetImages/Cat/10752.jpg,Cat,0,500,375
PetImages/Cat/10753.jpg,Cat,0,500,355
PetImages/Cat/10756.jpg,Cat,0,214,259
PetImages/Cat/10759.jpg,Cat,0,167,125
PetImages/Cat/1076.jpg,Cat,0,300,225
PetImages/Cat/10761.jpg,Cat,0,313,500
PetImages/Cat/10762.jpg,Cat,0,480,347
PetImages/Cat/10763.jpg,Cat,0,500,491
PetImages/Cat/10764.jpg,Cat,0,500,375
PetImages/Cat/10767.jpg,Cat,0,421,500
PetImages/Cat/10768.jpg,Cat,0,500,486
PetImages/Cat/10770.jpg,Cat,0,420,356
PetImages/Cat/10774.jpg,Cat,0,500,375
PetImages/Cat/10775.jpg,Cat,0,500,375
PetImages/Cat/10776.jpg,Cat,0,413,345
PetImages/Cat/10777.jpg,Cat,0,500,475
PetImages/Cat/10778.jpg,Cat,0,500,374
PetImages/Cat/10779.jpg,Cat,0,500,401
PetImages/Cat/1078.jpg,Cat,0,500,375
PetImages/Cat/10780.jpg,Cat,0,500,375
PetImages/Cat/10781.jpg,Cat,0,375,375
PetImages/Cat/10783.jpg,Cat,0,300,225
PetImages/Cat/10784.jpg,Cat,0,500,375
PetImages/Cat/10785.jpg,Cat,0,213,263
PetImages/Cat/10786.jpg,Cat,0,128,140
PetImages/Cat/10787.jpg,Cat,0,500,426
PetImages/Cat/1079.jpg,Cat,0,305,322
PetImages/Cat/10790.jpg,Cat,0,500,375
PetImages/Cat/10791.jpg,Cat,0,452,351
PetImages/Cat/10792.jpg,Cat,0,500,375
PetImages/Cat/10793.jpg,Cat,0,494,500
PetImages/Cat/10794.jpg,Cat,0,500,375
PetImages/Cat/10795.jpg,Cat,0,500,451
PetImages/Cat/10798.jpg,Cat,0,500,300
PetImages/Cat/10799.jpg,Cat,0,405,500
PetImages/Cat/108.jpg,Cat,0,500,332
PetImages/Cat/1080.jpg,Cat,0,500,375
PetImages/Cat/10802.jpg,Cat,0,353,500
PetImages/Cat/10803.jpg,Cat,0,500,375
PetImages/Cat/10805.jpg,Cat,0,200,200
PetImages/Cat/10806.jpg,Cat,0,500,358
PetImages/Cat/10807.jpg,Cat,0,144,86
PetImages/Cat/10809.jpg,Cat,0,100,110
PetImages/Cat/1081.jpg,Cat,0,500,375
PetImages/Cat/10810.jpg,Cat,0,500,375
PetImages/Cat/10811.jpg,Cat,0,500,271
PetImages/Cat/10812.jpg,Cat,0,430,355
PetImages/Cat/10815.jpg,Cat,0,500,375
PetImages/Cat/10816.jpg,Cat,0,500,375
PetImages/Cat/10818.jpg,Cat,0,500,482
PetImages/Cat/10819.jpg,Cat,0,350,262
PetImages/Cat/1082.jpg,Cat,0,333,500
PetImages/Cat/10820.jpg,Cat,0,288,282
PetImages/Cat/10822.jpg,Cat,0,500,375
PetImages/Cat/10823.jpg,Cat,0,500,375
PetImages/Cat/10826.jpg,Cat,0,500,454
PetImages/Cat/10827.jpg,Cat,0,500,375
PetImages/Cat/10828.jpg,Cat,0,500,375
PetImages/Cat/1083.jpg,Cat,0,500,468
PetImages/Cat/10830.jpg,Cat,0,482,428
PetImages/Cat/10831.jpg,Cat,0,480,360
PetImages/Cat/10832.jpg,Cat,0,244,350
PetImages/Cat/10833.jpg,Cat,0,500,375
PetImages/Cat/10834.jpg,Cat,0,241,282
PetImages/Cat/10837.jpg,Cat,0,500,452
PetImages/Cat/10838.jpg,Cat,0,240,180
PetImages/Cat/10839.jpg,Cat,0,500,375
PetImages/Cat/10840.jpg,Cat,0,356,499
PetImages/Cat/10841.jpg,Cat,0,500,375
PetImages/Cat/10843.jpg,Cat,0,500,375
PetImages/Cat/10844.jpg,Cat,0,200,220
PetImages/Cat/10845.jpg,Cat,0,402,400
PetImages/Cat/10846.jpg,Cat,0,500,375
PetImages/Cat/10849.jpg,Cat,0,340,478
PetImages/Cat/1085.jpg,Cat,0,500,375
PetImages/Cat/10852.jpg,Cat,0,413,500
PetImages/Cat/10853.jpg,Cat,0,500,375
PetImages/Cat/10854.jpg,Cat,0,77,125
PetImages/Cat/10855.jpg,Cat,0,318,353
PetImages/Cat/10856.jpg,Cat,0,500,375
PetImages/Cat/10857.jpg,Cat,0,196,148
PetImages/Cat/10858.jpg,Cat,0,375,500
PetImages/Cat/10859.jpg,Cat,0,500,375
PetImages/Cat/10862.jpg,Cat,0,500,375
PetImages/Cat/10864.jpg,Cat,0,378,377
PetImages/Cat/10866.jpg,Cat,0,500,391
PetImages/Cat/10867.jpg,Cat,0,379,188
PetImages/Cat/10868.jpg,Cat,0,360,270
PetImages/Cat/10869.jpg,Cat,0,500,375
PetImages/Cat/10870.jpg,Cat,0,500,375
PetImages/Cat/10873.jpg,Cat,0,500,375
PetImages/Cat/10874.jpg,Cat,0,202,241
PetImages/Cat/10875.jpg,Cat,0,418,500
PetImages/Cat/10876.jpg,Cat,0,500,446
PetImages/Cat/10878.jpg,Cat,0,362,396
PetImages/Cat/10879.jpg,Cat,0,500,375
PetImages/Cat/1088.jpg,Cat,0,360,270
PetImages/Cat/10882.jpg,Cat,0,250,250
PetImages/Cat/10883.jpg,Cat,0,426,314
PetImages/Cat/10884.jpg,Cat,0,500,464
PetImages/Cat/10887.jpg,Cat,0,367,500
PetImages/Cat/10888.jpg,Cat,0,500,375
PetImages/Cat/1089.jpg,Cat,0,500,333
PetImages/Cat/10892.jpg,Cat,0,500,375
PetImages/Cat/10893.jpg,Cat,0,100,75
PetImages/Cat/10895.jpg,Cat,0,500,375
PetImages/Cat/10898.jpg,Cat,0,500,375
PetImages/Cat/10899.jpg,Cat,0,500,375
PetImages/Cat/109.jpg,Cat,0,500,375
PetImages/Cat/1090.jpg,Cat,0,500,451
PetImages/Cat/10900.jpg,Cat,0,185,225
PetImages/Cat/10901.jpg,Cat,0,500,375
PetImages/Cat/10902.jpg,Cat,0,404,411
PetImages/Cat/10903.jpg,Cat,0,500,375
PetImages/Cat/10904.jpg,Cat,0,500,375
PetImages/Cat/10905.jpg,Cat,0,500,374
PetImages/Cat/10908.jpg,Cat,0,450,400
PetImages/Cat/1091.jpg,Cat,0,350,206
PetImages/Cat/10910.jpg,Cat,0,320,240
PetImages/Cat/10911.jpg,Cat,0,250,186
PetImages/Cat/10913.jpg,Cat,0,500,264
PetImages/Cat/10914.jpg,Cat,0,394,500
PetImages/Cat/10916.jpg,Cat,0,500,375
PetImages/Cat/10917.jpg,Cat,0,500,485
PetImages/Cat/10918.jpg,Cat,0,500,435
PetImages/Cat/10919.jpg,Cat,0,500,317
PetImages/Cat/10920.jpg,Cat,0,315,168
PetImages/Cat/10921.jpg,Cat,0,227,254
PetImages/Cat/10922.jpg,Cat,0,500,375
PetImages/Cat/10924.jpg,Cat,0,500,375
PetImages/Cat/10925.jpg,Cat,0,125,94
PetImages/Cat/10926.jpg,Cat,0,306,348
PetImages/Cat/10928.jpg,Cat,0,360,270
PetImages/Cat/10931.jpg,Cat,0,500,375
PetImages/Cat/10932.jpg,Cat,0,480,360
PetImages/Cat/10935.jpg,Cat,0,500,375
PetImages/Cat/10936.jpg,Cat,0,500,334
PetImages/Cat/10938.jpg,Cat,0,500,375
PetImages/Cat/1094.jpg,Cat,0,500,410
PetImages/Cat/10940.jpg,Cat,0,320,240
PetImages/Cat/10942.jpg,Cat,0,333,500
PetImages/Cat/10943.jpg,Cat,0,500,331
PetImages/Cat/10945.jpg,Cat,0,500,400
PetImages/Cat/10946.jpg,Cat,0,375,500
PetImages/Cat/10947.jpg,Cat,0,500,375
PetImages/Cat/10949.jpg,Cat,0,247,300
PetImages/Cat/1095.jpg,Cat,0,500,375
PetImages/Cat/10950.jpg,Cat,0,350,415
PetImages/Cat/10951.jpg,Cat,0,500,388
PetImages/Cat/10952.jpg,Cat,0,389,192
PetImages/Cat/10953.jpg,Cat,0,500,418
PetImages/Cat/10955.jpg,Cat,0,300,300
PetImages/Cat/10956.jpg,Cat,0,400,267
PetImages/Cat/10957.jpg,Cat,0,417,416
PetImages/Cat/10958.jpg,Cat,0,238,500
PetImages/Cat/10959.jpg,Cat,0,480,336
PetImages/Cat/1096.jpg,Cat,0,380,285
PetImages/Cat/10961.jpg,Cat,0,320,224
PetImages/Cat/10962.jpg,Cat,0,150,200
PetImages/Cat/10963.jpg,Cat,0,500,464
PetImages/Cat/10964.jpg,Cat,0,449,500
PetImages/Cat/10965.jpg,Cat,0,500,392
PetImages/Cat/10968.jpg,Cat,0,500,260
PetImages/Cat/1097.jpg,Cat,0,500,333
PetImages/Cat/10970.jpg,Cat,0,288,280
PetImages/Cat/10971.jpg,Cat,0,500,375
PetImages/Cat/10974.jpg,Cat,0,500,482
PetImages/Cat/10975.jpg,Cat,0,500,212
PetImages/Cat/10976.jpg,Cat,0,500,375
PetImages/Cat/10977.jpg,Cat,0,500,375
PetImages/Cat/10978.jpg,Cat,0,355,356
PetImages/Cat/10979.jpg,Cat,0,500,375
PetImages/Cat/1098.jpg,Cat,0,315,399
PetImages/Cat/10980.jpg,Cat,0,500,375
PetImages/Cat/10981.jpg,Cat,0,350,232
PetImages/Cat/10982.jpg,Cat,0,500,375
PetImages/Cat/10983.jpg,Cat,0,431,500
PetImages/Cat/10984.jpg,Cat,0,500,430
PetImages/Cat/10985.jpg,Cat,0,500,375
PetImages/Cat/10986.jpg,Cat,0,333,500
PetImages/Cat/10990.jpg,Cat,0,382,500
PetImages/Cat/10992.jpg,Cat,0,500,317
PetImages/Cat/10994.jpg,Cat,0,500,375
PetImages/Cat/10996.jpg,Cat,0,200,166
PetImages/Cat/10997.jpg,Cat,0,157,216
PetImages/Cat/10998.jpg,Cat,0,500,375
PetImages/Cat/10999.jpg,Cat,0,320,240
PetImages/Cat/110.jpg,Cat,0,375,500
PetImages/Cat/1100.jpg,Cat,0,500,460
PetImages/Cat/11000.jpg,Cat,0,500,332
PetImages/Cat/11001.jpg,Cat,0,500,375
PetImages/Cat/11003.jpg,Cat,0,385,500
PetImages/Cat/11007.jpg,Cat,0,500,375
PetImages/Cat/11009.jpg,Cat,0,400,425
PetImages/Cat/1101.jpg,Cat,0,500,375
PetImages/Cat/11011.jpg,Cat,0,500,375
PetImages/Cat/11014.jpg,Cat,0,500,375
PetImages/Cat/11015.jpg,Cat,0,398,500
PetImages/Cat/11017.jpg,Cat,0,295,201
PetImages/Cat/11018.jpg,Cat,0,329,246
PetImages/Cat/11019.jpg,Cat,0,500,500
PetImages/Cat/11020.jpg,Cat,0,500,375
PetImages/Cat/11023.jpg,Cat,0,500,375
PetImages/Cat/11024.jpg,Cat,0,480,480
PetImages/Cat/11026.jpg,Cat,0,207,382
PetImages/Cat/11027.jpg,Cat,0,500,375
PetImages/Cat/11029.jpg,Cat,0,500,375
PetImages/Cat/1103.jpg,Cat,0,360,270
PetImages/Cat/11030.jpg,Cat,0,443,500
PetImages/Cat/11031.jpg,Cat,0,500,375
PetImages/Cat/11032.jpg,Cat,0,133,152
PetImages/Cat/11033.jpg,Cat,0,421,500
PetImages/Cat/11034.jpg,Cat,0,500,385
PetImages/Cat/11035.jpg,Cat,0,500,375
PetImages/Cat/11036.jpg,Cat,0,466,500
PetImages/Cat/11037.jpg,Cat,0,375,500
PetImages/Cat/11038.jpg,Cat,0,500,403
PetImages/Cat/11039.jpg,Cat,0,318,480
PetImages/Cat/1104.jpg,Cat,0,445,500
PetImages/Cat/11041.jpg,Cat,0,500,375
PetImages/Cat/11042.jpg,Cat,0,479,500
PetImages/Cat/11044.jpg,Cat,0,200,150
PetImages/Cat/11045.jpg,Cat,0,147,110
PetImages/Cat/11047.jpg,Cat,0,379,289
PetImages/Cat/11048.jpg,Cat,0,500,375
PetImages/Cat/1105.jpg,Cat,0,500,375
PetImages/Cat/11050.jpg,Cat,0,500,377
PetImages/Cat/11051.jpg,Cat,0,500,375
PetImages/Cat/11052.jpg,Cat,0,500,375
PetImages/Cat/11053.jpg,Cat,0,345,254
PetImages/Cat/11054.jpg,Cat,0,320,267
PetImages/Cat/11055.jpg,Cat,0,500,375
PetImages/Cat/11056.jpg,Cat,0,500,484
PetImages/Cat/11057.jpg,Cat,0,239,250
PetImages/Cat/11058.jpg,Cat,0,383,500
PetImages/Cat/1106.jpg,Cat,0,398,500
PetImages/Cat/11060.jpg,Cat,0,212,500
PetImages/Cat/11061.jpg,Cat,0,500,333
PetImages/Cat/11062.jpg,Cat,0,500,191
PetImages/Cat/11063.jpg,Cat,0,500,375
PetImages/Cat/11064.jpg,Cat,0,500,375
PetImages/Cat/11065.jpg,Cat,0,375,500
PetImages/Cat/11067.jpg,Cat,0,500,339
PetImages/Cat/11068.jpg,Cat,0,500,375
PetImages/Cat/11069.jpg,Cat,0,437,360
PetImages/Cat/11071.jpg,Cat,0,351,334
PetImages/Cat/11074.jpg,Cat,0,448,303
PetImages/Cat/11075.jpg,Cat,0,432,324
PetImages/Cat/11076.jpg,Cat,0,499,303
PetImages/Cat/11078.jpg,Cat,0,226,400
PetImages/Cat/11079.jpg,Cat,0,500,402
PetImages/Cat/1108.jpg,Cat,0,500,307
PetImages/Cat/11081.jpg,Cat,0,500,333
PetImages/Cat/11082.jpg,Cat,0,167,240
PetImages/Cat/11083.jpg,Cat,0,480,469
PetImages/Cat/11085.jpg,Cat,0,500,375
PetImages/Cat/11088.jpg,Cat,0,500,375
PetImages/Cat/1109.jpg,Cat,0,500,375
PetImages/Cat/11091.jpg,Cat,0,90,82
PetImages/Cat/11094.jpg,Cat,0,100,88
PetImages/Cat/11095.jpg,Cat,0,173,219
PetImages/Cat/11096.jpg,Cat,0,192,124
PetImages/Cat/11097.jpg,Cat,0,500,375
PetImages/Cat/11099.jpg,Cat,0,355,500
PetImages/Cat/11100.jpg,Cat,0,356,270
PetImages/Cat/11103.jpg,Cat,0,280,315
PetImages/Cat/11104.jpg,Cat,0,500,375
PetImages/Cat/11109.jpg,Cat,0,140,105
PetImages/Cat/11110.jpg,Cat,0,500,333
PetImages/Cat/11111.jpg,Cat,0,500,375
PetImages/Cat/11112.jpg,Cat,0,500,375
PetImages/Cat/11113.jpg,Cat,0,180,186
PetImages/Cat/11114.jpg,Cat,0,500,405
PetImages/Cat/11115.jpg,Cat,0,250,222
PetImages/Cat/11116.jpg,Cat,0,500,375
PetImages/Cat/11118.jpg,Cat,0,500,375
PetImages/Cat/11119.jpg,Cat,0,500,333
PetImages/Cat/1112.jpg,Cat,0,480,500
PetImages/Cat/11120.jpg,Cat,0,500,307
PetImages/Cat/11121.jpg,Cat,0,382,500
PetImages/Cat/11123.jpg,Cat,0,191,143
PetImages/Cat/11124.jpg,Cat,0,500,375
PetImages/Cat/11125.jpg,Cat,0,493,373
PetImages/Cat/11126.jpg,Cat,0,350,464
PetImages/Cat/11127.jpg,Cat,0,500,375
PetImages/Cat/11129.jpg,Cat,0,320,426
PetImages/Cat/11131.jpg,Cat,0,500,375
PetImages/Cat/11133.jpg,Cat,0,404,250
PetImages/Cat/11135.jpg,Cat,0,340,331
PetImages/Cat/11136.jpg,Cat,0,252,180
PetImages/Cat/11137.jpg,Cat,0,448,271
PetImages/Cat/11138.jpg,Cat,0,500,375
PetImages/Cat/1114.jpg,Cat,0,500,244
PetImages/Cat/11140.jpg,Cat,0,500,377
PetImages/Cat/11141.jpg,Cat,0,250,250
PetImages/Cat/11142.jpg,Cat,0,500,332
PetImages/Cat/11143.jpg,Cat,0,356,306
PetImages/Cat/11146.jpg,Cat,0,500,375
PetImages/Cat/11147.jpg,Cat,0,240,240
PetImages/Cat/11149.jpg,Cat,0,220,500
PetImages/Cat/1115.jpg,Cat,0,375,500
PetImages/Cat/11150.jpg,Cat,0,500,375
PetImages/Cat/11151.jpg,Cat,0,360,500
PetImages/Cat/11153.jpg,Cat,0,466,500
PetImages/Cat/11154.jpg,Cat,0,500,375
PetImages/Cat/11155.jpg,Cat,0,240,320
PetImages/Cat/11157.jpg,Cat,0,343,360
PetImages/Cat/11163.jpg,Cat,0,300,200
PetImages/Cat/11164.jpg,Cat,0,500,287
PetImages/Cat/11166.jpg,Cat,0,399,500
PetImages/Cat/11167.jpg,Cat,0,360,320
PetImages/Cat/11168.jpg,Cat,0,500,333
PetImages/Cat/11169.jpg,Cat,0,318,360
PetImages/Cat/1117.jpg,Cat,0,500,375
PetImages/Cat/11170.jpg,Cat,0,500,375
PetImages/Cat/11171.jpg,Cat,0,314,235
PetImages/Cat/11172.jpg,Cat,0,185,139
PetImages/Cat/11174.jpg,Cat,0,347,400
PetImages/Cat/11175.jpg,Cat,0,500,375
PetImages/Cat/11176.jpg,Cat,0,193,238
PetImages/Cat/11179.jpg,Cat,0,500,393
PetImages/Cat/11181.jpg,Cat,0,500,453
PetImages/Cat/11183.jpg,Cat,0,360,270
PetImages/Cat/11184.jpg,Cat,0,333,500
PetImages/Cat/11186.jpg,Cat,0,320,240
PetImages/Cat/11187.jpg,Cat,0,440,500
PetImages/Cat/11189.jpg,Cat,0,320,234
PetImages/Cat/1119.jpg,Cat,0,500,375
PetImages/Cat/11190.jpg,Cat,0,500,333
PetImages/Cat/11191.jpg,Cat,0,500,333
PetImages/Cat/11192.jpg,Cat,0,500,375
PetImages/Cat/11193.jpg,Cat,0,192,144
PetImages/Cat/11195.jpg,Cat,0,500,294
PetImages/Cat/11196.jpg,Cat,0,480,323
PetImages/Cat/11197.jpg,Cat,0,500,375
PetImages/Cat/11198.jpg,Cat,0,400,300
PetImages/Cat/11200.jpg,Cat,0,500,432
PetImages/Cat/11201.jpg,Cat,0,500,375
PetImages/Cat/11202.jpg,Cat,0,410,353
PetImages/Cat/11204.jpg,Cat,0,450,296
PetImages/Cat/11207.jpg,Cat,0,500,364
PetImages/Cat/11208.jpg,Cat,0,500,375
PetImages/Cat/11209.jpg,Cat,0,411,500
PetImages/Cat/1121.jpg,Cat,0,500,457
PetImages/Cat/11210.jpg,Cat,0,328,485
PetImages/Cat/11212.jpg,Cat,0,239,205
PetImages/Cat/11213.jpg,Cat,0,299,303
PetImages/Cat/11216.jpg,Cat,0,459,437
PetImages/Cat/11217.jpg,Cat,0,400,300
PetImages/Cat/11218.jpg,Cat,0,500,357
PetImages/Cat/11219.jpg,Cat,0,175,182
PetImages/Cat/1122.jpg,Cat,0,451,480
PetImages/Cat/11220.jpg,Cat,0,131,129
PetImages/Cat/11221.jpg,Cat,0,326,500
PetImages/Cat/11222.jpg,Cat,0,390,258
PetImages/Cat/11223.jpg,Cat,0,492,500
PetImages/Cat/11224.jpg,Cat,0,333,500
PetImages/Cat/11225.jpg,Cat,0,150,225
PetImages/Cat/11226.jpg,Cat,0,500,375
PetImages/Cat/11227.jpg,Cat,0,360,270
PetImages/Cat/11228.jpg,Cat,0,217,121
PetImages/Cat/1123.jpg,Cat,0,500,409
PetImages/Cat/11230.jpg,Cat,0,464,397
PetImages/Cat/11231.jpg,Cat,0,500,375
PetImages/Cat/11232.jpg,Cat,0,350,280
PetImages/Cat/11236.jpg,Cat,0,200,335
PetImages/Cat/11237.jpg,Cat,0,480,500
PetImages/Cat/11238.jpg,Cat,0,320,240
PetImages/Cat/11240.jpg,Cat,0,477,478
PetImages/Cat/11241.jpg,Cat,0,500,375
PetImages/Cat/11242.jpg,Cat,0,500,500
PetImages/Cat/11243.jpg,Cat,0,500,375
PetImages/Cat/11244.jpg,Cat,0,373,302
PetImages/Cat/11248.jpg,Cat,0,500,375
PetImages/Cat/11250.jpg,Cat,0,500,290
PetImages/Cat/11251.jpg,Cat,0,350,262
PetImages/Cat/11253.jpg,Cat,0,500,375
PetImages/Cat/11254.jpg,Cat,0,375,500
PetImages/Cat/11256.jpg,Cat,0,500,375
PetImages/Cat/11257.jpg,Cat,0,170,127
PetImages/Cat/11258.jpg,Cat,0,500,375
PetImages/Cat/11261.jpg,Cat,0,200,259
PetImages/Cat/11263.jpg,Cat,0,183,92
PetImages/Cat/11264.jpg,Cat,0,500,375
PetImages/Cat/11265.jpg,Cat,0,500,375
PetImages/Cat/11266.jpg,Cat,0,500,332
PetImages/Cat/11267.jpg,Cat,0,500,375
PetImages/Cat/11269.jpg,Cat,0,282,393
PetImages/Cat/1127.jpg,Cat,0,391,500
PetImages/Cat/11271.jpg,Cat,0,213,336
PetImages/Cat/11272.jpg,Cat,0,500,334
PetImages/Cat/11273.jpg,Cat,0,500,476
PetImages/Cat/11277.jpg,Cat,0,239,300
PetImages/Cat/11278.jpg,Cat,0,500,375
PetImages/Cat/11280.jpg,Cat,0,300,237
PetImages/Cat/11281.jpg,Cat,0,288,303
PetImages/Cat/11282.jpg,Cat,0,500,364
PetImages/Cat/11283.jpg,Cat,0,500,337
PetImages/Cat/11285.jpg,Cat,0,235,319
PetImages/Cat/11286.jpg,Cat,0,500,348
PetImages/Cat/11287.jpg,Cat,0,470,230
PetImages/Cat/11288.jpg,Cat,0,382,500
PetImages/Cat/11289.jpg,Cat,0,500,375
PetImages/Cat/1129.jpg,Cat,0,500,375
PetImages/Cat/11292.jpg,Cat,0,447,500
PetImages/Cat/11293.jpg,Cat,0,500,375
PetImages/Cat/11294.jpg,Cat,0,352,500
PetImages/Cat/11297.jpg,Cat,0,500,390
PetImages/Cat/11298.jpg,Cat,0,216,216
PetImages/Cat/11299.jpg,Cat,0,300,500
PetImages/Cat/113.jpg,Cat,0,410,308
PetImages/Cat/1130.jpg,Cat,0,500,401
PetImages/Cat/11300.jpg,Cat,0,500,375
PetImages/Cat/11301.jpg,Cat,0,300,300
PetImages/Cat/11302.jpg,Cat,0,500,375
PetImages/Cat/11303.jpg,Cat,0,500,475
PetImages/Cat/11304.jpg,Cat,0,252,216
PetImages/Cat/11305.jpg,Cat,0,500,375
PetImages/Cat/11306.jpg,Cat,0,500,332
PetImages/Cat/11307.jpg,Cat,0,500,375
PetImages/Cat/11308.jpg,Cat,0,403,500
PetImages/Cat/11309.jpg,Cat,0,350,262
PetImages/Cat/1131.jpg,Cat,0,484,500
PetImages/Cat/11310.jpg,Cat,0,500,291
PetImages/Cat/11311.jpg,Cat,0,404,336
PetImages/Cat/11312.jpg,Cat,0,303,500
PetImages/Cat/11314.jpg,Cat,0,176,270
PetImages/Cat/11316.jpg,Cat,0,500,375
PetImages/Cat/11317.jpg,Cat,0,205,190
PetImages/Cat/11319.jpg,Cat,0,500,375
PetImages/Cat/1132.jpg,Cat,0,500,335
PetImages/Cat/11320.jpg,Cat,0,500,375
PetImages/Cat/11321.jpg,Cat,0,500,375
PetImages/Cat/11322.jpg,Cat,0,500,375
PetImages/Cat/11323.jpg,Cat,0,500,269
PetImages/Cat/11326.jpg,Cat,0,500,375
PetImages/Cat/11327.jpg,Cat,0,500,400
PetImages/Cat/11330.jpg,Cat,0,408,500
PetImages/Cat/11331.jpg,Cat,0,111,116
PetImages/Cat/11332.jpg,Cat,0,500,375
PetImages/Cat/11333.jpg,Cat,0,500,375
PetImages/Cat/11334.jpg,Cat,0,320,240
PetImages/Cat/11335.jpg,Cat,0,500,483
PetImages/Cat/11336.jpg,Cat,0,500,451
PetImages/Cat/11338.jpg,Cat,0,500,375
PetImages/Cat/11339.jpg,Cat,0,383,336
PetImages/Cat/1134.jpg,Cat,0,199,220
PetImages/Cat/11340.jpg,Cat,0,500,375
PetImages/Cat/11342.jpg,Cat,0,136,119
PetImages/Cat/11344.jpg,Cat,0,500,375
PetImages/Cat/11345.jpg,Cat,0,500,375
PetImages/Cat/11347.jpg,Cat,0,375,500
PetImages/Cat/11350.jpg,Cat,0,500,375
PetImages/Cat/11351.jpg,Cat,0,154,111
PetImages/Cat/11353.jpg,Cat,0,464,500
PetImages/Cat/11354.jpg,Cat,0,447,500
PetImages/Cat/11355.jpg,Cat,0,357,434
PetImages/Cat/11356.jpg,Cat,0,434,500
PetImages/Cat/11357.jpg,Cat,0,500,375
PetImages/Cat/11359.jpg,Cat,0,336,329
PetImages/Cat/11360.jpg,Cat,0,350,266
PetImages/Cat/11361.jpg,Cat,0,500,471
PetImages/Cat/11362.jpg,Cat,0,500,335
PetImages/Cat/11363.jpg,Cat,0,500,375
PetImages/Cat/11365.jpg,Cat,0,500,374
PetImages/Cat/11366.jpg,Cat,0,500,375
PetImages/Cat/11367.jpg,Cat,0,185,152
PetImages/Cat/11368.jpg,Cat,0,200,200
PetImages/Cat/11376.jpg,Cat,0,500,400
PetImages/Cat/11377.jpg,Cat,0,500,352
PetImages/Cat/11378.jpg,Cat,0,480,360
PetImages/Cat/1138.jpg,Cat,0,200,140
PetImages/Cat/11380.jpg,Cat,0,500,500
PetImages/Cat/11381.jpg,Cat,0,500,238
PetImages/Cat/11382.jpg,Cat,0,200,270
PetImages/Cat/11383.jpg,Cat,0,322,485
PetImages/Cat/11384.jpg,Cat,0,500,438
PetImages/Cat/11385.jpg,Cat,0,500,430
PetImages/Cat/11386.jpg,Cat,0,500,375
PetImages/Cat/11387.jpg,Cat,0,375,500
PetImages/Cat/11389.jpg,Cat,0,388,480
PetImages/Cat/1139.jpg,Cat,0,500,372
PetImages/Cat/11391.jpg,Cat,0,284,316
PetImages/Cat/11392.jpg,Cat,0,500,375
PetImages/Cat/11394.jpg,Cat,0,360,251
PetImages/Cat/11395.jpg,Cat,0,500,325
PetImages/Cat/11396.jpg,Cat,0,500,375
PetImages/Cat/11397.jpg,Cat,0,394,300
PetImages/Cat/11398.jpg,Cat,0,500,378
PetImages/Cat/114.jpg,Cat,0,350,262
PetImages/Cat/11401.jpg,Cat,0,500,375
PetImages/Cat/11403.jpg,Cat,0,500,439
PetImages/Cat/11404.jpg,Cat,0,441,500
PetImages/Cat/11406.jpg,Cat,0,431,449
PetImages/Cat/11407.jpg,Cat,0,500,375
PetImages/Cat/11408.jpg,Cat,0,500,304
PetImages/Cat/11409.jpg,Cat,0,500,375
PetImages/Cat/1141.jpg,Cat,0,489,500
PetImages/Cat/11410.jpg,Cat,0,450,458
PetImages/Cat/11411.jpg,Cat,0,500,375
PetImages/Cat/11412.jpg,Cat,0,195,291
PetImages/Cat/11413.jpg,Cat,0,384,356
PetImages/Cat/11414.jpg,Cat,0,500,400
PetImages/Cat/11415.jpg,Cat,0,367,447
PetImages/Cat/11416.jpg,Cat,0,500,375
PetImages/Cat/11418.jpg,Cat,0,500,375
PetImages/Cat/11419.jpg,Cat,0,350,262
PetImages/Cat/1142.jpg,Cat,0,500,375
PetImages/Cat/11421.jpg,Cat,0,317,500
PetImages/Cat/11423.jpg,Cat,0,500,375
PetImages/Cat/11425.jpg,Cat,0,500,333
PetImages/Cat/11427.jpg,Cat,0,500,375
PetImages/Cat/11428.jpg,Cat,0,330,448
PetImages/Cat/11430.jpg,Cat,0,258,500
PetImages/Cat/11431.jpg,Cat,0,374,500
PetImages/Cat/11432.jpg,Cat,0,480,360
PetImages/Cat/11433.jpg,Cat,0,200,200
PetImages/Cat/11434.jpg,Cat,0,500,375
PetImages/Cat/11435.jpg,Cat,0,500,396
PetImages/Cat/11438.jpg,Cat,0,500,375
PetImages/Cat/11439.jpg,Cat,0,500,375
PetImages/Cat/1144.jpg,Cat,0,266,239
PetImages/Cat/11441.jpg,Cat,0,432,324
PetImages/Cat/11442.jpg,Cat,0,500,375
PetImages/Cat/11443.jpg,Cat,0,300,225
PetImages/Cat/11444.jpg,Cat,0,360,221
PetImages/Cat/11445.jpg,Cat,0,500,375
PetImages/Cat/11446.jpg,Cat,0,464,500
PetImages/Cat/11447.jpg,Cat,0,500,375
PetImages/Cat/11449.jpg,Cat,0,450,291
PetImages/Cat/1145.jpg,Cat,0,500,334
PetImages/Cat/11451.jpg,Cat,0,264,500
PetImages/Cat/11452.jpg,Cat,0,500,375
PetImages/Cat/11453.jpg,Cat,0,320,240
PetImages/Cat/11454.jpg,Cat,0,500,375
PetImages/Cat/11455.jpg,Cat,0,500,254
PetImages/Cat/11456.jpg,Cat,0,397,336
PetImages/Cat/11460.jpg,Cat,0,500,375
PetImages/Cat/11462.jpg,Cat,0,454,426
PetImages/Cat/11463.jpg,Cat,0,500,375
PetImages/Cat/11464.jpg,Cat,0,375,500
PetImages/Cat/11466.jpg,Cat,0,149,192
PetImages/Cat/11468.jpg,Cat,0,321,500
PetImages/Cat/11469.jpg,Cat,0,286,410
PetImages/Cat/1147.jpg,Cat,0,237,433
PetImages/Cat/11470.jpg,Cat,0,344,464
PetImages/Cat/11472.jpg,Cat,0,500,375
PetImages/Cat/11475.jpg,Cat,0,500,373
PetImages/Cat/11476.jpg,Cat,0,500,403
PetImages/Cat/11478.jpg,Cat,0,314,235
PetImages/Cat/11480.jpg,Cat,0,200,186
PetImages/Cat/11481.jpg,Cat,0,417,500
PetImages/Cat/11482.jpg,Cat,0,500,375
PetImages/Cat/11483.jpg,Cat,0,469,500
PetImages/Cat/11484.jpg,Cat,0,200,124
PetImages/Cat/11487.jpg,Cat,0,320,240
PetImages/Cat/11488.jpg,Cat,0,500,374
PetImages/Cat/1149.jpg,Cat,0,320,240
PetImages/Cat/11490.jpg,Cat,0,286,292
PetImages/Cat/11491.jpg,Cat,0,500,375
PetImages/Cat/11492.jpg,Cat,0,500,375
PetImages/Cat/11493.jpg,Cat,0,500,420
PetImages/Cat/11494.jpg,Cat,0,500,389
PetImages/Cat/11495.jpg,Cat,0,500,375
PetImages/Cat/11496.jpg,Cat,0,500,375
PetImages/Cat/11497.jpg,Cat,0,350,232
PetImages/Cat/11499.jpg,Cat,0,150,150
PetImages/Cat/1150.jpg,Cat,0,300,200
PetImages/Cat/11500.jpg,Cat,0,338,500
PetImages/Cat/11501.jpg,Cat,0,235,143
PetImages/Cat/11502.jpg,Cat,0,500,375
PetImages/Cat/11504.jpg,Cat,0,115,77
PetImages/Cat/11505.jpg,Cat,0,500,385
PetImages/Cat/1151.jpg,Cat,0,239,216
PetImages/Cat/11510.jpg,Cat,0,500,357
PetImages/Cat/11511.jpg,Cat,0,150,156
PetImages/Cat/11514.jpg,Cat,0,500,375
PetImages/Cat/11515.jpg,Cat,0,418,233
PetImages/Cat/11516.jpg,Cat,0,205,230
PetImages/Cat/11517.jpg,Cat,0,430,336
PetImages/Cat/11519.jpg,Cat,0,429,500
PetImages/Cat/11520.jpg,Cat,0,432,177
PetImages/Cat/11521.jpg,Cat,0,387,400
PetImages/Cat/11523.jpg,Cat,0,332,500
PetImages/Cat/11526.jpg,Cat,0,384,288
PetImages/Cat/11527.jpg,Cat,0,500,335
PetImages/Cat/11528.jpg,Cat,0,500,414
PetImages/Cat/11529.jpg,Cat,0,320,240
PetImages/Cat/11530.jpg,Cat,0,200,298
PetImages/Cat/11531.jpg,Cat,0,280,167
PetImages/Cat/11532.jpg,Cat,0,500,375
PetImages/Cat/11533.jpg,Cat,0,500,375
PetImages/Cat/11534.jpg,Cat,0,500,375
PetImages/Cat/11535.jpg,Cat,0,384,289
PetImages/Cat/11536.jpg,Cat,0,500,375
PetImages/Cat/11537.jpg,Cat,0,500,375
PetImages/Cat/1154.jpg,Cat,0,500,400
PetImages/Cat/11540.jpg,Cat,0,500,396
PetImages/Cat/11541.jpg,Cat,0,500,375
PetImages/Cat/11542.jpg,Cat,0,350,262
PetImages/Cat/11543.jpg,Cat,0,500,323
PetImages/Cat/11544.jpg,Cat,0,200,179
PetImages/Cat/11545.jpg,Cat,0,500,375
PetImages/Cat/11546.jpg,Cat,0,280,320
PetImages/Cat/11547.jpg,Cat,0,334,500
PetImages/Cat/11548.jpg,Cat,0,240,207
PetImages/Cat/11549.jpg,Cat,0,300,272
PetImages/Cat/1155.jpg,Cat,0,500,375
PetImages/Cat/11550.jpg,Cat,0,500,329
PetImages/Cat/11551.jpg,Cat,0,429,500
PetImages/Cat/11552.jpg,Cat,0,250,200
PetImages/Cat/11554.jpg,Cat,0,295,199
PetImages/Cat/11556.jpg,Cat,0,330,228
PetImages/Cat/11557.jpg,Cat,0,200,151
PetImages/Cat/1156.jpg,Cat,0,480,430
PetImages/Cat/11560.jpg,Cat,0,500,346
PetImages/Cat/11561.jpg,Cat,0,500,500
PetImages/Cat/11563.jpg,Cat,0,391,406
PetImages/Cat/11564.jpg,Cat,0,300,163
PetImages/Cat/11565.jpg,Cat,0,178,160
PetImages/Cat/11567.jpg,Cat,0,500,375
PetImages/Cat/11570.jpg,Cat,0,500,375
PetImages/Cat/11571.jpg,Cat,0,167,125
PetImages/Cat/11572.jpg,Cat,0,500,447
PetImages/Cat/11573.jpg,Cat,0,223,205
PetImages/Cat/11576.jpg,Cat,0,316,500
PetImages/Cat/11577.jpg,Cat,0,223,313
PetImages/Cat/11578.jpg,Cat,0,449,500
PetImages/Cat/11579.jpg,Cat,0,223,177
PetImages/Cat/11580.jpg,Cat,0,492,500
PetImages/Cat/11581.jpg,Cat,0,227,280
PetImages/Cat/11583.jpg,Cat,0,259,500
PetImages/Cat/11584.jpg,Cat,0,442,444
PetImages/Cat/11585.jpg,Cat,0,500,375
PetImages/Cat/11586.jpg,Cat,0,500,375
PetImages/Cat/11587.jpg,Cat,0,500,436
PetImages/Cat/11588.jpg,Cat,0,466,480
PetImages/Cat/1159.jpg,Cat,0,248,449
PetImages/Cat/11590.jpg,Cat,0,500,375
PetImages/Cat/11592.jpg,Cat,0,500,375
PetImages/Cat/11594.jpg,Cat,0,500,375
PetImages/Cat/11597.jpg,Cat,0,500,375
PetImages/Cat/11598.jpg,Cat,0,500,375
PetImages/Cat/11599.jpg,Cat,0,350,317
PetImages/Cat/116.jpg,Cat,0,500,375
PetImages/Cat/1160.jpg,Cat,0,236,448
PetImages/Cat/11600.jpg,Cat,0,352,500
PetImages/Cat/11601.jpg,Cat,0,500,375
PetImages/Cat/11602.jpg,Cat,0,150,238
PetImages/Cat/11605.jpg,Cat,0,500,375
PetImages/Cat/11606.jpg,Cat,0,451,376
PetImages/Cat/1161.jpg,Cat,0,192,181
PetImages/Cat/11610.jpg,Cat,0,500,365
PetImages/Cat/11611.jpg,Cat,0,500,375
PetImages/Cat/11614.jpg,Cat,0,173,179
PetImages/Cat/11615.jpg,Cat,0,422,500
PetImages/Cat/11616.jpg,Cat,0,500,300
PetImages/Cat/11619.jpg,Cat,0,250,250
PetImages/Cat/1162.jpg,Cat,0,400,394
PetImages/Cat/11620.jpg,Cat,0,287,320
PetImages/Cat/11621.jpg,Cat,0,500,375
PetImages/Cat/11622.jpg,Cat,0,500,375
PetImages/Cat/11623.jpg,Cat,0,500,375
PetImages/Cat/11624.jpg,Cat,0,287,308
PetImages/Cat/11625.jpg,Cat,0,500,375
PetImages/Cat/11626.jpg,Cat,0,500,427
PetImages/Cat/11627.jpg,Cat,0,500,375
PetImages/Cat/11628.jpg,Cat,0,500,375
PetImages/Cat/11629.jpg,Cat,0,500,450
PetImages/Cat/1163.jpg,Cat,0,500,347
PetImages/Cat/11630.jpg,Cat,0,345,336
PetImages/Cat/11632.jpg,Cat,0,500,375
PetImages/Cat/11633.jpg,Cat,0,500,375
PetImages/Cat/11634.jpg,Cat,0,500,330
PetImages/Cat/11635.jpg,Cat,0,500,348
PetImages/Cat/11637.jpg,Cat,0,273,397
PetImages/Cat/11638.jpg,Cat,0,500,498
PetImages/Cat/1164.jpg,Cat,0,160,200
PetImages/Cat/11640.jpg,Cat,0,500,375
PetImages/Cat/11642.jpg,Cat,0,400,266
PetImages/Cat/11643.jpg,Cat,0,400,153
PetImages/Cat/11644.jpg,Cat,0,500,333
PetImages/Cat/11645.jpg,Cat,0,425,500
PetImages/Cat/11647.jpg,Cat,0,200,197
PetImages/Cat/11648.jpg,Cat,0,300,228
PetImages/Cat/11649.jpg,Cat,0,500,275
PetImages/Cat/1165.jpg,Cat,0,422,500
PetImages/Cat/11650.jpg,Cat,0,500,375
PetImages/Cat/11652.jpg,Cat,0,492,464
PetImages/Cat/11653.jpg,Cat,0,300,225
PetImages/Cat/11654.jpg,Cat,0,500,333
PetImages/Cat/11655.jpg,Cat,0,200,173
PetImages/Cat/11656.jpg,Cat,0,381,500
PetImages/Cat/11657.jpg,Cat,0,500,358
PetImages/Cat/11659.jpg,Cat,0,500,375
PetImages/Cat/11661.jpg,Cat,0,451,338
PetImages/Cat/11662.jpg,Cat,0,500,348
PetImages/Cat/11663.jpg,Cat,0,500,375
PetImages/Cat/11664.jpg,Cat,0,500,353
PetImages/Cat/11665.jpg,Cat,0,320,493
PetImages/Cat/11667.jpg,Cat,0,240,240
PetImages/Cat/11668.jpg,Cat,0,500,442
PetImages/Cat/11669.jpg,Cat,0,500,375
PetImages/Cat/11670.jpg,Cat,0,427,336
PetImages/Cat/11671.jpg,Cat,0,500,375
PetImages/Cat/11672.jpg,Cat,0,500,386
PetImages/Cat/11674.jpg,Cat,0,500,375
PetImages/Cat/11677.jpg,Cat,0,500,375
PetImages/Cat/11680.jpg,Cat,0,398,416
PetImages/Cat/11682.jpg,Cat,0,202,270
PetImages/Cat/11683.jpg,Cat,0,500,421
PetImages/Cat/11685.jpg,Cat,0,500,407
PetImages/Cat/11687.jpg,Cat,0,350,279
PetImages/Cat/11688.jpg,Cat,0,225,279
PetImages/Cat/11689.jpg,Cat,0,350,263
PetImages/Cat/11690.jpg,Cat,0,474,500
PetImages/Cat/11692.jpg,Cat,0,365,500
PetImages/Cat/11693.jpg,Cat,0,500,331
PetImages/Cat/11697.jpg,Cat,0,500,375
PetImages/Cat/11699.jpg,Cat,0,500,461
PetImages/Cat/1170.jpg,Cat,0,447,500
PetImages/Cat/11700.jpg,Cat,0,257,296
PetImages/Cat/11702.jpg,Cat,0,163,145
PetImages/Cat/11703.jpg,Cat,0,500,298
PetImages/Cat/11704.jpg,Cat,0,396,338
PetImages/Cat/11705.jpg,Cat,0,320,240
PetImages/Cat/1171.jpg,Cat,0,500,448
PetImages/Cat/11711.jpg,Cat,0,365,306
PetImages/Cat/11712.jpg,Cat,0,500,375
PetImages/Cat/11713.jpg,Cat,0,500,359
PetImages/Cat/11714.jpg,Cat,0,424,500
PetImages/Cat/11715.jpg,Cat,0,500,374
PetImages/Cat/11716.jpg,Cat,0,400,300
PetImages/Cat/11718.jpg,Cat,0,500,374
PetImages/Cat/11719.jpg,Cat,0,298,448
PetImages/Cat/1172.jpg,Cat,0,500,375
PetImages/Cat/11720.jpg,Cat,0,500,315
PetImages/Cat/11722.jpg,Cat,0,375,500
PetImages/Cat/11723.jpg,Cat,0,432,324
PetImages/Cat/11724.jpg,Cat,0,500,374
PetImages/Cat/11725.jpg,Cat,0,411,322
PetImages/Cat/11726.jpg,Cat,0,500,375
PetImages/Cat/1173.jpg,Cat,0,300,400
PetImages/Cat/11730.jpg,Cat,0,320,240
PetImages/Cat/11731.jpg,Cat,0,394,500
PetImages/Cat/11732.jpg,Cat,0,500,375
PetImages/Cat/11734.jpg,Cat,0,500,398
PetImages/Cat/11736.jpg,Cat,0,500,459
PetImages/Cat/11737.jpg,Cat,0,500,375
PetImages/Cat/11739.jpg,Cat,0,360,252
PetImages/Cat/11740.jpg,Cat,0,500,375
PetImages/Cat/11741.jpg,Cat,0,265,284
PetImages/Cat/11742.jpg,Cat,0,200,180
PetImages/Cat/11744.jpg,Cat,0,500,375
PetImages/Cat/11745.jpg,Cat,0,500,470
PetImages/Cat/11747.jpg,Cat,0,500,375
PetImages/Cat/11748.jpg,Cat,0,500,352
PetImages/Cat/1175.jpg,Cat,0,457,460
PetImages/Cat/11750.jpg,Cat,0,425,500
PetImages/Cat/11751.jpg,Cat,0,403,500
PetImages/Cat/11752.jpg,Cat,0,500,333
PetImages/Cat/11753.jpg,Cat,0,200,183
PetImages/Cat/11754.jpg,Cat,0,250,250
PetImages/Cat/11755.jpg,Cat,0,479,418
PetImages/Cat/11756.jpg,Cat,0,486,500
PetImages/Cat/11757.jpg,Cat,0,500,337
PetImages/Cat/11759.jpg,Cat,0,500,375
PetImages/Cat/11760.jpg,Cat,0,480,368
PetImages/Cat/11761.jpg,Cat,0,193,230
PetImages/Cat/11762.jpg,Cat,0,285,308
PetImages/Cat/11763.jpg,Cat,0,500,375
PetImages/Cat/11764.jpg,Cat,0,500,361
PetImages/Cat/11767.jpg,Cat,0,336,430
PetImages/Cat/11768.jpg,Cat,0,420,278
PetImages/Cat/11769.jpg,Cat,0,227,170
PetImages/Cat/1177.jpg,Cat,0,300,302
PetImages/Cat/11770.jpg,Cat,0,500,375
PetImages/Cat/11771.jpg,Cat,0,500,375
PetImages/Cat/11772.jpg,Cat,0,352,500
PetImages/Cat/11773.jpg,Cat,0,500,375
PetImages/Cat/11774.jpg,Cat,0,500,358
PetImages/Cat/11777.jpg,Cat,0,500,375
PetImages/Cat/11779.jpg,Cat,0,396,350
PetImages/Cat/1178.jpg,Cat,0,500,427
PetImages/Cat/11780.jpg,Cat,0,500,339
PetImages/Cat/11783.jpg,Cat,0,498,249
PetImages/Cat/11784.jpg,Cat,0,500,457
PetImages/Cat/11785.jpg,Cat,0,360,392
PetImages/Cat/11786.jpg,Cat,0,448,336
PetImages/Cat/11789.jpg,Cat,0,241,500
PetImages/Cat/1179.jpg,Cat,0,500,396
PetImages/Cat/11790.jpg,Cat,0,500,333
PetImages/Cat/11791.jpg,Cat,0,500,484
PetImages/Cat/11792.jpg,Cat,0,400,310
PetImages/Cat/11793.jpg,Cat,0,281,424
PetImages/Cat/11795.jpg,Cat,0,405,500
PetImages/Cat/11796.jpg,Cat,0,500,375
PetImages/Cat/11797.jpg,Cat,0,500,362
PetImages/Cat/11798.jpg,Cat,0,500,375
PetImages/Cat/1180.jpg,Cat,0,320,240
PetImages/Cat/11800.jpg,Cat,0,350,262
PetImages/Cat/11801.jpg,Cat,0,450,491
PetImages/Cat/11802.jpg,Cat,0,271,500
PetImages/Cat/11804.jpg,Cat,0,500,375
PetImages/Cat/11806.jpg,Cat,0,500,371
PetImages/Cat/11807.jpg,Cat,0,500,375
PetImages/Cat/11808.jpg,Cat,0,491,500
PetImages/Cat/11809.jpg,Cat,0,500,356
PetImages/Cat/1181.jpg,Cat,0,473,500
PetImages/Cat/11810.jpg,Cat,0,340,260
PetImages/Cat/11811.jpg,Cat,0,500,435
PetImages/Cat/11813.jpg,Cat,0,350,262
PetImages/Cat/11814.jpg,Cat,0,500,375
PetImages/Cat/11815.jpg,Cat,0,440,323
PetImages/Cat/11816.jpg,Cat,0,337,230
PetImages/Cat/11817.jpg,Cat,0,344,500
PetImages/Cat/11818.jpg,Cat,0,500,447
PetImages/Cat/1182.jpg,Cat,0,450,278
PetImages/Cat/11820.jpg,Cat,0,500,375
PetImages/Cat/11821.jpg,Cat,0,500,375
PetImages/Cat/11822.jpg,Cat,0,480,320
PetImages/Cat/11823.jpg,Cat,0,263,396
PetImages/Cat/11824.jpg,Cat,0,405,304
PetImages/Cat/11825.jpg,Cat,0,500,438
PetImages/Cat/11826.jpg,Cat,0,437,500
PetImages/Cat/11827.jpg,Cat,0,495,500
PetImages/Cat/1183.jpg,Cat,0,419,500
PetImages/Cat/11831.jpg,Cat,0,394,500
PetImages/Cat/11833.jpg,Cat,0,500,375
PetImages/Cat/11836.jpg,Cat,0,250,241
PetImages/Cat/11837.jpg,Cat,0,500,375
PetImages/Cat/11839.jpg,Cat,0,500,321
PetImages/Cat/1184.jpg,Cat,0,452,452
PetImages/Cat/11840.jpg,Cat,0,500,375
PetImages/Cat/11841.jpg,Cat,0,500,380
PetImages/Cat/11843.jpg,Cat,0,500,375
PetImages/Cat/11844.jpg,Cat,0,500,375
PetImages/Cat/11846.jpg,Cat,0,500,333
PetImages/Cat/11847.jpg,Cat,0,320,240
PetImages/Cat/11848.jpg,Cat,0,423,500
PetImages/Cat/11849.jpg,Cat,0,393,500
PetImages/Cat/1185.jpg,Cat,0,500,375
PetImages/Cat/11850.jpg,Cat,0,500,375
PetImages/Cat/11852.jpg,Cat,0,500,375
PetImages/Cat/11853.jpg,Cat,0,500,306
PetImages/Cat/11855.jpg,Cat,0,320,240
PetImages/Cat/11856.jpg,Cat,0,500,434
PetImages/Cat/11857.jpg,Cat,0,255,260
PetImages/Cat/1186.jpg,Cat,0,320,301
PetImages/Cat/11860.jpg,Cat,0,500,375
PetImages/Cat/11861.jpg,Cat,0,465,500
PetImages/Cat/11862.jpg,Cat,0,320,240
PetImages/Cat/11864.jpg,Cat,0,200,235
PetImages/Cat/11865.jpg,Cat,0,500,375
PetImages/Cat/11867.jpg,Cat,0,300,225
PetImages/Cat/1187.jpg,Cat,0,300,225
PetImages/Cat/11870.jpg,Cat,0,350,285
PetImages/Cat/11871.jpg,Cat,0,360,240
PetImages/Cat/11872.jpg,Cat,0,394,500
PetImages/Cat/11873.jpg,Cat,0,460,474
PetImages/Cat/11876.jpg,Cat,0,500,375
PetImages/Cat/11878.jpg,Cat,0,500,375
PetImages/Cat/11879.jpg,Cat,0,185,118
PetImages/Cat/11880.jpg,Cat,0,500,389
PetImages/Cat/11882.jpg,Cat,0,480,360
PetImages/Cat/11883.jpg,Cat,0,240,188
PetImages/Cat/11884.jpg,Cat,0,500,354
PetImages/Cat/11885.jpg,Cat,0,500,375
PetImages/Cat/11886.jpg,Cat,0,500,375
PetImages/Cat/11887.jpg,Cat,0,375,298
PetImages/Cat/11888.jpg,Cat,0,481,500
PetImages/Cat/11889.jpg,Cat,0,350,233
PetImages/Cat/11891.jpg,Cat,0,350,300
PetImages/Cat/11892.jpg,Cat,0,365,486
PetImages/Cat/11893.jpg,Cat,0,300,184
PetImages/Cat/11894.jpg,Cat,0,500,375
PetImages/Cat/11896.jpg,Cat,0,320,240
PetImages/Cat/11898.jpg,Cat,0,448,294
PetImages/Cat/119.jpg,Cat,0,410,308
PetImages/Cat/11900.jpg,Cat,0,500,439
PetImages/Cat/11902.jpg,Cat,0,320,240
PetImages/Cat/11903.jpg,Cat,0,313,376
PetImages/Cat/11904.jpg,Cat,0,500,333
PetImages/Cat/11905.jpg,Cat,0,500,375
PetImages/Cat/11906.jpg,Cat,0,300,399
PetImages/Cat/11907.jpg,Cat,0,500,375
PetImages/Cat/11908.jpg,Cat,0,379,500
PetImages/Cat/11909.jpg,Cat,0,500,471
PetImages/Cat/1191.jpg,Cat,0,399,500
PetImages/Cat/11911.jpg,Cat,0,252,270
PetImages/Cat/11912.jpg,Cat,0,492,369
PetImages/Cat/11914.jpg,Cat,0,500,478
PetImages/Cat/11916.jpg,Cat,0,350,266
PetImages/Cat/11917.jpg,Cat,0,500,375
PetImages/Cat/11918.jpg,Cat,0,500,489
PetImages/Cat/11919.jpg,Cat,0,262,400
PetImages/Cat/1192.jpg,Cat,0,500,367
PetImages/Cat/11920.jpg,Cat,0,500,333
PetImages/Cat/11921.jpg,Cat,0,432,324
PetImages/Cat/11923.jpg,Cat,0,500,321
PetImages/Cat/11928.jpg,Cat,0,350,232
PetImages/Cat/11930.jpg,Cat,0,467,500
PetImages/Cat/11931.jpg,Cat,0,500,375
PetImages/Cat/11932.jpg,Cat,0,500,375
PetImages/Cat/11933.jpg,Cat,0,320,240
PetImages/Cat/11934.jpg,Cat,0,500,436
PetImages/Cat/11936.jpg,Cat,0,500,375
PetImages/Cat/11937.jpg,Cat,0,500,437
PetImages/Cat/11938.jpg,Cat,0,432,324
PetImages/Cat/11939.jpg,Cat,0,375,500
PetImages/Cat/1194.jpg,Cat,0,350,359
PetImages/Cat/11941.jpg,Cat,0,500,375
PetImages/Cat/11944.jpg,Cat,0,500,375
PetImages/Cat/11945.jpg,Cat,0,500,471
PetImages/Cat/11947.jpg,Cat,0,320,240
PetImages/Cat/11949.jpg,Cat,0,500,375
PetImages/Cat/1195.jpg,Cat,0,500,377
PetImages/Cat/11951.jpg,Cat,0,381,346
PetImages/Cat/11952.jpg,Cat,0,175,226
PetImages/Cat/11953.jpg,Cat,0,378,500
PetImages/Cat/11955.jpg,Cat,0,500,375
PetImages/Cat/11956.jpg,Cat,0,228,332
PetImages/Cat/11957.jpg,Cat,0,200,137
PetImages/Cat/11959.jpg,Cat,0,500,375
PetImages/Cat/1196.jpg,Cat,0,500,375
PetImages/Cat/11961.jpg,Cat,0,386,500
PetImages/Cat/11962.jpg,Cat,0,500,375
PetImages/Cat/11965.jpg,Cat,0,500,375
PetImages/Cat/11968.jpg,Cat,0,500,218
PetImages/Cat/11969.jpg,Cat,0,368,500
PetImages/Cat/1197.jpg,Cat,0,500,485
PetImages/Cat/11970.jpg,Cat,0,278,372
PetImages/Cat/11971.jpg,Cat,0,213,200
PetImages/Cat/11973.jpg,Cat,0,500,374
PetImages/Cat/11975.jpg,Cat,0,440,465
PetImages/Cat/11977.jpg,Cat,0,500,375
PetImages/Cat/11979.jpg,Cat,0,500,375
PetImages/Cat/1198.jpg,Cat,0,500,375
PetImages/Cat/11980.jpg,Cat,0,194,145
PetImages/Cat/11981.jpg,Cat,0,448,500
PetImages/Cat/11982.jpg,Cat,0,500,375
PetImages/Cat/11983.jpg,Cat,0,500,375
PetImages/Cat/11984.jpg,Cat,0,333,500
PetImages/Cat/11985.jpg,Cat,0,500,375
PetImages/Cat/11987.jpg,Cat,0,365,482
PetImages/Cat/11988.jpg,Cat,0,500,365
PetImages/Cat/11989.jpg,Cat,0,318,216
PetImages/Cat/1199.jpg,Cat,0,500,375
PetImages/Cat/11990.jpg,Cat,0,320,240
PetImages/Cat/11991.jpg,Cat,0,500,332
PetImages/Cat/11992.jpg,Cat,0,500,446
PetImages/Cat/11993.jpg,Cat,0,351,473
PetImages/Cat/11996.jpg,Cat,0,500,317
PetImages/Cat/12.jpg,Cat,0,300,225
PetImages/Cat/120.jpg,Cat,0,500,375
PetImages/Cat/1200.jpg,Cat,0,500,301
PetImages/Cat/12000.jpg,Cat,0,500,327
PetImages/Cat/12001.jpg,Cat,0,473,476
PetImages/Cat/12002.jpg,Cat,0,500,492
PetImages/Cat/12004.jpg,Cat,0,500,444
PetImages/Cat/12005.jpg,Cat,0,300,153
PetImages/Cat/12006.jpg,Cat,0,307,409
PetImages/Cat/12007.jpg,Cat,0,449,382
PetImages/Cat/12008.jpg,Cat,0,500,375
PetImages/Cat/1201.jpg,Cat,0,500,375
PetImages/Cat/12010.jpg,Cat,0,500,375
PetImages/Cat/12011.jpg,Cat,0,500,377
PetImages/Cat/12013.jpg,Cat,0,500,375
PetImages/Cat/12014.jpg,Cat,0,375,500
PetImages/Cat/12015.jpg,Cat,0,341,371
PetImages/Cat/12016.jpg,Cat,0,500,375
PetImages/Cat/12019.jpg,Cat,0,382,244
PetImages/Cat/12021.jpg,Cat,0,300,167
PetImages/Cat/12022.jpg,Cat,0,195,182
PetImages/Cat/12027.jpg,Cat,0,299,297
PetImages/Cat/12028.jpg,Cat,0,500,465
PetImages/Cat/1203.jpg,Cat,0,320,240
PetImages/Cat/12030.jpg,Cat,0,500,330
PetImages/Cat/12031.jpg,Cat,0,377,283
PetImages/Cat/12033.jpg,Cat,0,268,400
PetImages/Cat/12034.jpg,Cat,0,500,406
PetImages/Cat/12035.jpg,Cat,0,500,374
PetImages/Cat/12038.jpg,Cat,0,500,378
PetImages/Cat/12039.jpg,Cat,0,300,300
PetImages/Cat/1204.jpg,Cat,0,500,375
PetImages/Cat/12040.jpg,Cat,0,500,500
PetImages/Cat/12041.jpg,Cat,0,420,500
PetImages/Cat/12045.jpg,Cat,0,456,320
PetImages/Cat/12046.jpg,Cat,0,388,360
PetImages/Cat/12047.jpg,Cat,0,500,375
PetImages/Cat/12048.jpg,Cat,0,500,463
PetImages/Cat/12050.jpg,Cat,0,500,375
PetImages/Cat/12051.jpg,Cat,0,480,371
PetImages/Cat/12052.jpg,Cat,0,286,473
PetImages/Cat/12053.jpg,Cat,0,500,374
PetImages/Cat/12056.jpg,Cat,0,500,436
PetImages/Cat/12057.jpg,Cat,0,258,500
PetImages/Cat/12059.jpg,Cat,0,309,232
PetImages/Cat/12061.jpg,Cat,0,373,500
PetImages/Cat/12064.jpg,Cat,0,500,398
PetImages/Cat/12066.jpg,Cat,0,400,411
PetImages/Cat/12067.jpg,Cat,0,337,500
PetImages/Cat/12068.jpg,Cat,0,320,240
PetImages/Cat/12069.jpg,Cat,0,386,373
PetImages/Cat/12070.jpg,Cat,0,500,375
PetImages/Cat/12071.jpg,Cat,0,500,375
PetImages/Cat/12073.jpg,Cat,0,363,400
PetImages/Cat/12075.jpg,Cat,0,432,344
PetImages/Cat/12076.jpg,Cat,0,190,195
PetImages/Cat/12077.jpg,Cat,0,303,359
PetImages/Cat/12078.jpg,Cat,0,270,320
PetImages/Cat/12079.jpg,Cat,0,500,375
PetImages/Cat/1208.jpg,Cat,0,500,375
PetImages/Cat/12080.jpg,Cat,0,235,198
PetImages/Cat/12083.jpg,Cat,0,375,500
PetImages/Cat/12084.jpg,Cat,0,500,375
PetImages/Cat/12085.jpg,Cat,0,500,357
PetImages/Cat/12087.jpg,Cat,0,499,374
PetImages/Cat/12088.jpg,Cat,0,320,200
PetImages/Cat/1209.jpg,Cat,0,400,300
PetImages/Cat/12090.jpg,Cat,0,274,297
PetImages/Cat/12091.jpg,Cat,0,294,380
PetImages/Cat/12092.jpg,Cat,0,439,364
PetImages/Cat/12095.jpg,Cat,0,373,500
PetImages/Cat/12097.jpg,Cat,0,325,500
PetImages/Cat/12098.jpg,Cat,0,448,275
PetImages/Cat/12099.jpg,Cat,0,391,332
PetImages/Cat/121.jpg,Cat,0,267,410
PetImages/Cat/1210.jpg,Cat,0,500,375
PetImages/Cat/12100.jpg,Cat,0,500,374
PetImages/Cat/12103.jpg,Cat,0,500,375
PetImages/Cat/12104.jpg,Cat,0,500,376
PetImages/Cat/12105.jpg,Cat,0,500,375
PetImages/Cat/12107.jpg,Cat,0,250,129
PetImages/Cat/12108.jpg,Cat,0,500,375
PetImages/Cat/1211.jpg,Cat,0,250,200
PetImages/Cat/12110.jpg,Cat,0,276,226
PetImages/Cat/12111.jpg,Cat,0,405,500
PetImages/Cat/12112.jpg,Cat,0,346,226
PetImages/Cat/12115.jpg,Cat,0,499,399
PetImages/Cat/12116.jpg,Cat,0,500,394
PetImages/Cat/12117.jpg,Cat,0,293,500
PetImages/Cat/12118.jpg,Cat,0,500,375
PetImages/Cat/12119.jpg,Cat,0,474,500
PetImages/Cat/1212.jpg,Cat,0,320,240
PetImages/Cat/12120.jpg,Cat,0,433,500
PetImages/Cat/12124.jpg,Cat,0,400,300
PetImages/Cat/12126.jpg,Cat,0,300,121
PetImages/Cat/12127.jpg,Cat,0,350,262
PetImages/Cat/12128.jpg,Cat,0,456,445
PetImages/Cat/12130.jpg,Cat,0,500,375
PetImages/Cat/12131.jpg,Cat,0,239,223
PetImages/Cat/12132.jpg,Cat,0,288,338
PetImages/Cat/12133.jpg,Cat,0,480,360
PetImages/Cat/12134.jpg,Cat,0,500,375
PetImages/Cat/12135.jpg,Cat,0,362,272
PetImages/Cat/12136.jpg,Cat,0,300,225
PetImages/Cat/12137.jpg,Cat,0,500,462
PetImages/Cat/12138.jpg,Cat,0,375,500
PetImages/Cat/12139.jpg,Cat,0,220,199
PetImages/Cat/1214.jpg,Cat,0,247,500
PetImages/Cat/12140.jpg,Cat,0,381,500
PetImages/Cat/12141.jpg,Cat,0,500,332
PetImages/Cat/12142.jpg,Cat,0,500,375
PetImages/Cat/12144.jpg,Cat,0,500,390
PetImages/Cat/12145.jpg,Cat,0,400,384
PetImages/Cat/12146.jpg,Cat,0,350,262
PetImages/Cat/12147.jpg,Cat,0,440,293
PetImages/Cat/12149.jpg,Cat,0,320,224
PetImages/Cat/12150.jpg,Cat,0,248,251
PetImages/Cat/12151.jpg,Cat,0,500,375
PetImages/Cat/12152.jpg,Cat,0,301,500
PetImages/Cat/12154.jpg,Cat,0,500,375
PetImages/Cat/12155.jpg,Cat,0,500,333
PetImages/Cat/12157.jpg,Cat,0,141,240
PetImages/Cat/12158.jpg,Cat,0,500,445
PetImages/Cat/12159.jpg,Cat,0,320,346
PetImages/Cat/1216.jpg,Cat,0,324,500
PetImages/Cat/12160.jpg,Cat,0,150,200
PetImages/Cat/12161.jpg,Cat,0,500,375
PetImages/Cat/12162.jpg,Cat,0,299,500
PetImages/Cat/12163.jpg,Cat,0,500,375
PetImages/Cat/12164.jpg,Cat,0,360,270
PetImages/Cat/12165.jpg,Cat,0,500,375
PetImages/Cat/12166.jpg,Cat,0,306,338
PetImages/Cat/12167.jpg,Cat,0,418,500
PetImages/Cat/12168.jpg,Cat,0,360,270
PetImages/Cat/12169.jpg,Cat,0,500,500
PetImages/Cat/12170.jpg,Cat,0,500,375
PetImages/Cat/12171.jpg,Cat,0,500,375
PetImages/Cat/12173.jpg,Cat,0,500,375
PetImages/Cat/12175.jpg,Cat,0,500,462
PetImages/Cat/12177.jpg,Cat,0,500,375
PetImages/Cat/12178.jpg,Cat,0,399,500
PetImages/Cat/12179.jpg,Cat,0,450,348
PetImages/Cat/1218.jpg,Cat,0,500,375
PetImages/Cat/12181.jpg,Cat,0,300,225
PetImages/Cat/12182.jpg,Cat,0,360,270
PetImages/Cat/12183.jpg,Cat,0,469,500
PetImages/Cat/12185.jpg,Cat,0,500,400
PetImages/Cat/12186.jpg,Cat,0,500,468
PetImages/Cat/12187.jpg,Cat,0,468,486
PetImages/Cat/1219.jpg,Cat,0,400,450
PetImages/Cat/12190.jpg,Cat,0,356,366
PetImages/Cat/12191.jpg,Cat,0,500,333
PetImages/Cat/12196.jpg,Cat,0,453,500
PetImages/Cat/12198.jpg,Cat,0,287,352
PetImages/Cat/12199.jpg,Cat,0,500,468
PetImages/Cat/122.jpg,Cat,0,372,500
PetImages/Cat/1220.jpg,Cat,0,225,263
PetImages/Cat/12201.jpg,Cat,0,500,375
PetImages/Cat/12202.jpg,Cat,0,500,358
PetImages/Cat/12203.jpg,Cat,0,375,500
PetImages/Cat/12204.jpg,Cat,0,339,500
PetImages/Cat/12205.jpg,Cat,0,200,142
PetImages/Cat/12207.jpg,Cat,0,500,375
PetImages/Cat/12208.jpg,Cat,0,417,499
PetImages/Cat/1221.jpg,Cat,0,500,366
PetImages/Cat/12210.jpg,Cat,0,360,280
PetImages/Cat/12211.jpg,Cat,0,500,375
PetImages/Cat/12212.jpg,Cat,0,469,500
PetImages/Cat/12214.jpg,Cat,0,500,375
PetImages/Cat/12215.jpg,Cat,0,320,240
PetImages/Cat/12217.jpg,Cat,0,500,414
PetImages/Cat/12218.jpg,Cat,0,500,361
PetImages/Cat/1222.jpg,Cat,0,361,500
PetImages/Cat/12221.jpg,Cat,0,500,269
PetImages/Cat/12224.jpg,Cat,0,375,500
PetImages/Cat/12225.jpg,Cat,0,375,500
PetImages/Cat/12226.jpg,Cat,0,315,500
PetImages/Cat/12227.jpg,Cat,0,300,264
PetImages/Cat/12228.jpg,Cat,0,340,255
PetImages/Cat/12230.jpg,Cat,0,500,389
PetImages/Cat/12231.jpg,Cat,0,467,500
PetImages/Cat/12232.jpg,Cat,0,356,312
PetImages/Cat/12234.jpg,Cat,0,500,376
PetImages/Cat/12235.jpg,Cat,0,459,337
PetImages/Cat/12236.jpg,Cat,0,452,500
PetImages/Cat/12237.jpg,Cat,0,215,230
PetImages/Cat/12238.jpg,Cat,0,484,358
PetImages/Cat/12239.jpg,Cat,0,360,201
PetImages/Cat/12240.jpg,Cat,0,200,150
PetImages/Cat/12241.jpg,Cat,0,429,480
PetImages/Cat/12242.jpg,Cat,0,333,500
PetImages/Cat/12245.jpg,Cat,0,181,270
PetImages/Cat/12246.jpg,Cat,0,439,400
PetImages/Cat/12249.jpg,Cat,0,500,375
PetImages/Cat/12251.jpg,Cat,0,500,308
PetImages/Cat/12254.jpg,Cat,0,211,193
PetImages/Cat/12256.jpg,Cat,0,500,375
PetImages/Cat/12257.jpg,Cat,0,322,376
PetImages/Cat/12258.jpg,Cat,0,350,262
PetImages/Cat/1226.jpg,Cat,0,278,322
PetImages/Cat/12260.jpg,Cat,0,190,225
PetImages/Cat/12261.jpg,Cat,0,400,382
PetImages/Cat/12262.jpg,Cat,0,380,336
PetImages/Cat/12263.jpg,Cat,0,185,200
PetImages/Cat/12264.jpg,Cat,0,460,400
PetImages/Cat/12265.jpg,Cat,0,500,322
PetImages/Cat/12266.jpg,Cat,0,500,375
PetImages/Cat/12268.jpg,Cat,0,250,250
PetImages/Cat/12269.jpg,Cat,0,202,296
PetImages/Cat/12272.jpg,Cat,0,364,500
PetImages/Cat/12274.jpg,Cat,0,180,240
PetImages/Cat/12277.jpg,Cat,0,500,375
PetImages/Cat/12278.jpg,Cat,0,200,150
PetImages/Cat/12280.jpg,Cat,0,500,375
PetImages/Cat/12282.jpg,Cat,0,320,229
PetImages/Cat/12283.jpg,Cat,0,333,500
PetImages/Cat/12285.jpg,Cat,0,448,336
PetImages/Cat/12286.jpg,Cat,0,218,145
PetImages/Cat/12287.jpg,Cat,0,437,500
PetImages/Cat/12290.jpg,Cat,0,500,473
PetImages/Cat/12292.jpg,Cat,0,384,288
PetImages/Cat/12293.jpg,Cat,0,388,500
PetImages/Cat/12294.jpg,Cat,0,500,375
PetImages/Cat/12295.jpg,Cat,0,360,500
PetImages/Cat/12296.jpg,Cat,0,500,400
PetImages/Cat/12297.jpg,Cat,0,494,500
PetImages/Cat/12298.jpg,Cat,0,250,120
PetImages/Cat/12299.jpg,Cat,0,500,375
PetImages/Cat/123.jpg,Cat,0,345,273
PetImages/Cat/1230.jpg,Cat,0,500,341
PetImages/Cat/12300.jpg,Cat,0,477,358
PetImages/Cat/12301.jpg,Cat,0,500,375
PetImages/Cat/12302.jpg,Cat,0,500,300
PetImages/Cat/12303.jpg,Cat,0,265,423
PetImages/Cat/12305.jpg,Cat,0,440,293
PetImages/Cat/12306.jpg,Cat,0,500,398
PetImages/Cat/12307.jpg,Cat,0,500,374
PetImages/Cat/12308.jpg,Cat,0,249,180
PetImages/Cat/12309.jpg,Cat,0,204,271
PetImages/Cat/1231.jpg,Cat,0,500,375
PetImages/Cat/12310.jpg,Cat,0,198,200
PetImages/Cat/12311.jpg,Cat,0,353,500
PetImages/Cat/12313.jpg,Cat,0,289,467
PetImages/Cat/12314.jpg,Cat,0,379,259
PetImages/Cat/12315.jpg,Cat,0,263,158
PetImages/Cat/1232.jpg,Cat,0,320,240
PetImages/Cat/12321.jpg,Cat,0,500,375
PetImages/Cat/12323.jpg,Cat,0,350,262
PetImages/Cat/12324.jpg,Cat,0,500,375
PetImages/Cat/12328.jpg,Cat,0,500,295
PetImages/Cat/1233.jpg,Cat,0,410,308
PetImages/Cat/12330.jpg,Cat,0,500,375
PetImages/Cat/12332.jpg,Cat,0,500,488
PetImages/Cat/12333.jpg,Cat,0,200,216
PetImages/Cat/12334.jpg,Cat,0,375,500
PetImages/Cat/12335.jpg,Cat,0,498,446
PetImages/Cat/12336.jpg,Cat,0,359,500
PetImages/Cat/12338.jpg,Cat,0,336,419
PetImages/Cat/12339.jpg,Cat,0,493,500
PetImages/Cat/1234.jpg,Cat,0,500,375
PetImages/Cat/12341.jpg,Cat,0,500,375
PetImages/Cat/12342.jpg,Cat,0,480,319
PetImages/Cat/12345.jpg,Cat,0,412,332
PetImages/Cat/12347.jpg,Cat,0,500,335
PetImages/Cat/12348.jpg,Cat,0,500,498
PetImages/Cat/12349.jpg,Cat,0,113,150
PetImages/Cat/1235.jpg,Cat,0,500,327
PetImages/Cat/12352.jpg,Cat,0,500,375
PetImages/Cat/12353.jpg,Cat,0,172,270
PetImages/Cat/12354.jpg,Cat,0,308,314
PetImages/Cat/12355.jpg,Cat,0,500,377
PetImages/Cat/12357.jpg,Cat,0,500,375
PetImages/Cat/12359.jpg,Cat,0,300,339
PetImages/Cat/1236.jpg,Cat,0,500,375
PetImages/Cat/12361.jpg,Cat,0,322,500
PetImages/Cat/12362.jpg,Cat,0,400,341
PetImages/Cat/12363.jpg,Cat,0,500,375
PetImages/Cat/12364.jpg,Cat,0,500,340
PetImages/Cat/12365.jpg,Cat,0,500,375
PetImages/Cat/12366.jpg,Cat,0,450,338
PetImages/Cat/12367.jpg,Cat,0,326,500
PetImages/Cat/12369.jpg,Cat,0,500,373
PetImages/Cat/1237.jpg,Cat,0,500,474
PetImages/Cat/12370.jpg,Cat,0,450,337
PetImages/Cat/12371.jpg,Cat,0,440,330
PetImages/Cat/12372.jpg,Cat,0,500,375
PetImages/Cat/12373.jpg,Cat,0,500,413
PetImages/Cat/12374.jpg,Cat,0,500,398
PetImages/Cat/12375.jpg,Cat,0,500,439
PetImages/Cat/12376.jpg,Cat,0,500,352
PetImages/Cat/12377.jpg,Cat,0,185,156
PetImages/Cat/12378.jpg,Cat,0,196,300
PetImages/Cat/12380.jpg,Cat,0,500,375
PetImages/Cat/12381.jpg,Cat,0,309,320
PetImages/Cat/12382.jpg,Cat,0,300,357
PetImages/Cat/12383.jpg,Cat,0,410,312
PetImages/Cat/12384.jpg,Cat,0,200,179
PetImages/Cat/12386.jpg,Cat,0,500,404
PetImages/Cat/12388.jpg,Cat,0,497,373
PetImages/Cat/12389.jpg,Cat,0,500,375
PetImages/Cat/12390.jpg,Cat,0,500,401
PetImages/Cat/12391.jpg,Cat,0,500,220
PetImages/Cat/12394.jpg,Cat,0,358,500
PetImages/Cat/12396.jpg,Cat,0,320,240
PetImages/Cat/12397.jpg,Cat,0,333,500
PetImages/Cat/12398.jpg,Cat,0,465,500
PetImages/Cat/12399.jpg,Cat,0,500,328
PetImages/Cat/124.jpg,Cat,0,500,375
PetImages/Cat/1240.jpg,Cat,0,500,375
PetImages/Cat/12400.jpg,Cat,0,365,500
PetImages/Cat/12401.jpg,Cat,0,371,475
PetImages/Cat/12402.jpg,Cat,0,500,375
PetImages/Cat/12403.jpg,Cat,0,500,375
PetImages/Cat/12404.jpg,Cat,0,500,475
PetImages/Cat/12405.jpg,Cat,0,443,500
PetImages/Cat/12407.jpg,Cat,0,362,500
PetImages/Cat/12408.jpg,Cat,0,500,439
PetImages/Cat/12409.jpg,Cat,0,500,425
PetImages/Cat/1241.jpg,Cat,0,320,240
PetImages/Cat/12410.jpg,Cat,0,341,500
PetImages/Cat/12413.jpg,Cat,0,500,375
PetImages/Cat/12414.jpg,Cat,0,500,375
PetImages/Cat/12415.jpg,Cat,0,500,420
PetImages/Cat/12417.jpg,Cat,0,500,375
PetImages/Cat/12418.jpg,Cat,0,328,500
PetImages/Cat/12419.jpg,Cat,0,500,375
PetImages/Cat/12421.jpg,Cat,0,500,463
PetImages/Cat/12423.jpg,Cat,0,267,480
PetImages/Cat/12425.jpg,Cat,0,500,400
PetImages/Cat/12426.jpg,Cat,0,500,375
PetImages/Cat/12427.jpg,Cat,0,410,500
PetImages/Cat/12428.jpg,Cat,0,500,333
PetImages/Cat/12429.jpg,Cat,0,500,375
PetImages/Cat/1243.jpg,Cat,0,397,500
PetImages/Cat/12432.jpg,Cat,0,500,400
PetImages/Cat/12433.jpg,Cat,0,416,450
PetImages/Cat/12434.jpg,Cat,0,324,500
PetImages/Cat/12435.jpg,Cat,0,394,500
PetImages/Cat/12436.jpg,Cat,0,400,299
PetImages/Cat/12439.jpg,Cat,0,500,332
PetImages/Cat/1244.jpg,Cat,0,409,306
PetImages/Cat/12440.jpg,Cat,0,320,240
PetImages/Cat/12441.jpg,Cat,0,500,375
PetImages/Cat/12442.jpg,Cat,0,500,379
PetImages/Cat/12445.jpg,Cat,0,500,375
PetImages/Cat/12446.jpg,Cat,0,423,361
PetImages/Cat/12447.jpg,Cat,0,250,286
PetImages/Cat/12448.jpg,Cat,0,250,250
PetImages/Cat/12450.jpg,Cat,0,447,456
PetImages/Cat/12451.jpg,Cat,0,500,375
PetImages/Cat/12452.jpg,Cat,0,324,361
PetImages/Cat/12453.jpg,Cat,0,500,333
PetImages/Cat/12455.jpg,Cat,0,384,500
PetImages/Cat/12456.jpg,Cat,0,500,375
PetImages/Cat/1246.jpg,Cat,0,360,270
PetImages/Cat/12460.jpg,Cat,0,333,500
PetImages/Cat/12461.jpg,Cat,0,350,352
PetImages/Cat/12464.jpg,Cat,0,180,182
PetImages/Cat/12465.jpg,Cat,0,467,381
PetImages/Cat/12466.jpg,Cat,0,360,270
PetImages/Cat/12467.jpg,Cat,0,500,375
PetImages/Cat/12468.jpg,Cat,0,500,371
PetImages/Cat/12469.jpg,Cat,0,500,375
PetImages/Cat/1247.jpg,Cat,0,500,375
PetImages/Cat/12470.jpg,Cat,0,500,375
PetImages/Cat/12472.jpg,Cat,0,191,240
PetImages/Cat/12473.jpg,Cat,0,499,500
PetImages/Cat/12475.jpg,Cat,0,500,375
PetImages/Cat/12479.jpg,Cat,0,310,216
PetImages/Cat/12480.jpg,Cat,0,375,500
PetImages/Cat/12481.jpg,Cat,0,500,375
PetImages/Cat/12482.jpg,Cat,0,180,240
PetImages/Cat/12484.jpg,Cat,0,498,500
PetImages/Cat/12485.jpg,Cat,0,379,500
PetImages/Cat/12486.jpg,Cat,0,290,236
PetImages/Cat/12487.jpg,Cat,0,500,374
PetImages/Cat/12488.jpg,Cat,0,419,488
PetImages/Cat/12489.jpg,Cat,0,500,375
PetImages/Cat/1249.jpg,Cat,0,500,375
PetImages/Cat/12490.jpg,Cat,0,353,309
PetImages/Cat/12491.jpg,Cat,0,313,500
PetImages/Cat/12492.jpg,Cat,0,480,471
PetImages/Cat/12494.jpg,Cat,0,492,369
PetImages/Cat/12495.jpg,Cat,0,500,377
PetImages/Cat/12496.jpg,Cat,0,500,375
PetImages/Cat/12499.jpg,Cat,0,408,419
PetImages/Cat/1250.jpg,Cat,0,500,375
PetImages/Cat/1251.jpg,Cat,0,333,220
PetImages/Cat/1252.jpg,Cat,0,350,300
PetImages/Cat/1253.jpg,Cat,0,500,418
PetImages/Cat/1255.jpg,Cat,0,500,319
PetImages/Cat/1256.jpg,Cat,0,500,375
PetImages/Cat/1257.jpg,Cat,0,384,500
PetImages/Cat/1258.jpg,Cat,0,304,500
PetImages/Cat/1259.jpg,Cat,0,320,224
PetImages/Cat/126.jpg,Cat,0,407,306
PetImages/Cat/1260.jpg,Cat,0,500,375
PetImages/Cat/1262.jpg,Cat,0,450,337
PetImages/Cat/1263.jpg,Cat,0,360,270
PetImages/Cat/1264.jpg,Cat,0,347,500
PetImages/Cat/1265.jpg,Cat,0,500,333
PetImages/Cat/1266.jpg,Cat,0,400,320
PetImages/Cat/1267.jpg,Cat,0,150,113
PetImages/Cat/1268.jpg,Cat,0,150,140
PetImages/Cat/1269.jpg,Cat,0,500,375
PetImages/Cat/127.jpg,Cat,0,360,270
PetImages/Cat/1272.jpg,Cat,0,320,240
PetImages/Cat/1273.jpg,Cat,0,500,414
PetImages/Cat/1275.jpg,Cat,0,179,200
PetImages/Cat/1276.jpg,Cat,0,500,351
PetImages/Cat/1277.jpg,Cat,0,500,375
PetImages/Cat/1278.jpg,Cat,0,500,333
PetImages/Cat/1279.jpg,Cat,0,416,500
PetImages/Cat/128.jpg,Cat,0,500,375
PetImages/Cat/1280.jpg,Cat,0,342,451
PetImages/Cat/1282.jpg,Cat,0,320,231
PetImages/Cat/1283.jpg,Cat,0,500,375
PetImages/Cat/1284.jpg,Cat,0,500,333
PetImages/Cat/1285.jpg,Cat,0,500,375
PetImages/Cat/1286.jpg,Cat,0,455,500
PetImages/Cat/1287.jpg,Cat,0,480,359
PetImages/Cat/1288.jpg,Cat,0,288,384
PetImages/Cat/1289.jpg,Cat,0,500,375
PetImages/Cat/129.jpg,Cat,0,500,337
PetImages/Cat/1290.jpg,Cat,0,320,240
PetImages/Cat/1294.jpg,Cat,0,500,375
PetImages/Cat/1297.jpg,Cat,0,500,377
PetImages/Cat/1298.jpg,Cat,0,454,342
PetImages/Cat/1299.jpg,Cat,0,320,292
PetImages/Cat/13.jpg,Cat,0,500,315
PetImages/Cat/130.jpg,Cat,0,423,500
PetImages/Cat/1302.jpg,Cat,0,500,375
PetImages/Cat/1303.jpg,Cat,0,500,375
PetImages/Cat/1304.jpg,Cat,0,455,500
PetImages/Cat/1306.jpg,Cat,0,500,375
PetImages/Cat/1307.jpg,Cat,0,500,375
PetImages/Cat/1308.jpg,Cat,0,295,233
PetImages/Cat/1309.jpg,Cat,0,229,148
PetImages/Cat/1311.jpg,Cat,0,500,500
PetImages/Cat/1312.jpg,Cat,0,500,375
PetImages/Cat/1315.jpg,Cat,0,500,375
PetImages/Cat/1317.jpg,Cat,0,361,449
PetImages/Cat/1318.jpg,Cat,0,500,363
PetImages/Cat/1319.jpg,Cat,0,500,375
PetImages/Cat/1320.jpg,Cat,0,280,274
PetImages/Cat/1321.jpg,Cat,0,356,500
PetImages/Cat/1322.jpg,Cat,0,500,375
PetImages/Cat/1323.jpg,Cat,0,440,500
PetImages/Cat/1324.jpg,Cat,0,245,371
PetImages/Cat/1325.jpg,Cat,0,288,216
PetImages/Cat/1326.jpg,Cat,0,319,398
PetImages/Cat/1327.jpg,Cat,0,303,274
PetImages/Cat/1328.jpg,Cat,0,500,448
PetImages/Cat/1331.jpg,Cat,0,500,320
PetImages/Cat/1332.jpg,Cat,0,424,500
PetImages/Cat/1333.jpg,Cat,0,300,326
PetImages/Cat/1334.jpg,Cat,0,500,375
PetImages/Cat/1336.jpg,Cat,0,407,500
PetImages/Cat/1339.jpg,Cat,0,484,458
PetImages/Cat/1341.jpg,Cat,0,190,300
PetImages/Cat/1342.jpg,Cat,0,350,331
PetImages/Cat/1343.jpg,Cat,0,250,200
PetImages/Cat/1345.jpg,Cat,0,423,480
PetImages/Cat/1346.jpg,Cat,0,448,299
PetImages/Cat/1347.jpg,Cat,0,138,216
PetImages/Cat/1348.jpg,Cat,0,310,455
PetImages/Cat/1349.jpg,Cat,0,336,448
PetImages/Cat/135.jpg,Cat,0,480,458
PetImages/Cat/1350.jpg,Cat,0,272,249
PetImages/Cat/1351.jpg,Cat,0,284,500
PetImages/Cat/1352.jpg,Cat,0,320,240
PetImages/Cat/1353.jpg,Cat,0,500,451
PetImages/Cat/1354.jpg,Cat,0,411,432
PetImages/Cat/1355.jpg,Cat,0,300,225
PetImages/Cat/1356.jpg,Cat,0,500,375
PetImages/Cat/1357.jpg,Cat,0,200,200
PetImages/Cat/1359.jpg,Cat,0,500,333
PetImages/Cat/1360.jpg,Cat,0,300,267
PetImages/Cat/1361.jpg,Cat,0,500,266
PetImages/Cat/1362.jpg,Cat,0,496,500
PetImages/Cat/1363.jpg,Cat,0,500,374
PetImages/Cat/1364.jpg,Cat,0,500,375
PetImages/Cat/1365.jpg,Cat,0,278,300
PetImages/Cat/1366.jpg,Cat,0,360,500
PetImages/Cat/1368.jpg,Cat,0,180,187
PetImages/Cat/1369.jpg,Cat,0,150,167
PetImages/Cat/137.jpg,Cat,0,391,500
PetImages/Cat/1370.jpg,Cat,0,500,398
PetImages/Cat/1371.jpg,Cat,0,500,375
PetImages/Cat/1372.jpg,Cat,0,375,500
PetImages/Cat/1373.jpg,Cat,0,500,375
PetImages/Cat/1374.jpg,Cat,0,400,497
PetImages/Cat/1375.jpg,Cat,0,275,270
PetImages/Cat/1376.jpg,Cat,0,500,375
PetImages/Cat/1377.jpg,Cat,0,500,346
PetImages/Cat/1378.jpg,Cat,0,179,194
PetImages/Cat/1379.jpg,Cat,0,500,375
PetImages/Cat/1381.jpg,Cat,0,355,404
PetImages/Cat/1383.jpg,Cat,0,250,188
PetImages/Cat/1384.jpg,Cat,0,400,500
PetImages/Cat/1385.jpg,Cat,0,347,500
PetImages/Cat/1386.jpg,Cat,0,121,122
PetImages/Cat/1388.jpg,Cat,0,446,500
PetImages/Cat/1389.jpg,Cat,0,440,486
PetImages/Cat/139.jpg,Cat,0,500,303
PetImages/Cat/1390.jpg,Cat,0,375,500
PetImages/Cat/1394.jpg,Cat,0,350,430
PetImages/Cat/1395.jpg,Cat,0,328,350
PetImages/Cat/1396.jpg,Cat,0,441,474
PetImages/Cat/1397.jpg,Cat,0,500,375
PetImages/Cat/1398.jpg,Cat,0,394,500
PetImages/Cat/1399.jpg,Cat,0,448,336
PetImages/Cat/1401.jpg,Cat,0,484,500
PetImages/Cat/1403.jpg,Cat,0,320,240
PetImages/Cat/1404.jpg,Cat,0,202,270
PetImages/Cat/1406.jpg,Cat,0,350,262
PetImages/Cat/1409.jpg,Cat,0,320,240
PetImages/Cat/141.jpg,Cat,0,500,375
PetImages/Cat/1410.jpg,Cat,0,266,400
PetImages/Cat/1411.jpg,Cat,0,360,500
PetImages/Cat/1412.jpg,Cat,0,295,256
PetImages/Cat/1414.jpg,Cat,0,500,375
PetImages/Cat/1415.jpg,Cat,0,500,375
PetImages/Cat/1416.jpg,Cat,0,500,438
PetImages/Cat/1417.jpg,Cat,0,500,375
PetImages/Cat/1418.jpg,Cat,0,152,154
PetImages/Cat/1419.jpg,Cat,0,500,375
PetImages/Cat/142.jpg,Cat,0,369,499
PetImages/Cat/1420.jpg,Cat,0,500,451
PetImages/Cat/1421.jpg,Cat,0,500,375
PetImages/Cat/1424.jpg,Cat,0,500,375
PetImages/Cat/1425.jpg,Cat,0,500,375
PetImages/Cat/1426.jpg,Cat,0,500,347
PetImages/Cat/1428.jpg,Cat,0,500,333
PetImages/Cat/143.jpg,Cat,0,375,500
PetImages/Cat/1431.jpg,Cat,0,500,375
PetImages/Cat/1432.jpg,Cat,0,500,359
PetImages/Cat/1433.jpg,Cat,0,413,500
PetImages/Cat/1434.jpg,Cat,0,150,114
PetImages/Cat/1436.jpg,Cat,0,400,232
PetImages/Cat/1437.jpg,Cat,0,396,500
PetImages/Cat/1438.jpg,Cat,0,207,303
PetImages/Cat/1439.jpg,Cat,0,309,232
PetImages/Cat/144.jpg,Cat,0,500,375
PetImages/Cat/1440.jpg,Cat,0,320,240
PetImages/Cat/1441.jpg,Cat,0,500,295
PetImages/Cat/1442.jpg,Cat,0,400,348
PetImages/Cat/1443.jpg,Cat,0,466,500
PetImages/Cat/1444.jpg,Cat,0,290,265
PetImages/Cat/1445.jpg,Cat,0,449,500
PetImages/Cat/1446.jpg,Cat,0,425,480
PetImages/Cat/1448.jpg,Cat,0,375,500
PetImages/Cat/1449.jpg,Cat,0,375,500
PetImages/Cat/145.jpg,Cat,0,320,479
PetImages/Cat/1450.jpg,Cat,0,449,228
PetImages/Cat/1451.jpg,Cat,0,336,427
PetImages/Cat/1452.jpg,Cat,0,500,332
PetImages/Cat/1454.jpg,Cat,0,500,395
PetImages/Cat/1455.jpg,Cat,0,500,376
PetImages/Cat/1456.jpg,Cat,0,500,375
PetImages/Cat/1457.jpg,Cat,0,430,367
PetImages/Cat/1458.jpg,Cat,0,364,500
PetImages/Cat/146.jpg,Cat,0,80,120
PetImages/Cat/1460.jpg,Cat,0,500,376
PetImages/Cat/1462.jpg,Cat,0,330,500
PetImages/Cat/1463.jpg,Cat,0,318,342
PetImages/Cat/1464.jpg,Cat,0,500,375
PetImages/Cat/1465.jpg,Cat,0,500,249
PetImages/Cat/1467.jpg,Cat,0,500,375
PetImages/Cat/1469.jpg,Cat,0,500,375
PetImages/Cat/147.jpg,Cat,0,400,300
PetImages/Cat/1470.jpg,Cat,0,500,375
PetImages/Cat/1471.jpg,Cat,0,500,379
PetImages/Cat/1473.jpg,Cat,0,375,500
PetImages/Cat/1474.jpg,Cat,0,334,500
PetImages/Cat/1475.jpg,Cat,0,500,332
PetImages/Cat/1476.jpg,Cat,0,480,430
PetImages/Cat/1477.jpg,Cat,0,500,421
PetImages/Cat/1479.jpg,Cat,0,500,334
PetImages/Cat/148.jpg,Cat,0,320,240
PetImages/Cat/1480.jpg,Cat,0,500,375
PetImages/Cat/1481.jpg,Cat,0,500,374
PetImages/Cat/1482.jpg,Cat,0,500,375
PetImages/Cat/1483.jpg,Cat,0,480,360
PetImages/Cat/1484.jpg,Cat,0,300,212
PetImages/Cat/1485.jpg,Cat,0,500,375
PetImages/Cat/1486.jpg,Cat,0,307,230
PetImages/Cat/1489.jpg,Cat,0,500,375
PetImages/Cat/149.jpg,Cat,0,470,500
PetImages/Cat/1490.jpg,Cat,0,500,375
PetImages/Cat/1492.jpg,Cat,0,383,350
PetImages/Cat/1494.jpg,Cat,0,500,375
PetImages/Cat/1497.jpg,Cat,0,470,351
PetImages/Cat/1498.jpg,Cat,0,500,375
PetImages/Cat/1499.jpg,Cat,0,500,375
PetImages/Cat/15.jpg,Cat,0,406,353
PetImages/Cat/150.jpg,Cat,0,500,375
PetImages/Cat/1500.jpg,Cat,0,491,500
PetImages/Cat/1502.jpg,Cat,0,400,480
PetImages/Cat/1503.jpg,Cat,0,500,375
PetImages/Cat/1505.jpg,Cat,0,200,255
PetImages/Cat/1508.jpg,Cat,0,500,376
PetImages/Cat/151.jpg,Cat,0,500,375
PetImages/Cat/1511.jpg,Cat,0,500,375
PetImages/Cat/1512.jpg,Cat,0,500,496
PetImages/Cat/1514.jpg,Cat,0,354,262
PetImages/Cat/1515.jpg,Cat,0,500,408
PetImages/Cat/1516.jpg,Cat,0,465,382
PetImages/Cat/1517.jpg,Cat,0,200,150
PetImages/Cat/1518.jpg,Cat,0,375,500
PetImages/Cat/1519.jpg,Cat,0,375,500
PetImages/Cat/152.jpg,Cat,0,500,352
PetImages/Cat/1520.jpg,Cat,0,500,375
PetImages/Cat/1522.jpg,Cat,0,500,375
PetImages/Cat/1524.jpg,Cat,0,500,375
PetImages/Cat/1525.jpg,Cat,0,500,375
PetImages/Cat/1526.jpg,Cat,0,500,375
PetImages/Cat/1528.jpg,Cat,0,500,474
PetImages/Cat/153.jpg,Cat,0,500,252
PetImages/Cat/1530.jpg,Cat,0,340,227
PetImages/Cat/1531.jpg,Cat,0,500,375
PetImages/Cat/1532.jpg,Cat,0,500,375
PetImages/Cat/1533.jpg,Cat,0,138,250
PetImages/Cat/1534.jpg,Cat,0,300,240
PetImages/Cat/1535.jpg,Cat,0,500,375
PetImages/Cat/1536.jpg,Cat,0,500,375
PetImages/Cat/1537.jpg,Cat,0,240,160
PetImages/Cat/1538.jpg,Cat,0,500,319
PetImages/Cat/1539.jpg,Cat,0,280,210
PetImages/Cat/154.jpg,Cat,0,154,291
PetImages/Cat/1540.jpg,Cat,0,500,375
PetImages/Cat/1541.jpg,Cat,0,198,297
PetImages/Cat/1542.jpg,Cat,0,500,361
PetImages/Cat/1543.jpg,Cat,0,400,300
PetImages/Cat/1544.jpg,Cat,0,375,500
PetImages/Cat/1545.jpg,Cat,0,320,240
PetImages/Cat/1549.jpg,Cat,0,140,197
PetImages/Cat/1553.jpg,Cat,0,500,420
PetImages/Cat/1554.jpg,Cat,0,350,256
PetImages/Cat/1557.jpg,Cat,0,500,375
PetImages/Cat/1559.jpg,Cat,0,350,225
PetImages/Cat/156.jpg,Cat,0,500,375
PetImages/Cat/1561.jpg,Cat,0,500,375
PetImages/Cat/1562.jpg,Cat,0,500,375
PetImages/Cat/1563.jpg,Cat,0,500,375
PetImages/Cat/1564.jpg,Cat,0,284,400
PetImages/Cat/1567.jpg,Cat,0,200,177
PetImages/Cat/1568.jpg,Cat,0,500,375
PetImages/Cat/1569.jpg,Cat,0,500,375
PetImages/Cat/157.jpg,Cat,0,250,250
PetImages/Cat/1570.jpg,Cat,0,185,117
PetImages/Cat/1571.jpg,Cat,0,500,375
PetImages/Cat/1574.jpg,Cat,0,364,360
PetImages/Cat/1575.jpg,Cat,0,500,375
PetImages/Cat/1576.jpg,Cat,0,239,231
PetImages/Cat/158.jpg,Cat,0,478,500
PetImages/Cat/1580.jpg,Cat,0,350,262
PetImages/Cat/1581.jpg,Cat,0,320,240
PetImages/Cat/1582.jpg,Cat,0,500,437
PetImages/Cat/1584.jpg,Cat,0,283,270
PetImages/Cat/1585.jpg,Cat,0,500,375
PetImages/Cat/1586.jpg,Cat,0,250,325
PetImages/Cat/1587.jpg,Cat,0,468,312
PetImages/Cat/1589.jpg,Cat,0,500,375
PetImages/Cat/159.jpg,Cat,0,500,445
PetImages/Cat/1590.jpg,Cat,0,360,240
PetImages/Cat/1592.jpg,Cat,0,500,375
PetImages/Cat/1593.jpg,Cat,0,332,500
PetImages/Cat/1594.jpg,Cat,0,250,250
PetImages/Cat/1595.jpg,Cat,0,473,500
PetImages/Cat/1597.jpg,Cat,0,432,233
PetImages/Cat/1598.jpg,Cat,0,427,384
PetImages/Cat/1599.jpg,Cat,0,500,375
PetImages/Cat/16.jpg,Cat,0,448,259
PetImages/Cat/160.jpg,Cat,0,500,375
PetImages/Cat/1600.jpg,Cat,0,291,384
PetImages/Cat/1601.jpg,Cat,0,500,375
PetImages/Cat/1602.jpg,Cat,0,235,253
PetImages/Cat/1603.jpg,Cat,0,500,332
PetImages/Cat/1604.jpg,Cat,0,500,375
PetImages/Cat/1605.jpg,Cat,0,412,380
PetImages/Cat/1607.jpg,Cat,0,350,262
PetImages/Cat/1609.jpg,Cat,0,500,333
PetImages/Cat/1610.jpg,Cat,0,200,300
PetImages/Cat/1611.jpg,Cat,0,448,338
PetImages/Cat/1612.jpg,Cat,0,467,500
PetImages/Cat/1613.jpg,Cat,0,336,448
PetImages/Cat/1615.jpg,Cat,0,362,361
PetImages/Cat/1616.jpg,Cat,0,375,500
PetImages/Cat/1617.jpg,Cat,0,500,375
PetImages/Cat/1619.jpg,Cat,0,500,375
PetImages/Cat/162.jpg,Cat,0,400,342
PetImages/Cat/1620.jpg,Cat,0,500,375
PetImages/Cat/1621.jpg,Cat,0,500,333
PetImages/Cat/1622.jpg,Cat,0,500,375
PetImages/Cat/1623.jpg,Cat,0,500,375
PetImages/Cat/1625.jpg,Cat,0,418,500
PetImages/Cat/1626.jpg,Cat,0,348,500
PetImages/Cat/1627.jpg,Cat,0,500,375
PetImages/Cat/1628.jpg,Cat,0,313,415
PetImages/Cat/163.jpg,Cat,0,500,375
PetImages/Cat/1631.jpg,Cat,0,100,75
PetImages/Cat/1632.jpg,Cat,0,330,380
PetImages/Cat/1633.jpg,Cat,0,268,223
PetImages/Cat/1634.jpg,Cat,0,500,377
PetImages/Cat/1635.jpg,Cat,0,357,500
PetImages/Cat/1636.jpg,Cat,0,368,416
PetImages/Cat/1637.jpg,Cat,0,500,375
PetImages/Cat/1638.jpg,Cat,0,500,375
PetImages/Cat/1639.jpg,Cat,0,351,326
PetImages/Cat/164.jpg,Cat,0,500,375
PetImages/Cat/1641.jpg,Cat,0,399,500
PetImages/Cat/1643.jpg,Cat,0,500,375
PetImages/Cat/1644.jpg,Cat,0,400,300
PetImages/Cat/1645.jpg,Cat,0,234,400
PetImages/Cat/1646.jpg,Cat,0,500,345
PetImages/Cat/1647.jpg,Cat,0,500,375
PetImages/Cat/1648.jpg,Cat,0,217,160
PetImages/Cat/1649.jpg,Cat,0,440,309
PetImages/Cat/165.jpg,Cat,0,350,232
PetImages/Cat/1650.jpg,Cat,0,500,375
PetImages/Cat/1651.jpg,Cat,0,350,418
PetImages/Cat/1652.jpg,Cat,0,500,375
PetImages/Cat/1654.jpg,Cat,0,375,500
PetImages/Cat/1655.jpg,Cat,0,352,420
PetImages/Cat/1656.jpg,Cat,0,268,270
PetImages/Cat/1658.jpg,Cat,0,318,399
PetImages/Cat/1659.jpg,Cat,0,500,357
PetImages/Cat/166.jpg,Cat,0,324,400
PetImages/Cat/1660.jpg,Cat,0,250,200
PetImages/Cat/1661.jpg,Cat,0,500,427
PetImages/Cat/1662.jpg,Cat,0,462,500
PetImages/Cat/1664.jpg,Cat,0,350,454
PetImages/Cat/1666.jpg,Cat,0,481,500
PetImages/Cat/1667.jpg,Cat,0,350,262
PetImages/Cat/1668.jpg,Cat,0,448,292
PetImages/Cat/1669.jpg,Cat,0,500,293
PetImages/Cat/1670.jpg,Cat,0,500,375
PetImages/Cat/1671.jpg,Cat,0,500,375
PetImages/Cat/1673.jpg,Cat,0,412,500
PetImages/Cat/1674.jpg,Cat,0,230,205
PetImages/Cat/1675.jpg,Cat,0,492,500
PetImages/Cat/1676.jpg,Cat,0,500,375
PetImages/Cat/1677.jpg,Cat,0,236,299
PetImages/Cat/1678.jpg,Cat,0,300,229
PetImages/Cat/1679.jpg,Cat,0,500,409
PetImages/Cat/1681.jpg,Cat,0,216,187
PetImages/Cat/1682.jpg,Cat,0,375,500
PetImages/Cat/1686.jpg,Cat,0,500,374
PetImages/Cat/1687.jpg,Cat,0,500,375
PetImages/Cat/1691.jpg,Cat,0,209,220
PetImages/Cat/1693.jpg,Cat,0,500,299
PetImages/Cat/1695.jpg,Cat,0,350,475
PetImages/Cat/1696.jpg,Cat,0,300,225
PetImages/Cat/1697.jpg,Cat,0,266,197
PetImages/Cat/1698.jpg,Cat,0,500,375
PetImages/Cat/1699.jpg,Cat,0,195,288
PetImages/Cat/170.jpg,Cat,0,322,500
PetImages/Cat/1700.jpg,Cat,0,324,334
PetImages/Cat/1701.jpg,Cat,0,374,500
PetImages/Cat/1702.jpg,Cat,0,500,375
PetImages/Cat/1703.jpg,Cat,0,500,365
PetImages/Cat/1704.jpg,Cat,0,207,239
PetImages/Cat/1705.jpg,Cat,0,367,478
PetImages/Cat/1707.jpg,Cat,0,381,480
PetImages/Cat/171.jpg,Cat,0,313,280
PetImages/Cat/1711.jpg,Cat,0,329,315
PetImages/Cat/1712.jpg,Cat,0,320,240
PetImages/Cat/1714.jpg,Cat,0,165,200
PetImages/Cat/1715.jpg,Cat,0,500,375
PetImages/Cat/1716.jpg,Cat,0,375,500
PetImages/Cat/1717.jpg,Cat,0,350,262
PetImages/Cat/1718.jpg,Cat,0,267,270
PetImages/Cat/1719.jpg,Cat,0,500,334
PetImages/Cat/1720.jpg,Cat,0,473,500
PetImages/Cat/1721.jpg,Cat,0,250,302
PetImages/Cat/1722.jpg,Cat,0,313,322
PetImages/Cat/1723.jpg,Cat,0,216,500
PetImages/Cat/1724.jpg,Cat,0,380,393
PetImages/Cat/1725.jpg,Cat,0,400,400
PetImages/Cat/1726.jpg,Cat,0,100,110
PetImages/Cat/1728.jpg,Cat,0,500,375
PetImages/Cat/173.jpg,Cat,0,494,500
PetImages/Cat/1731.jpg,Cat,0,240,259
PetImages/Cat/1732.jpg,Cat,0,500,375
PetImages/Cat/1733.jpg,Cat,0,386,500
PetImages/Cat/1734.jpg,Cat,0,333,311
PetImages/Cat/1735.jpg,Cat,0,240,200
PetImages/Cat/1736.jpg,Cat,0,230,448
PetImages/Cat/1738.jpg,Cat,0,300,375
PetImages/Cat/1739.jpg,Cat,0,343,226
PetImages/Cat/174.jpg,Cat,0,500,430
PetImages/Cat/1740.jpg,Cat,0,500,375
PetImages/Cat/1741.jpg,Cat,0,320,240
PetImages/Cat/1742.jpg,Cat,0,350,262
PetImages/Cat/1745.jpg,Cat,0,500,376
PetImages/Cat/1747.jpg,Cat,0,375,500
PetImages/Cat/1748.jpg,Cat,0,500,276
PetImages/Cat/1749.jpg,Cat,0,420,500
PetImages/Cat/1750.jpg,Cat,0,391,317
PetImages/Cat/1751.jpg,Cat,0,483,500
PetImages/Cat/1752.jpg,Cat,0,500,375
PetImages/Cat/1753.jpg,Cat,0,243,162
PetImages/Cat/1755.jpg,Cat,0,400,299
PetImages/Cat/1757.jpg,Cat,0,220,165
PetImages/Cat/1758.jpg,Cat,0,500,280
PetImages/Cat/1759.jpg,Cat,0,500,375
PetImages/Cat/1760.jpg,Cat,0,287,287
PetImages/Cat/1761.jpg,Cat,0,500,375
PetImages/Cat/1764.jpg,Cat,0,376,360
PetImages/Cat/1765.jpg,Cat,0,500,375
PetImages/Cat/1766.jpg,Cat,0,500,351
PetImages/Cat/1767.jpg,Cat,0,476,499
PetImages/Cat/1768.jpg,Cat,0,500,375
PetImages/Cat/1769.jpg,Cat,0,500,373
PetImages/Cat/177.jpg,Cat,0,500,351
PetImages/Cat/1770.jpg,Cat,0,500,416
PetImages/Cat/1771.jpg,Cat,0,190,190
PetImages/Cat/1772.jpg,Cat,0,500,378
PetImages/Cat/1775.jpg,Cat,0,500,421
PetImages/Cat/1776.jpg,Cat,0,500,436
PetImages/Cat/1779.jpg,Cat,0,350,297
PetImages/Cat/178.jpg,Cat,0,460,347
PetImages/Cat/1780.jpg,Cat,0,500,373
PetImages/Cat/1781.jpg,Cat,0,500,377
PetImages/Cat/1783.jpg,Cat,0,375,500
PetImages/Cat/1784.jpg,Cat,0,500,375
PetImages/Cat/1785.jpg,Cat,0,475,500
PetImages/Cat/1786.jpg,Cat,0,278,270
PetImages/Cat/1788.jpg,Cat,0,500,376
PetImages/Cat/1789.jpg,Cat,0,186,133
PetImages/Cat/179.jpg,Cat,0,500,382
PetImages/Cat/1790.jpg,Cat,0,500,375
PetImages/Cat/1791.jpg,Cat,0,375,500
PetImages/Cat/1792.jpg,Cat,0,500,375
PetImages/Cat/1793.jpg,Cat,0,500,375
PetImages/Cat/1794.jpg,Cat,0,500,375
PetImages/Cat/1796.jpg,Cat,0,500,375
PetImages/Cat/1797.jpg,Cat,0,500,375
PetImages/Cat/180.jpg,Cat,0,349,500
PetImages/Cat/1800.jpg,Cat,0,460,360
PetImages/Cat/1801.jpg,Cat,0,500,375
PetImages/Cat/1803.jpg,Cat,0,500,375
PetImages/Cat/1806.jpg,Cat,0,291,302
PetImages/Cat/1807.jpg,Cat,0,500,374
PetImages/Cat/1808.jpg,Cat,0,396,297
PetImages/Cat/181.jpg,Cat,0,206,300
PetImages/Cat/1810.jpg,Cat,0,375,500
PetImages/Cat/1812.jpg,Cat,0,486,329
PetImages/Cat/1813.jpg,Cat,0,500,375
PetImages/Cat/1814.jpg,Cat,0,257,249
PetImages/Cat/1815.jpg,Cat,0,300,300
PetImages/Cat/1816.jpg,Cat,0,500,373
PetImages/Cat/1817.jpg,Cat,0,285,500
PetImages/Cat/1818.jpg,Cat,0,500,444
PetImages/Cat/1819.jpg,Cat,0,499,500
PetImages/Cat/182.jpg,Cat,0,500,374
PetImages/Cat/1820.jpg,Cat,0,373,500
PetImages/Cat/1821.jpg,Cat,0,300,300
PetImages/Cat/1822.jpg,Cat,0,500,375
PetImages/Cat/1823.jpg,Cat,0,168,200
PetImages/Cat/1824.jpg,Cat,0,320,240
PetImages/Cat/1825.jpg,Cat,0,350,380
PetImages/Cat/1826.jpg,Cat,0,500,375
PetImages/Cat/1827.jpg,Cat,0,240,224
PetImages/Cat/1829.jpg,Cat,0,166,254
PetImages/Cat/183.jpg,Cat,0,105,90
PetImages/Cat/1830.jpg,Cat,0,500,333
PetImages/Cat/1831.jpg,Cat,0,300,225
PetImages/Cat/1832.jpg,Cat,0,448,500
PetImages/Cat/1833.jpg,Cat,0,450,500
PetImages/Cat/1834.jpg,Cat,0,300,225
PetImages/Cat/1835.jpg,Cat,0,320,240
PetImages/Cat/1836.jpg,Cat,0,451,338
PetImages/Cat/1838.jpg,Cat,0,289,500
PetImages/Cat/184.jpg,Cat,0,500,475
PetImages/Cat/1840.jpg,Cat,0,90,112
PetImages/Cat/1841.jpg,Cat,0,500,236
PetImages/Cat/1843.jpg,Cat,0,500,383
PetImages/Cat/1844.jpg,Cat,0,500,350
PetImages/Cat/1846.jpg,Cat,0,500,375
PetImages/Cat/1848.jpg,Cat,0,300,352
PetImages/Cat/1849.jpg,Cat,0,500,408
PetImages/Cat/185.jpg,Cat,0,500,438
PetImages/Cat/1850.jpg,Cat,0,500,453
PetImages/Cat/1851.jpg,Cat,0,301,393
PetImages/Cat/1852.jpg,Cat,0,500,303
PetImages/Cat/1854.jpg,Cat,0,200,198
PetImages/Cat/1855.jpg,Cat,0,410,394
PetImages/Cat/1857.jpg,Cat,0,500,375
PetImages/Cat/1858.jpg,Cat,0,288,315
PetImages/Cat/1860.jpg,Cat,0,500,375
PetImages/Cat/1861.jpg,Cat,0,500,263
PetImages/Cat/1863.jpg,Cat,0,249,200
PetImages/Cat/1864.jpg,Cat,0,478,426
PetImages/Cat/1866.jpg,Cat,0,180,167
PetImages/Cat/1867.jpg,Cat,0,500,375
PetImages/Cat/1868.jpg,Cat,0,500,333
PetImages/Cat/187.jpg,Cat,0,500,375
PetImages/Cat/1870.jpg,Cat,0,500,377
PetImages/Cat/1872.jpg,Cat,0,396,379
PetImages/Cat/1873.jpg,Cat,0,500,332
PetImages/Cat/1874.jpg,Cat,0,119,142
PetImages/Cat/1875.jpg,Cat,0,500,375
PetImages/Cat/1877.jpg,Cat,0,500,470
PetImages/Cat/1878.jpg,Cat,0,500,375
PetImages/Cat/1879.jpg,Cat,0,500,375
PetImages/Cat/188.jpg,Cat,0,205,448
PetImages/Cat/1880.jpg,Cat,0,127,141
PetImages/Cat/1881.jpg,Cat,0,368,360
PetImages/Cat/1882.jpg,Cat,0,500,416
PetImages/Cat/1884.jpg,Cat,0,500,371
PetImages/Cat/1886.jpg,Cat,0,336,388
PetImages/Cat/1887.jpg,Cat,0,500,375
PetImages/Cat/1888.jpg,Cat,0,500,473
PetImages/Cat/1889.jpg,Cat,0,500,375
PetImages/Cat/1890.jpg,Cat,0,350,359
PetImages/Cat/1892.jpg,Cat,0,413,500
PetImages/Cat/1893.jpg,Cat,0,500,458
PetImages/Cat/1894.jpg,Cat,0,500,375
PetImages/Cat/1896.jpg,Cat,0,448,336
PetImages/Cat/1897.jpg,Cat,0,207,270
PetImages/Cat/1898.jpg,Cat,0,395,500
PetImages/Cat/1899.jpg,Cat,0,433,450
PetImages/Cat/1900.jpg,Cat,0,300,225
PetImages/Cat/1901.jpg,Cat,0,500,375
PetImages/Cat/1903.jpg,Cat,0,300,156
PetImages/Cat/1904.jpg,Cat,0,206,148
PetImages/Cat/1905.jpg,Cat,0,500,375
PetImages/Cat/1908.jpg,Cat,0,240,180
PetImages/Cat/1909.jpg,Cat,0,500,375
PetImages/Cat/191.jpg,Cat,0,384,500
PetImages/Cat/1910.jpg,Cat,0,500,375
PetImages/Cat/1912.jpg,Cat,0,500,375
PetImages/Cat/1914.jpg,Cat,0,384,256
PetImages/Cat/1916.jpg,Cat,0,500,375
PetImages/Cat/1917.jpg,Cat,0,350,466
PetImages/Cat/1919.jpg,Cat,0,458,500
PetImages/Cat/1920.jpg,Cat,0,500,426
PetImages/Cat/1921.jpg,Cat,0,500,375
PetImages/Cat/1923.jpg,Cat,0,500,500
PetImages/Cat/1924.jpg,Cat,0,150,150
PetImages/Cat/1925.jpg,Cat,0,476,303
PetImages/Cat/1927.jpg,Cat,0,500,495
PetImages/Cat/193.jpg,Cat,0,180,200
PetImages/Cat/1930.jpg,Cat,0,346,500
PetImages/Cat/1931.jpg,Cat,0,500,375
PetImages/Cat/1933.jpg,Cat,0,165,123
PetImages/Cat/1934.jpg,Cat,0,500,375
PetImages/Cat/1935.jpg,Cat,0,412,500
PetImages/Cat/1936.jpg,Cat,0,320,240
PetImages/Cat/1937.jpg,Cat,0,300,237
PetImages/Cat/1938.jpg,Cat,0,300,225
PetImages/Cat/194.jpg,Cat,0,500,498
PetImages/Cat/1940.jpg,Cat,0,400,300
PetImages/Cat/1941.jpg,Cat,0,500,458
PetImages/Cat/1942.jpg,Cat,0,368,480
PetImages/Cat/1943.jpg,Cat,0,500,413
PetImages/Cat/1944.jpg,Cat,0,374,500
PetImages/Cat/1945.jpg,Cat,0,490,500
PetImages/Cat/1946.jpg,Cat,0,500,375
PetImages/Cat/1947.jpg,Cat,0,500,343
PetImages/Cat/1949.jpg,Cat,0,500,375
PetImages/Cat/195.jpg,Cat,0,500,375
PetImages/Cat/1950.jpg,Cat,0,500,375
PetImages/Cat/1952.jpg,Cat,0,470,310
PetImages/Cat/1953.jpg,Cat,0,450,337
PetImages/Cat/1954.jpg,Cat,0,500,422
PetImages/Cat/1955.jpg,Cat,0,500,319
PetImages/Cat/1956.jpg,Cat,0,481,500
PetImages/Cat/1957.jpg,Cat,0,500,375
PetImages/Cat/1959.jpg,Cat,0,265,350
PetImages/Cat/1960.jpg,Cat,0,500,374
PetImages/Cat/1963.jpg,Cat,0,300,225
PetImages/Cat/1964.jpg,Cat,0,448,336
PetImages/Cat/1965.jpg,Cat,0,350,402
PetImages/Cat/1966.jpg,Cat,0,500,366
PetImages/Cat/1967.jpg,Cat,0,341,302
PetImages/Cat/1968.jpg,Cat,0,500,374
PetImages/Cat/197.jpg,Cat,0,281,500
PetImages/Cat/1971.jpg,Cat,0,500,404
PetImages/Cat/1974.jpg,Cat,0,350,500
PetImages/Cat/1976.jpg,Cat,0,500,319
PetImages/Cat/1977.jpg,Cat,0,230,354
PetImages/Cat/1979.jpg,Cat,0,500,340
PetImages/Cat/1980.jpg,Cat,0,255,443
PetImages/Cat/1981.jpg,Cat,0,500,406
PetImages/Cat/1985.jpg,Cat,0,500,374
PetImages/Cat/1986.jpg,Cat,0,115,175
PetImages/Cat/1988.jpg,Cat,0,500,375
PetImages/Cat/1989.jpg,Cat,0,500,375
PetImages/Cat/199.jpg,Cat,0,270,320
PetImages/Cat/1990.jpg,Cat,0,500,375
PetImages/Cat/1991.jpg,Cat,0,300,225
PetImages/Cat/1992.jpg,Cat,0,375,500
PetImages/Cat/1993.jpg,Cat,0,500,415
PetImages/Cat/1994.jpg,Cat,0,500,375
PetImages/Cat/1995.jpg,Cat,0,500,375
PetImages/Cat/1997.jpg,Cat,0,500,332
PetImages/Cat/1998.jpg,Cat,0,500,375
PetImages/Cat/200.jpg,Cat,0,500,375
PetImages/Cat/2000.jpg,Cat,0,459,500
PetImages/Cat/2001.jpg,Cat,0,500,323
PetImages/Cat/2002.jpg,Cat,0,500,449
PetImages/Cat/2004.jpg,Cat,0,193,197
PetImages/Cat/2005.jpg,Cat,0,350,366
PetImages/Cat/2007.jpg,Cat,0,500,400
PetImages/Cat/2008.jpg,Cat,0,500,477
PetImages/Cat/2009.jpg,Cat,0,400,309
PetImages/Cat/2011.jpg,Cat,0,472,500
PetImages/Cat/2012.jpg,Cat,0,500,375
PetImages/Cat/2015.jpg,Cat,0,400,300
PetImages/Cat/2016.jpg,Cat,0,250,273
PetImages/Cat/2017.jpg,Cat,0,300,300
PetImages/Cat/2018.jpg,Cat,0,450,384
PetImages/Cat/2019.jpg,Cat,0,500,375
PetImages/Cat/202.jpg,Cat,0,239,240
PetImages/Cat/2021.jpg,Cat,0,480,360
PetImages/Cat/2022.jpg,Cat,0,500,375
PetImages/Cat/2023.jpg,Cat,0,300,225
PetImages/Cat/2025.jpg,Cat,0,200,160
PetImages/Cat/2026.jpg,Cat,0,307,339
PetImages/Cat/2028.jpg,Cat,0,500,375
PetImages/Cat/2029.jpg,Cat,0,500,365
PetImages/Cat/203.jpg,Cat,0,500,418
PetImages/Cat/2031.jpg,Cat,0,318,500
PetImages/Cat/2032.jpg,Cat,0,375,500
PetImages/Cat/2033.jpg,Cat,0,480,443
PetImages/Cat/2035.jpg,Cat,0,500,344
PetImages/Cat/2036.jpg,Cat,0,125,124
PetImages/Cat/2037.jpg,Cat,0,500,375
PetImages/Cat/204.jpg,Cat,0,276,226
PetImages/Cat/2040.jpg,Cat,0,500,329
PetImages/Cat/2041.jpg,Cat,0,500,386
PetImages/Cat/2042.jpg,Cat,0,500,379
PetImages/Cat/2043.jpg,Cat,0,500,428
PetImages/Cat/2044.jpg,Cat,0,500,375
PetImages/Cat/2045.jpg,Cat,0,350,262
PetImages/Cat/2046.jpg,Cat,0,500,375
PetImages/Cat/2047.jpg,Cat,0,500,375
PetImages/Cat/2048.jpg,Cat,0,440,365
PetImages/Cat/2049.jpg,Cat,0,319,214
PetImages/Cat/205.jpg,Cat,0,500,259
PetImages/Cat/2050.jpg,Cat,0,300,279
PetImages/Cat/2051.jpg,Cat,0,395,500
PetImages/Cat/2052.jpg,Cat,0,414,320
PetImages/Cat/2055.jpg,Cat,0,252,162
PetImages/Cat/2056.jpg,Cat,0,500,375
PetImages/Cat/2057.jpg,Cat,0,400,360
PetImages/Cat/2059.jpg,Cat,0,200,300
PetImages/Cat/2061.jpg,Cat,0,500,375
PetImages/Cat/2064.jpg,Cat,0,500,375
PetImages/Cat/2065.jpg,Cat,0,350,263
PetImages/Cat/2066.jpg,Cat,0,434,500
PetImages/Cat/2067.jpg,Cat,0,250,354
PetImages/Cat/2068.jpg,Cat,0,235,253
PetImages/Cat/2069.jpg,Cat,0,250,319
PetImages/Cat/207.jpg,Cat,0,381,500
PetImages/Cat/2071.jpg,Cat,0,500,465
PetImages/Cat/2073.jpg,Cat,0,500,375
PetImages/Cat/2076.jpg,Cat,0,310,271
PetImages/Cat/2077.jpg,Cat,0,500,315
PetImages/Cat/2079.jpg,Cat,0,406,403
PetImages/Cat/208.jpg,Cat,0,407,305
PetImages/Cat/2080.jpg,Cat,0,471,500
PetImages/Cat/2081.jpg,Cat,0,240,240
PetImages/Cat/2083.jpg,Cat,0,188,141
PetImages/Cat/2084.jpg,Cat,0,500,388
PetImages/Cat/2085.jpg,Cat,0,500,420
PetImages/Cat/2086.jpg,Cat,0,500,450
PetImages/Cat/2087.jpg,Cat,0,149,199
PetImages/Cat/2089.jpg,Cat,0,231,320
PetImages/Cat/209.jpg,Cat,0,500,299
PetImages/Cat/2090.jpg,Cat,0,360,270
PetImages/Cat/2091.jpg,Cat,0,500,354
PetImages/Cat/2092.jpg,Cat,0,350,344
PetImages/Cat/2093.jpg,Cat,0,500,292
PetImages/Cat/2094.jpg,Cat,0,233,229
PetImages/Cat/2095.jpg,Cat,0,75,80
PetImages/Cat/2096.jpg,Cat,0,120,90
PetImages/Cat/2097.jpg,Cat,0,500,494
PetImages/Cat/2098.jpg,Cat,0,242,200
PetImages/Cat/2099.jpg,Cat,0,500,375
PetImages/Cat/21.jpg,Cat,0,431,500
PetImages/Cat/210.jpg,Cat,0,500,457
PetImages/Cat/2100.jpg,Cat,0,432,500
PetImages/Cat/2103.jpg,Cat,0,500,334
PetImages/Cat/2104.jpg,Cat,0,500,334
PetImages/Cat/2105.jpg,Cat,0,427,500
PetImages/Cat/2106.jpg,Cat,0,500,380
PetImages/Cat/2108.jpg,Cat,0,500,371
PetImages/Cat/2109.jpg,Cat,0,385,285
PetImages/Cat/211.jpg,Cat,0,235,439
PetImages/Cat/2111.jpg,Cat,0,448,410
PetImages/Cat/2112.jpg,Cat,0,500,375
PetImages/Cat/2113.jpg,Cat,0,233,270
PetImages/Cat/2114.jpg,Cat,0,212,170
PetImages/Cat/2117.jpg,Cat,0,500,377
PetImages/Cat/2118.jpg,Cat,0,500,329
PetImages/Cat/2119.jpg,Cat,0,500,375
PetImages/Cat/212.jpg,Cat,0,332,320
PetImages/Cat/2120.jpg,Cat,0,500,409
PetImages/Cat/2121.jpg,Cat,0,500,472
PetImages/Cat/2125.jpg,Cat,0,375,500
PetImages/Cat/2126.jpg,Cat,0,400,500
PetImages/Cat/2127.jpg,Cat,0,456,479
PetImages/Cat/2128.jpg,Cat,0,435,415
PetImages/Cat/2129.jpg,Cat,0,500,375
PetImages/Cat/213.jpg,Cat,0,259,270
PetImages/Cat/2130.jpg,Cat,0,500,416
PetImages/Cat/2131.jpg,Cat,0,411,379
PetImages/Cat/2132.jpg,Cat,0,500,477
PetImages/Cat/2134.jpg,Cat,0,406,412
PetImages/Cat/2136.jpg,Cat,0,339,500
PetImages/Cat/2137.jpg,Cat,0,314,500
PetImages/Cat/2138.jpg,Cat,0,300,178
PetImages/Cat/214.jpg,Cat,0,200,134
PetImages/Cat/2141.jpg,Cat,0,500,500
PetImages/Cat/2142.jpg,Cat,0,500,375
PetImages/Cat/2143.jpg,Cat,0,480,318
PetImages/Cat/2144.jpg,Cat,0,320,250
PetImages/Cat/2145.jpg,Cat,0,500,375
PetImages/Cat/2146.jpg,Cat,0,500,381
PetImages/Cat/2148.jpg,Cat,0,500,375
PetImages/Cat/2149.jpg,Cat,0,275,275
PetImages/Cat/215.jpg,Cat,0,400,325
PetImages/Cat/2150.jpg,Cat,0,500,333
PetImages/Cat/2151.jpg,Cat,0,350,265
PetImages/Cat/2152.jpg,Cat,0,333,500
PetImages/Cat/2153.jpg,Cat,0,321,391
PetImages/Cat/2154.jpg,Cat,0,500,239
PetImages/Cat/2155.jpg,Cat,0,436,500
PetImages/Cat/2156.jpg,Cat,0,500,375
PetImages/Cat/2158.jpg,Cat,0,500,375
PetImages/Cat/2159.jpg,Cat,0,407,500
PetImages/Cat/2161.jpg,Cat,0,500,375
PetImages/Cat/2162.jpg,Cat,0,350,262
PetImages/Cat/2163.jpg,Cat,0,389,500
PetImages/Cat/2164.jpg,Cat,0,322,491
PetImages/Cat/2165.jpg,Cat,0,110,97
PetImages/Cat/2167.jpg,Cat,0,319,230
PetImages/Cat/2168.jpg,Cat,0,500,333
PetImages/Cat/2169.jpg,Cat,0,448,336
PetImages/Cat/217.jpg,Cat,0,500,375
PetImages/Cat/2172.jpg,Cat,0,336,500
PetImages/Cat/2173.jpg,Cat,0,464,500
PetImages/Cat/2174.jpg,Cat,0,200,118
PetImages/Cat/2175.jpg,Cat,0,436,338
PetImages/Cat/2176.jpg,Cat,0,324,412
PetImages/Cat/2177.jpg,Cat,0,500,375
PetImages/Cat/2179.jpg,Cat,0,476,398
PetImages/Cat/2181.jpg,Cat,0,500,375
PetImages/Cat/2182.jpg,Cat,0,375,500
PetImages/Cat/2184.jpg,Cat,0,500,375
PetImages/Cat/2185.jpg,Cat,0,500,250
PetImages/Cat/2186.jpg,Cat,0,389,292
PetImages/Cat/2187.jpg,Cat,0,500,334
PetImages/Cat/2188.jpg,Cat,0,500,333
PetImages/Cat/2189.jpg,Cat,0,139,233
PetImages/Cat/2190.jpg,Cat,0,500,332
PetImages/Cat/2193.jpg,Cat,0,238,499
PetImages/Cat/2194.jpg,Cat,0,409,306
PetImages/Cat/2196.jpg,Cat,0,390,500
PetImages/Cat/2197.jpg,Cat,0,234,270
PetImages/Cat/2199.jpg,Cat,0,350,255
PetImages/Cat/22.jpg,Cat,0,500,346
PetImages/Cat/2200.jpg,Cat,0,500,375
PetImages/Cat/2201.jpg,Cat,0,350,354
PetImages/Cat/2203.jpg,Cat,0,360,270
PetImages/Cat/2205.jpg,Cat,0,264,302
PetImages/Cat/2206.jpg,Cat,0,500,375
PetImages/Cat/2207.jpg,Cat,0,276,500
PetImages/Cat/2208.jpg,Cat,0,500,375
PetImages/Cat/221.jpg,Cat,0,500,375
PetImages/Cat/2211.jpg,Cat,0,291,437
PetImages/Cat/2212.jpg,Cat,0,418,500
PetImages/Cat/2213.jpg,Cat,0,180,135
PetImages/Cat/2214.jpg,Cat,0,500,417
PetImages/Cat/2216.jpg,Cat,0,500,422
PetImages/Cat/2217.jpg,Cat,0,443,437
PetImages/Cat/2218.jpg,Cat,0,375,500
PetImages/Cat/2219.jpg,Cat,0,391,314
PetImages/Cat/2220.jpg,Cat,0,500,375
PetImages/Cat/2221.jpg,Cat,0,500,375
PetImages/Cat/2222.jpg,Cat,0,500,375
PetImages/Cat/2224.jpg,Cat,0,350,344
PetImages/Cat/2225.jpg,Cat,0,133,200
PetImages/Cat/2226.jpg,Cat,0,500,375
PetImages/Cat/2228.jpg,Cat,0,500,393
PetImages/Cat/223.jpg,Cat,0,469,434
PetImages/Cat/2230.jpg,Cat,0,480,360
PetImages/Cat/2233.jpg,Cat,0,500,328
PetImages/Cat/2234.jpg,Cat,0,500,375
PetImages/Cat/2235.jpg,Cat,0,265,500
PetImages/Cat/2236.jpg,Cat,0,314,500
PetImages/Cat/2237.jpg,Cat,0,500,333
PetImages/Cat/224.jpg,Cat,0,500,375
PetImages/Cat/2242.jpg,Cat,0,216,288
PetImages/Cat/2243.jpg,Cat,0,300,225
PetImages/Cat/2244.jpg,Cat,0,500,336
PetImages/Cat/2246.jpg,Cat,0,376,500
PetImages/Cat/2247.jpg,Cat,0,500,439
PetImages/Cat/2248.jpg,Cat,0,249,448
PetImages/Cat/2249.jpg,Cat,0,500,332
PetImages/Cat/2250.jpg,Cat,0,195,259
PetImages/Cat/2252.jpg,Cat,0,500,392
PetImages/Cat/2253.jpg,Cat,0,500,375
PetImages/Cat/2254.jpg,Cat,0,373,355
PetImages/Cat/2255.jpg,Cat,0,460,345
PetImages/Cat/2258.jpg,Cat,0,500,375
PetImages/Cat/2259.jpg,Cat,0,411,355
PetImages/Cat/2260.jpg,Cat,0,240,320
PetImages/Cat/2261.jpg,Cat,0,500,375
PetImages/Cat/2262.jpg,Cat,0,200,238
PetImages/Cat/2264.jpg,Cat,0,376,298
PetImages/Cat/2268.jpg,Cat,0,407,500
PetImages/Cat/227.jpg,Cat,0,448,336
PetImages/Cat/2270.jpg,Cat,0,500,367
PetImages/Cat/2271.jpg,Cat,0,285,500
PetImages/Cat/2272.jpg,Cat,0,500,375
PetImages/Cat/2273.jpg,Cat,0,500,414
PetImages/Cat/2278.jpg,Cat,0,400,421
PetImages/Cat/228.jpg,Cat,0,500,375
PetImages/Cat/2280.jpg,Cat,0,500,375
PetImages/Cat/2281.jpg,Cat,0,304,217
PetImages/Cat/2282.jpg,Cat,0,500,456
PetImages/Cat/2283.jpg,Cat,0,500,375
PetImages/Cat/2285.jpg,Cat,0,483,500
PetImages/Cat/2286.jpg,Cat,0,500,384
PetImages/Cat/2287.jpg,Cat,0,479,500
PetImages/Cat/2288.jpg,Cat,0,375,500
PetImages/Cat/2289.jpg,Cat,0,344,500
PetImages/Cat/229.jpg,Cat,0,335,500
PetImages/Cat/2290.jpg,Cat,0,325,400
PetImages/Cat/2292.jpg,Cat,0,500,328
PetImages/Cat/2294.jpg,Cat,0,500,471
PetImages/Cat/2296.jpg,Cat,0,480,360
PetImages/Cat/230.jpg,Cat,0,500,357
PetImages/Cat/2304.jpg,Cat,0,248,293
PetImages/Cat/2305.jpg,Cat,0,500,375
PetImages/Cat/2307.jpg,Cat,0,500,375
PetImages/Cat/2308.jpg,Cat,0,327,500
PetImages/Cat/2309.jpg,Cat,0,434,263
PetImages/Cat/231.jpg,Cat,0,500,375
PetImages/Cat/2310.jpg,Cat,0,500,375
PetImages/Cat/2312.jpg,Cat,0,500,375
PetImages/Cat/2313.jpg,Cat,0,229,171
PetImages/Cat/2315.jpg,Cat,0,500,375
PetImages/Cat/2317.jpg,Cat,0,500,375
PetImages/Cat/2318.jpg,Cat,0,162,190
PetImages/Cat/232.jpg,Cat,0,500,375
PetImages/Cat/2320.jpg,Cat,0,500,375
PetImages/Cat/2323.jpg,Cat,0,500,375
PetImages/Cat/2325.jpg,Cat,0,401,287
PetImages/Cat/2326.jpg,Cat,0,314,193
PetImages/Cat/2329.jpg,Cat,0,500,375
PetImages/Cat/233.jpg,Cat,0,500,350
PetImages/Cat/2331.jpg,Cat,0,320,240
PetImages/Cat/2332.jpg,Cat,0,304,228
PetImages/Cat/2334.jpg,Cat,0,500,375
PetImages/Cat/2336.jpg,Cat,0,500,356
PetImages/Cat/2337.jpg,Cat,0,500,375
PetImages/Cat/2338.jpg,Cat,0,500,375
PetImages/Cat/234.jpg,Cat,0,217,288
PetImages/Cat/2340.jpg,Cat,0,479,359
PetImages/Cat/2342.jpg,Cat,0,320,240
PetImages/Cat/2346.jpg,Cat,0,500,375
PetImages/Cat/2347.jpg,Cat,0,366,500
PetImages/Cat/2349.jpg,Cat,0,407,500
PetImages/Cat/2350.jpg,Cat,0,500,371
PetImages/Cat/2351.jpg,Cat,0,300,241
PetImages/Cat/2354.jpg,Cat,0,135,135
PetImages/Cat/2355.jpg,Cat,0,500,375
PetImages/Cat/236.jpg,Cat,0,500,375
PetImages/Cat/2360.jpg,Cat,0,384,401
PetImages/Cat/2361.jpg,Cat,0,225,275
PetImages/Cat/2363.jpg,Cat,0,500,416
PetImages/Cat/2364.jpg,Cat,0,300,203
PetImages/Cat/2365.jpg,Cat,0,500,343
PetImages/Cat/2366.jpg,Cat,0,500,375
PetImages/Cat/2367.jpg,Cat,0,500,377
PetImages/Cat/2369.jpg,Cat,0,448,320
PetImages/Cat/237.jpg,Cat,0,500,375
PetImages/Cat/2370.jpg,Cat,0,350,262
PetImages/Cat/2372.jpg,Cat,0,500,375
PetImages/Cat/2373.jpg,Cat,0,500,374
PetImages/Cat/2374.jpg,Cat,0,500,375
PetImages/Cat/2375.jpg,Cat,0,316,301
PetImages/Cat/2376.jpg,Cat,0,400,338
PetImages/Cat/2377.jpg,Cat,0,500,472
PetImages/Cat/2379.jpg,Cat,0,500,386
PetImages/Cat/238.jpg,Cat,0,462,500
PetImages/Cat/2380.jpg,Cat,0,500,375
PetImages/Cat/2383.jpg,Cat,0,309,270
PetImages/Cat/2385.jpg,Cat,0,321,500
PetImages/Cat/2386.jpg,Cat,0,500,375
PetImages/Cat/2387.jpg,Cat,0,500,374
PetImages/Cat/2388.jpg,Cat,0,491,500
PetImages/Cat/2389.jpg,Cat,0,231,320
PetImages/Cat/239.jpg,Cat,0,500,336
PetImages/Cat/2390.jpg,Cat,0,250,178
PetImages/Cat/2391.jpg,Cat,0,320,240
PetImages/Cat/2392.jpg,Cat,0,500,374
PetImages/Cat/2395.jpg,Cat,0,350,473
PetImages/Cat/2396.jpg,Cat,0,368,500
PetImages/Cat/2399.jpg,Cat,0,500,375
PetImages/Cat/24.jpg,Cat,0,500,375
PetImages/Cat/240.jpg,Cat,0,500,425
PetImages/Cat/2403.jpg,Cat,0,288,216
PetImages/Cat/2404.jpg,Cat,0,290,389
PetImages/Cat/2409.jpg,Cat,0,500,396
PetImages/Cat/241.jpg,Cat,0,500,375
PetImages/Cat/2410.jpg,Cat,0,497,350
PetImages/Cat/2411.jpg,Cat,0,500,387
PetImages/Cat/2412.jpg,Cat,0,376,500
PetImages/Cat/2414.jpg,Cat,0,236,350
PetImages/Cat/2415.jpg,Cat,0,140,109
PetImages/Cat/2416.jpg,Cat,0,500,375
PetImages/Cat/2417.jpg,Cat,0,475,346
PetImages/Cat/2418.jpg,Cat,0,500,375
PetImages/Cat/2419.jpg,Cat,0,500,375
PetImages/Cat/242.jpg,Cat,0,500,375
PetImages/Cat/2420.jpg,Cat,0,500,400
PetImages/Cat/2422.jpg,Cat,0,500,333
PetImages/Cat/2423.jpg,Cat,0,500,375
PetImages/Cat/2424.jpg,Cat,0,250,152
PetImages/Cat/2425.jpg,Cat,0,500,357
PetImages/Cat/2426.jpg,Cat,0,245,300
PetImages/Cat/243.jpg,Cat,0,500,375
PetImages/Cat/2432.jpg,Cat,0,500,375
PetImages/Cat/2433.jpg,Cat,0,60,41
PetImages/Cat/2436.jpg,Cat,0,500,375
PetImages/Cat/2437.jpg,Cat,0,259,188
PetImages/Cat/2438.jpg,Cat,0,461,500
PetImages/Cat/2439.jpg,Cat,0,352,291
PetImages/Cat/2440.jpg,Cat,0,452,336
PetImages/Cat/2441.jpg,Cat,0,500,375
PetImages/Cat/2444.jpg,Cat,0,228,240
PetImages/Cat/2445.jpg,Cat,0,400,309
PetImages/Cat/2446.jpg,Cat,0,500,397
PetImages/Cat/2447.jpg,Cat,0,500,371
PetImages/Cat/2448.jpg,Cat,0,374,469
PetImages/Cat/2449.jpg,Cat,0,227,183
PetImages/Cat/245.jpg,Cat,0,345,500
PetImages/Cat/2451.jpg,Cat,0,335,400
PetImages/Cat/2452.jpg,Cat,0,500,375
PetImages/Cat/2453.jpg,Cat,0,369,500
PetImages/Cat/2456.jpg,Cat,0,338,500
PetImages/Cat/2457.jpg,Cat,0,500,375
PetImages/Cat/2458.jpg,Cat,0,500,287
PetImages/Cat/246.jpg,Cat,0,500,375
PetImages/Cat/2460.jpg,Cat,0,500,424
PetImages/Cat/2461.jpg,Cat,0,500,375
PetImages/Cat/2462.jpg,Cat,0,427,500
PetImages/Cat/2464.jpg,Cat,0,500,375
PetImages/Cat/2465.jpg,Cat,0,500,375
PetImages/Cat/2466.jpg,Cat,0,500,375
PetImages/Cat/2467.jpg,Cat,0,357,362
PetImages/Cat/2469.jpg,Cat,0,500,334
PetImages/Cat/2471.jpg,Cat,0,424,480
PetImages/Cat/2472.jpg,Cat,0,288,432
PetImages/Cat/2474.jpg,Cat,0,500,320
PetImages/Cat/2475.jpg,Cat,0,320,240
PetImages/Cat/2476.jpg,Cat,0,500,375
PetImages/Cat/2477.jpg,Cat,0,486,441
PetImages/Cat/2478.jpg,Cat,0,460,500
PetImages/Cat/2479.jpg,Cat,0,499,500
PetImages/Cat/248.jpg,Cat,0,320,229
PetImages/Cat/2480.jpg,Cat,0,500,332
PetImages/Cat/2481.jpg,Cat,0,364,400
PetImages/Cat/2482.jpg,Cat,0,288,280
PetImages/Cat/2484.jpg,Cat,0,250,188
PetImages/Cat/2485.jpg,Cat,0,500,375
PetImages/Cat/2486.jpg,Cat,0,373,500
PetImages/Cat/2487.jpg,Cat,0,480,273
PetImages/Cat/2489.jpg,Cat,0,487,500
PetImages/Cat/249.jpg,Cat,0,345,336
PetImages/Cat/2490.jpg,Cat,0,500,394
PetImages/Cat/2491.jpg,Cat,0,280,247
PetImages/Cat/2492.jpg,Cat,0,500,375
PetImages/Cat/2494.jpg,Cat,0,500,333
PetImages/Cat/2495.jpg,Cat,0,500,377
PetImages/Cat/2496.jpg,Cat,0,500,375
PetImages/Cat/2497.jpg,Cat,0,500,380
PetImages/Cat/2498.jpg,Cat,0,500,375
PetImages/Cat/2499.jpg,Cat,0,500,375
PetImages/Cat/25.jpg,Cat,0,346,500
PetImages/Cat/2500.jpg,Cat,0,338,352
PetImages/Cat/2501.jpg,Cat,0,350,466
PetImages/Cat/2502.jpg,Cat,0,500,334
PetImages/Cat/2504.jpg,Cat,0,500,318
PetImages/Cat/2505.jpg,Cat,0,400,360
PetImages/Cat/2508.jpg,Cat,0,426,500
PetImages/Cat/251.jpg,Cat,0,500,375
PetImages/Cat/2510.jpg,Cat,0,500,375
PetImages/Cat/2511.jpg,Cat,0,394,500
PetImages/Cat/2513.jpg,Cat,0,500,375
PetImages/Cat/2514.jpg,Cat,0,284,272
PetImages/Cat/2516.jpg,Cat,0,293,203
PetImages/Cat/2517.jpg,Cat,0,250,232
PetImages/Cat/2518.jpg,Cat,0,500,375
PetImages/Cat/2519.jpg,Cat,0,288,250
PetImages/Cat/252.jpg,Cat,0,150,113
PetImages/Cat/2520.jpg,Cat,0,320,240
PetImages/Cat/2522.jpg,Cat,0,319,408
PetImages/Cat/2523.jpg,Cat,0,157,200
PetImages/Cat/2524.jpg,Cat,0,200,219
PetImages/Cat/2525.jpg,Cat,0,354,336
PetImages/Cat/2527.jpg,Cat,0,388,500
PetImages/Cat/2528.jpg,Cat,0,475,500
PetImages/Cat/253.jpg,Cat,0,154,129
PetImages/Cat/2530.jpg,Cat,0,500,374
PetImages/Cat/2531.jpg,Cat,0,324,252
PetImages/Cat/2532.jpg,Cat,0,477,450
PetImages/Cat/2533.jpg,Cat,0,500,332
PetImages/Cat/2534.jpg,Cat,0,126,250
PetImages/Cat/2535.jpg,Cat,0,200,161
PetImages/Cat/2536.jpg,Cat,0,350,262
PetImages/Cat/2538.jpg,Cat,0,500,375
PetImages/Cat/2539.jpg,Cat,0,500,437
PetImages/Cat/254.jpg,Cat,0,360,480
PetImages/Cat/2540.jpg,Cat,0,359,500
PetImages/Cat/2543.jpg,Cat,0,396,500
PetImages/Cat/2544.jpg,Cat,0,320,240
PetImages/Cat/2545.jpg,Cat,0,425,480
PetImages/Cat/2546.jpg,Cat,0,500,411
PetImages/Cat/2547.jpg,Cat,0,500,375
PetImages/Cat/2548.jpg,Cat,0,500,393
PetImages/Cat/2549.jpg,Cat,0,206,308
PetImages/Cat/255.jpg,Cat,0,500,500
PetImages/Cat/2550.jpg,Cat,0,200,150
PetImages/Cat/2551.jpg,Cat,0,350,306
PetImages/Cat/2552.jpg,Cat,0,479,500
PetImages/Cat/2553.jpg,Cat,0,208,156
PetImages/Cat/2554.jpg,Cat,0,500,469
PetImages/Cat/2555.jpg,Cat,0,312,432
PetImages/Cat/2556.jpg,Cat,0,500,375
PetImages/Cat/2558.jpg,Cat,0,360,270
PetImages/Cat/2559.jpg,Cat,0,500,357
PetImages/Cat/256.jpg,Cat,0,230,317
PetImages/Cat/2560.jpg,Cat,0,500,375
PetImages/Cat/2561.jpg,Cat,0,500,375
PetImages/Cat/2562.jpg,Cat,0,500,375
PetImages/Cat/2565.jpg,Cat,0,500,375
PetImages/Cat/2566.jpg,Cat,0,500,375
PetImages/Cat/2567.jpg,Cat,0,500,429
PetImages/Cat/2568.jpg,Cat,0,500,375
PetImages/Cat/2569.jpg,Cat,0,150,200
PetImages/Cat/2571.jpg,Cat,0,205,230
PetImages/Cat/2572.jpg,Cat,0,500,377
PetImages/Cat/2573.jpg,Cat,0,235,246
PetImages/Cat/2574.jpg,Cat,0,500,375
PetImages/Cat/2575.jpg,Cat,0,500,497
PetImages/Cat/2576.jpg,Cat,0,186,180
PetImages/Cat/2577.jpg,Cat,0,141,200
PetImages/Cat/2578.jpg,Cat,0,360,270
PetImages/Cat/2579.jpg,Cat,0,500,375
PetImages/Cat/258.jpg,Cat,0,360,270
PetImages/Cat/2580.jpg,Cat,0,257,343
PetImages/Cat/2581.jpg,Cat,0,322,500
PetImages/Cat/2582.jpg,Cat,0,500,333
PetImages/Cat/2583.jpg,Cat,0,500,375
PetImages/Cat/2585.jpg,Cat,0,455,500
PetImages/Cat/2587.jpg,Cat,0,500,375
PetImages/Cat/2588.jpg,Cat,0,500,375
PetImages/Cat/2589.jpg,Cat,0,500,406
PetImages/Cat/259.jpg,Cat,0,427,500
PetImages/Cat/2590.jpg,Cat,0,500,375
PetImages/Cat/2591.jpg,Cat,0,439,500
PetImages/Cat/2592.jpg,Cat,0,500,375
PetImages/Cat/2594.jpg,Cat,0,395,500
PetImages/Cat/2595.jpg,Cat,0,500,500
PetImages/Cat/2596.jpg,Cat,0,358,365
PetImages/Cat/2598.jpg,Cat,0,388,500
PetImages/Cat/2599.jpg,Cat,0,400,358
PetImages/Cat/260.jpg,Cat,0,500,462
PetImages/Cat/2600.jpg,Cat,0,450,338
PetImages/Cat/2601.jpg,Cat,0,320,240
PetImages/Cat/2602.jpg,Cat,0,200,150
PetImages/Cat/2603.jpg,Cat,0,361,414
PetImages/Cat/2605.jpg,Cat,0,500,375
PetImages/Cat/2606.jpg,Cat,0,492,500
PetImages/Cat/2608.jpg,Cat,0,448,448
PetImages/Cat/2609.jpg,Cat,0,500,375
PetImages/Cat/2610.jpg,Cat,0,375,500
PetImages/Cat/2611.jpg,Cat,0,288,270
PetImages/Cat/2612.jpg,Cat,0,500,375
PetImages/Cat/2614.jpg,Cat,0,427,500
PetImages/Cat/2615.jpg,Cat,0,500,333
PetImages/Cat/2617.jpg,Cat,0,250,184
PetImages/Cat/2618.jpg,Cat,0,432,437
PetImages/Cat/2619.jpg,Cat,0,500,446
PetImages/Cat/262.jpg,Cat,0,376,500
PetImages/Cat/2620.jpg,Cat,0,500,375
PetImages/Cat/2623.jpg,Cat,0,500,274
PetImages/Cat/2624.jpg,Cat,0,500,394
PetImages/Cat/2626.jpg,Cat,0,500,375
PetImages/Cat/2627.jpg,Cat,0,500,355
PetImages/Cat/2628.jpg,Cat,0,331,400
PetImages/Cat/2629.jpg,Cat,0,448,252
PetImages/Cat/263.jpg,Cat,0,500,375
PetImages/Cat/2630.jpg,Cat,0,500,260
PetImages/Cat/2632.jpg,Cat,0,300,225
PetImages/Cat/2633.jpg,Cat,0,350,262
PetImages/Cat/2634.jpg,Cat,0,500,374
PetImages/Cat/2635.jpg,Cat,0,300,267
PetImages/Cat/2636.jpg,Cat,0,339,400
PetImages/Cat/2637.jpg,Cat,0,267,400
PetImages/Cat/2638.jpg,Cat,0,400,500
PetImages/Cat/2639.jpg,Cat,0,350,278
PetImages/Cat/264.jpg,Cat,0,350,292
PetImages/Cat/2641.jpg,Cat,0,364,459
PetImages/Cat/2642.jpg,Cat,0,453,438
PetImages/Cat/2643.jpg,Cat,0,250,247
PetImages/Cat/2644.jpg,Cat,0,498,474
PetImages/Cat/2645.jpg,Cat,0,491,500
PetImages/Cat/2651.jpg,Cat,0,500,356
PetImages/Cat/2652.jpg,Cat,0,379,498
PetImages/Cat/2654.jpg,Cat,0,500,375
PetImages/Cat/2657.jpg,Cat,0,500,375
PetImages/Cat/2658.jpg,Cat,0,373,500
PetImages/Cat/266.jpg,Cat,0,500,375
PetImages/Cat/2661.jpg,Cat,0,334,500
PetImages/Cat/2666.jpg,Cat,0,500,375
PetImages/Cat/2667.jpg,Cat,0,351,334
PetImages/Cat/2668.jpg,Cat,0,500,375
PetImages/Cat/2669.jpg,Cat,0,465,427
PetImages/Cat/267.jpg,Cat,0,190,197
PetImages/Cat/2670.jpg,Cat,0,500,482
PetImages/Cat/2671.jpg,Cat,0,300,163
PetImages/Cat/2672.jpg,Cat,0,440,330
PetImages/Cat/2673.jpg,Cat,0,230,200
PetImages/Cat/2674.jpg,Cat,0,160,98
PetImages/Cat/2675.jpg,Cat,0,500,375
PetImages/Cat/2676.jpg,Cat,0,500,498
PetImages/Cat/2677.jpg,Cat,0,400,300
PetImages/Cat/2679.jpg,Cat,0,410,500
PetImages/Cat/268.jpg,Cat,0,254,405
PetImages/Cat/2681.jpg,Cat,0,500,375
PetImages/Cat/2683.jpg,Cat,0,320,240
PetImages/Cat/2684.jpg,Cat,0,500,375
PetImages/Cat/2687.jpg,Cat,0,374,377
PetImages/Cat/2689.jpg,Cat,0,500,375
PetImages/Cat/2693.jpg,Cat,0,225,300
PetImages/Cat/2694.jpg,Cat,0,350,206
PetImages/Cat/2695.jpg,Cat,0,500,477
PetImages/Cat/2697.jpg,Cat,0,320,240
PetImages/Cat/2698.jpg,Cat,0,421,500
PetImages/Cat/270.jpg,Cat,0,500,375
PetImages/Cat/2700.jpg,Cat,0,300,294
PetImages/Cat/2701.jpg,Cat,0,500,297
PetImages/Cat/2702.jpg,Cat,0,350,276
PetImages/Cat/2703.jpg,Cat,0,500,375
PetImages/Cat/2704.jpg,Cat,0,188,281
PetImages/Cat/2708.jpg,Cat,0,318,303
PetImages/Cat/2709.jpg,Cat,0,500,375
PetImages/Cat/2711.jpg,Cat,0,500,375
PetImages/Cat/2713.jpg,Cat,0,460,500
PetImages/Cat/2714.jpg,Cat,0,375,500
PetImages/Cat/2715.jpg,Cat,0,350,233
PetImages/Cat/2716.jpg,Cat,0,360,244
PetImages/Cat/2717.jpg,Cat,0,375,500
PetImages/Cat/2718.jpg,Cat,0,468,480
PetImages/Cat/2719.jpg,Cat,0,500,375
PetImages/Cat/272.jpg,Cat,0,366,477
PetImages/Cat/2720.jpg,Cat,0,467,500
PetImages/Cat/2722.jpg,Cat,0,350,233
PetImages/Cat/2723.jpg,Cat,0,448,307
PetImages/Cat/2724.jpg,Cat,0,500,400
PetImages/Cat/2726.jpg,Cat,0,360,333
PetImages/Cat/2727.jpg,Cat,0,325,400
PetImages/Cat/2729.jpg,Cat,0,175,170
PetImages/Cat/273.jpg,Cat,0,180,117
PetImages/Cat/2731.jpg,Cat,0,330,500
PetImages/Cat/2732.jpg,Cat,0,500,375
PetImages/Cat/2733.jpg,Cat,0,500,375
PetImages/Cat/2734.jpg,Cat,0,374,225
PetImages/Cat/2736.jpg,Cat,0,500,330
PetImages/Cat/2737.jpg,Cat,0,500,375
PetImages/Cat/2738.jpg,Cat,0,300,299
PetImages/Cat/2739.jpg,Cat,0,431,500
PetImages/Cat/274.jpg,Cat,0,200,150
PetImages/Cat/2740.jpg,Cat,0,500,322
PetImages/Cat/2741.jpg,Cat,0,352,386
PetImages/Cat/2743.jpg,Cat,0,291,284
PetImages/Cat/2744.jpg,Cat,0,360,257
PetImages/Cat/2747.jpg,Cat,0,500,332
PetImages/Cat/2749.jpg,Cat,0,500,375
PetImages/Cat/275.jpg,Cat,0,480,417
PetImages/Cat/2750.jpg,Cat,0,500,375
PetImages/Cat/2751.jpg,Cat,0,350,283
PetImages/Cat/2752.jpg,Cat,0,500,366
PetImages/Cat/2755.jpg,Cat,0,297,274
PetImages/Cat/2756.jpg,Cat,0,500,375
PetImages/Cat/2757.jpg,Cat,0,500,278
PetImages/Cat/276.jpg,Cat,0,500,404
PetImages/Cat/2761.jpg,Cat,0,500,375
PetImages/Cat/2763.jpg,Cat,0,500,375
PetImages/Cat/2765.jpg,Cat,0,500,375
PetImages/Cat/2766.jpg,Cat,0,420,247
PetImages/Cat/2768.jpg,Cat,0,428,500
PetImages/Cat/2769.jpg,Cat,0,383,469
PetImages/Cat/277.jpg,Cat,0,244,295
PetImages/Cat/2773.jpg,Cat,0,500,284
PetImages/Cat/2774.jpg,Cat,0,500,333
PetImages/Cat/2775.jpg,Cat,0,438,500
PetImages/Cat/2781.jpg,Cat,0,200,249
PetImages/Cat/2782.jpg,Cat,0,430,500
PetImages/Cat/2783.jpg,Cat,0,500,204
PetImages/Cat/2784.jpg,Cat,0,500,493
PetImages/Cat/2785.jpg,Cat,0,500,328
PetImages/Cat/2786.jpg,Cat,0,450,418
PetImages/Cat/2787.jpg,Cat,0,207,238
PetImages/Cat/2788.jpg,Cat,0,500,375
PetImages/Cat/279.jpg,Cat,0,300,262
PetImages/Cat/2790.jpg,Cat,0,480,360
PetImages/Cat/2791.jpg,Cat,0,320,240
PetImages/Cat/2792.jpg,Cat,0,500,283
PetImages/Cat/2794.jpg,Cat,0,500,391
PetImages/Cat/280.jpg,Cat,0,489,398
PetImages/Cat/2801.jpg,Cat,0,500,375
PetImages/Cat/2804.jpg,Cat,0,500,377
PetImages/Cat/2806.jpg,Cat,0,275,179
PetImages/Cat/2807.jpg,Cat,0,500,335
PetImages/Cat/2808.jpg,Cat,0,500,375
PetImages/Cat/2809.jpg,Cat,0,309,500
PetImages/Cat/281.jpg,Cat,0,500,375
PetImages/Cat/2810.jpg,Cat,0,500,342
PetImages/Cat/2811.jpg,Cat,0,500,375
PetImages/Cat/2813.jpg,Cat,0,499,394
PetImages/Cat/2814.jpg,Cat,0,150,150
PetImages/Cat/2815.jpg,Cat,0,400,372
PetImages/Cat/2818.jpg,Cat,0,300,285
PetImages/Cat/2819.jpg,Cat,0,500,333
PetImages/Cat/282.jpg,Cat,0,350,279
PetImages/Cat/2820.jpg,Cat,0,256,192
PetImages/Cat/2822.jpg,Cat,0,500,333
PetImages/Cat/2823.jpg,Cat,0,500,375
PetImages/Cat/2824.jpg,Cat,0,500,453
PetImages/Cat/2826.jpg,Cat,0,500,338
PetImages/Cat/2827.jpg,Cat,0,400,266
PetImages/Cat/2829.jpg,Cat,0,500,496
PetImages/Cat/283.jpg,Cat,0,500,246
PetImages/Cat/2830.jpg,Cat,0,500,332
PetImages/Cat/2832.jpg,Cat,0,250,188
PetImages/Cat/2833.jpg,Cat,0,386,500
PetImages/Cat/2834.jpg,Cat,0,470,374
PetImages/Cat/2835.jpg,Cat,0,350,232
PetImages/Cat/2838.jpg,Cat,0,400,267
PetImages/Cat/2839.jpg,Cat,0,500,375
PetImages/Cat/2840.jpg,Cat,0,403,500
PetImages/Cat/2841.jpg,Cat,0,302,278
PetImages/Cat/2842.jpg,Cat,0,500,423
PetImages/Cat/2843.jpg,Cat,0,500,472
PetImages/Cat/2844.jpg,Cat,0,500,333
PetImages/Cat/2846.jpg,Cat,0,500,375
PetImages/Cat/2848.jpg,Cat,0,320,240
PetImages/Cat/2849.jpg,Cat,0,500,320
PetImages/Cat/2851.jpg,Cat,0,350,249
PetImages/Cat/2853.jpg,Cat,0,500,406
PetImages/Cat/2857.jpg,Cat,0,500,465
PetImages/Cat/2859.jpg,Cat,0,500,381
PetImages/Cat/286.jpg,Cat,0,500,375
PetImages/Cat/2861.jpg,Cat,0,500,375
PetImages/Cat/2863.jpg,Cat,0,300,314
PetImages/Cat/2865.jpg,Cat,0,500,257
PetImages/Cat/2866.jpg,Cat,0,500,375
PetImages/Cat/2867.jpg,Cat,0,250,245
PetImages/Cat/2868.jpg,Cat,0,500,375
PetImages/Cat/2869.jpg,Cat,0,500,252
PetImages/Cat/287.jpg,Cat,0,274,151
PetImages/Cat/2870.jpg,Cat,0,412,500
PetImages/Cat/2876.jpg,Cat,0,499,500
PetImages/Cat/2877.jpg,Cat,0,500,243
PetImages/Cat/2878.jpg,Cat,0,220,199
PetImages/Cat/2879.jpg,Cat,0,302,500
PetImages/Cat/288.jpg,Cat,0,450,500
PetImages/Cat/2880.jpg,Cat,0,271,314
PetImages/Cat/2883.jpg,Cat,0,248,332
PetImages/Cat/2884.jpg,Cat,0,479,486
PetImages/Cat/2885.jpg,Cat,0,450,206
PetImages/Cat/2886.jpg,Cat,0,273,296
PetImages/Cat/2887.jpg,Cat,0,393,362
PetImages/Cat/2888.jpg,Cat,0,500,333
PetImages/Cat/2889.jpg,Cat,0,320,376
PetImages/Cat/289.jpg,Cat,0,156,240
PetImages/Cat/2891.jpg,Cat,0,500,375
PetImages/Cat/2892.jpg,Cat,0,448,336
PetImages/Cat/2894.jpg,Cat,0,500,375
PetImages/Cat/2895.jpg,Cat,0,200,191
PetImages/Cat/2896.jpg,Cat,0,300,278
PetImages/Cat/2898.jpg,Cat,0,500,375
PetImages/Cat/2899.jpg,Cat,0,484,500
PetImages/Cat/29.jpg,Cat,0,500,375
PetImages/Cat/290.jpg,Cat,0,500,440
PetImages/Cat/2900.jpg,Cat,0,482,500
PetImages/Cat/2901.jpg,Cat,0,500,375
PetImages/Cat/2903.jpg,Cat,0,500,375
PetImages/Cat/2904.jpg,Cat,0,320,239
PetImages/Cat/2905.jpg,Cat,0,156,127
PetImages/Cat/2906.jpg,Cat,0,150,200
PetImages/Cat/2907.jpg,Cat,0,392,383
PetImages/Cat/2908.jpg,Cat,0,500,371
PetImages/Cat/2909.jpg,Cat,0,288,360
PetImages/Cat/291.jpg,Cat,0,306,196
PetImages/Cat/2911.jpg,Cat,0,320,240
PetImages/Cat/2912.jpg,Cat,0,500,375
PetImages/Cat/2913.jpg,Cat,0,340,260
PetImages/Cat/2914.jpg,Cat,0,375,499
PetImages/Cat/2915.jpg,Cat,0,448,336
PetImages/Cat/2916.jpg,Cat,0,500,375
PetImages/Cat/2918.jpg,Cat,0,400,471
PetImages/Cat/292.jpg,Cat,0,500,419
PetImages/Cat/2922.jpg,Cat,0,303,339
PetImages/Cat/2923.jpg,Cat,0,500,375
PetImages/Cat/2925.jpg,Cat,0,448,266
PetImages/Cat/2926.jpg,Cat,0,320,235
PetImages/Cat/2927.jpg,Cat,0,500,381
PetImages/Cat/2928.jpg,Cat,0,500,375
PetImages/Cat/2929.jpg,Cat,0,300,225
PetImages/Cat/2930.jpg,Cat,0,350,262
PetImages/Cat/2931.jpg,Cat,0,500,333
PetImages/Cat/2933.jpg,Cat,0,500,374
PetImages/Cat/2934.jpg,Cat,0,500,348
PetImages/Cat/2935.jpg,Cat,0,333,500
PetImages/Cat/2937.jpg,Cat,0,500,375
PetImages/Cat/2939.jpg,Cat,0,229,307
PetImages/Cat/294.jpg,Cat,0,398,430
PetImages/Cat/2941.jpg,Cat,0,500,492
PetImages/Cat/2942.jpg,Cat,0,396,500
PetImages/Cat/2943.jpg,Cat,0,240,240
PetImages/Cat/2945.jpg,Cat,0,400,423
PetImages/Cat/2946.jpg,Cat,0,396,500
PetImages/Cat/2947.jpg,Cat,0,500,375
PetImages/Cat/2948.jpg,Cat,0,500,375
PetImages/Cat/2949.jpg,Cat,0,500,375
PetImages/Cat/2952.jpg,Cat,0,500,375
PetImages/Cat/2953.jpg,Cat,0,500,375
PetImages/Cat/2955.jpg,Cat,0,500,375
PetImages/Cat/2956.jpg,Cat,0,500,428
PetImages/Cat/2958.jpg,Cat,0,500,464
PetImages/Cat/296.jpg,Cat,0,400,300
PetImages/Cat/2960.jpg,Cat,0,338,270
PetImages/Cat/2962.jpg,Cat,0,500,375
PetImages/Cat/2963.jpg,Cat,0,320,240
PetImages/Cat/2964.jpg,Cat,0,300,205
PetImages/Cat/2965.jpg,Cat,0,288,255
PetImages/Cat/2966.jpg,Cat,0,500,367
PetImages/Cat/2968.jpg,Cat,0,357,477
PetImages/Cat/297.jpg,Cat,0,500,333
PetImages/Cat/2970.jpg,Cat,0,350,287
PetImages/Cat/2971.jpg,Cat,0,100,128
PetImages/Cat/2973.jpg,Cat,0,500,436
PetImages/Cat/2974.jpg,Cat,0,500,375
PetImages/Cat/2975.jpg,Cat,0,500,361
PetImages/Cat/2977.jpg,Cat,0,136,138
PetImages/Cat/2978.jpg,Cat,0,338,500
PetImages/Cat/298.jpg,Cat,0,432,500
PetImages/Cat/2980.jpg,Cat,0,189,270
PetImages/Cat/2982.jpg,Cat,0,500,375
PetImages/Cat/2983.jpg,Cat,0,500,334
PetImages/Cat/2985.jpg,Cat,0,290,299
PetImages/Cat/2987.jpg,Cat,0,276,300
PetImages/Cat/2988.jpg,Cat,0,330,248
PetImages/Cat/2989.jpg,Cat,0,440,387
PetImages/Cat/2990.jpg,Cat,0,500,375
PetImages/Cat/2991.jpg,Cat,0,500,399
PetImages/Cat/2993.jpg,Cat,0,350,298
PetImages/Cat/2994.jpg,Cat,0,500,433
PetImages/Cat/2995.jpg,Cat,0,320,209
PetImages/Cat/2998.jpg,Cat,0,500,349
PetImages/Cat/3.jpg,Cat,0,500,415
PetImages/Cat/30.jpg,Cat,0,350,262
PetImages/Cat/300.jpg,Cat,0,500,357
PetImages/Cat/3000.jpg,Cat,0,350,262
PetImages/Cat/3001.jpg,Cat,0,468,351
PetImages/Cat/3004.jpg,Cat,0,500,375
PetImages/Cat/3005.jpg,Cat,0,445,454
PetImages/Cat/3007.jpg,Cat,0,500,375
PetImages/Cat/3008.jpg,Cat,0,500,375
PetImages/Cat/301.jpg,Cat,0,347,291
PetImages/Cat/3010.jpg,Cat,0,500,214
PetImages/Cat/3011.jpg,Cat,0,240,191
PetImages/Cat/3017.jpg,Cat,0,500,375
PetImages/Cat/3019.jpg,Cat,0,200,300
PetImages/Cat/302.jpg,Cat,0,300,199
PetImages/Cat/3020.jpg,Cat,0,350,300
PetImages/Cat/3021.jpg,Cat,0,500,481
PetImages/Cat/3022.jpg,Cat,0,500,344
PetImages/Cat/3023.jpg,Cat,0,500,375
PetImages/Cat/3024.jpg,Cat,0,180,138
PetImages/Cat/3025.jpg,Cat,0,500,375
PetImages/Cat/3027.jpg,Cat,0,413,500
PetImages/Cat/3028.jpg,Cat,0,480,321
PetImages/Cat/3030.jpg,Cat,0,246,500
PetImages/Cat/3031.jpg,Cat,0,500,375
PetImages/Cat/3032.jpg,Cat,0,500,375
PetImages/Cat/3033.jpg,Cat,0,500,426
PetImages/Cat/3034.jpg,Cat,0,300,225
PetImages/Cat/3035.jpg,Cat,0,346,500
PetImages/Cat/3036.jpg,Cat,0,428,441
PetImages/Cat/3037.jpg,Cat,0,500,375
PetImages/Cat/3038.jpg,Cat,0,375,281
PetImages/Cat/3039.jpg,Cat,0,480,355
PetImages/Cat/304.jpg,Cat,0,500,242
PetImages/Cat/3040.jpg,Cat,0,373,326
PetImages/Cat/3044.jpg,Cat,0,500,342
PetImages/Cat/3046.jpg,Cat,0,375,500
PetImages/Cat/3049.jpg,Cat,0,500,375
PetImages/Cat/305.jpg,Cat,0,500,375
PetImages/Cat/3051.jpg,Cat,0,408,500
PetImages/Cat/3052.jpg,Cat,0,500,349
PetImages/Cat/3053.jpg,Cat,0,500,375
PetImages/Cat/3056.jpg,Cat,0,457,454
PetImages/Cat/3057.jpg,Cat,0,288,261
PetImages/Cat/3058.jpg,Cat,0,500,374
PetImages/Cat/3059.jpg,Cat,0,422,500
PetImages/Cat/306.jpg,Cat,0,478,500
PetImages/Cat/3060.jpg,Cat,0,500,375
PetImages/Cat/3061.jpg,Cat,0,500,375
PetImages/Cat/3063.jpg,Cat,0,160,101
PetImages/Cat/3064.jpg,Cat,0,500,375
PetImages/Cat/3065.jpg,Cat,0,200,220
PetImages/Cat/3066.jpg,Cat,0,315,291
PetImages/Cat/3067.jpg,Cat,0,160,120
PetImages/Cat/3068.jpg,Cat,0,446,500
PetImages/Cat/3069.jpg,Cat,0,500,225
PetImages/Cat/307.jpg,Cat,0,339,333
PetImages/Cat/3071.jpg,Cat,0,400,330
PetImages/Cat/3072.jpg,Cat,0,334,500
PetImages/Cat/3076.jpg,Cat,0,500,375
PetImages/Cat/3077.jpg,Cat,0,477,500
PetImages/Cat/3078.jpg,Cat,0,500,375
PetImages/Cat/3079.jpg,Cat,0,300,292
PetImages/Cat/3080.jpg,Cat,0,306,500
PetImages/Cat/3081.jpg,Cat,0,470,374
PetImages/Cat/3082.jpg,Cat,0,500,426
PetImages/Cat/3083.jpg,Cat,0,500,435
PetImages/Cat/3084.jpg,Cat,0,403,302
PetImages/Cat/3085.jpg,Cat,0,500,375
PetImages/Cat/3087.jpg,Cat,0,500,357
PetImages/Cat/3088.jpg,Cat,0,300,296
PetImages/Cat/3089.jpg,Cat,0,319,480
PetImages/Cat/309.jpg,Cat,0,400,362
PetImages/Cat/3090.jpg,Cat,0,500,375
PetImages/Cat/3091.jpg,Cat,0,375,500
PetImages/Cat/3092.jpg,Cat,0,500,500
PetImages/Cat/3093.jpg,Cat,0,495,437
PetImages/Cat/3094.jpg,Cat,0,500,375
PetImages/Cat/3095.jpg,Cat,0,300,411
PetImages/Cat/3097.jpg,Cat,0,417,500
PetImages/Cat/3099.jpg,Cat,0,500,375
PetImages/Cat/3101.jpg,Cat,0,375,500
PetImages/Cat/3104.jpg,Cat,0,500,374
PetImages/Cat/3108.jpg,Cat,0,414,273
PetImages/Cat/3110.jpg,Cat,0,500,375
PetImages/Cat/3111.jpg,Cat,0,448,278
PetImages/Cat/3112.jpg,Cat,0,320,240
PetImages/Cat/3113.jpg,Cat,0,500,380
PetImages/Cat/3114.jpg,Cat,0,216,360
PetImages/Cat/3116.jpg,Cat,0,250,235
PetImages/Cat/3117.jpg,Cat,0,432,324
PetImages/Cat/3118.jpg,Cat,0,300,312
PetImages/Cat/3119.jpg,Cat,0,216,164
PetImages/Cat/312.jpg,Cat,0,344,236
PetImages/Cat/3120.jpg,Cat,0,500,481
PetImages/Cat/3121.jpg,Cat,0,500,375
PetImages/Cat/3123.jpg,Cat,0,385,383
PetImages/Cat/3124.jpg,Cat,0,500,352
PetImages/Cat/3125.jpg,Cat,0,313,424
PetImages/Cat/3126.jpg,Cat,0,500,375
PetImages/Cat/3127.jpg,Cat,0,496,500
PetImages/Cat/3128.jpg,Cat,0,448,336
PetImages/Cat/3129.jpg,Cat,0,500,340
PetImages/Cat/313.jpg,Cat,0,320,240
PetImages/Cat/3130.jpg,Cat,0,335,500
PetImages/Cat/3132.jpg,Cat,0,500,451
PetImages/Cat/3134.jpg,Cat,0,300,225
PetImages/Cat/3135.jpg,Cat,0,473,500
PetImages/Cat/3138.jpg,Cat,0,448,299
PetImages/Cat/3139.jpg,Cat,0,500,375
PetImages/Cat/314.jpg,Cat,0,500,361
PetImages/Cat/3140.jpg,Cat,0,240,180
PetImages/Cat/3141.jpg,Cat,0,500,375
PetImages/Cat/3142.jpg,Cat,0,419,500
PetImages/Cat/3143.jpg,Cat,0,500,375
PetImages/Cat/3144.jpg,Cat,0,500,375
PetImages/Cat/3145.jpg,Cat,0,500,309
PetImages/Cat/3146.jpg,Cat,0,500,375
PetImages/Cat/3151.jpg,Cat,0,250,381
PetImages/Cat/3152.jpg,Cat,0,500,375
PetImages/Cat/3153.jpg,Cat,0,200,300
PetImages/Cat/3155.jpg,Cat,0,417,500
PetImages/Cat/3156.jpg,Cat,0,479,500
PetImages/Cat/3157.jpg,Cat,0,249,187
PetImages/Cat/3158.jpg,Cat,0,500,375
PetImages/Cat/3161.jpg,Cat,0,400,285
PetImages/Cat/3164.jpg,Cat,0,486,500
PetImages/Cat/3165.jpg,Cat,0,350,215
PetImages/Cat/3166.jpg,Cat,0,300,309
PetImages/Cat/3167.jpg,Cat,0,119,140
PetImages/Cat/3169.jpg,Cat,0,213,112
PetImages/Cat/3172.jpg,Cat,0,500,390
PetImages/Cat/3173.jpg,Cat,0,424,288
PetImages/Cat/3174.jpg,Cat,0,500,375
PetImages/Cat/3177.jpg,Cat,0,345,500
PetImages/Cat/318.jpg,Cat,0,500,375
PetImages/Cat/3180.jpg,Cat,0,230,175
PetImages/Cat/3181.jpg,Cat,0,167,125
PetImages/Cat/3183.jpg,Cat,0,400,300
PetImages/Cat/3184.jpg,Cat,0,400,366
PetImages/Cat/3186.jpg,Cat,0,500,375
PetImages/Cat/3187.jpg,Cat,0,500,375
PetImages/Cat/319.jpg,Cat,0,320,240
PetImages/Cat/3190.jpg,Cat,0,500,375
PetImages/Cat/3191.jpg,Cat,0,500,377
PetImages/Cat/3193.jpg,Cat,0,500,375
PetImages/Cat/3194.jpg,Cat,0,375,500
PetImages/Cat/3197.jpg,Cat,0,372,352
PetImages/Cat/32.jpg,Cat,0,500,375
PetImages/Cat/3200.jpg,Cat,0,500,375
PetImages/Cat/3202.jpg,Cat,0,447,500
PetImages/Cat/3205.jpg,Cat,0,500,375
PetImages/Cat/3206.jpg,Cat,0,340,474
PetImages/Cat/3207.jpg,Cat,0,500,470
PetImages/Cat/3209.jpg,Cat,0,416,269
PetImages/Cat/321.jpg,Cat,0,500,375
PetImages/Cat/3210.jpg,Cat,0,400,300
PetImages/Cat/3211.jpg,Cat,0,400,468
PetImages/Cat/3213.jpg,Cat,0,412,276
PetImages/Cat/3214.jpg,Cat,0,338,500
PetImages/Cat/3215.jpg,Cat,0,338,500
PetImages/Cat/3216.jpg,Cat,0,154,111
PetImages/Cat/3217.jpg,Cat,0,500,427
PetImages/Cat/3219.jpg,Cat,0,500,375
PetImages/Cat/322.jpg,Cat,0,250,250
PetImages/Cat/3220.jpg,Cat,0,500,343
PetImages/Cat/3221.jpg,Cat,0,174,247
PetImages/Cat/3222.jpg,Cat,0,500,375
PetImages/Cat/3223.jpg,Cat,0,500,440
PetImages/Cat/3224.jpg,Cat,0,420,389
PetImages/Cat/3225.jpg,Cat,0,500,375
PetImages/Cat/3226.jpg,Cat,0,250,231
PetImages/Cat/3227.jpg,Cat,0,292,443
PetImages/Cat/323.jpg,Cat,0,500,384
PetImages/Cat/3230.jpg,Cat,0,500,323
PetImages/Cat/3232.jpg,Cat,0,352,500
PetImages/Cat/3234.jpg,Cat,0,307,409
PetImages/Cat/3236.jpg,Cat,0,500,375
PetImages/Cat/3237.jpg,Cat,0,440,388
PetImages/Cat/3238.jpg,Cat,0,162,162
PetImages/Cat/3239.jpg,Cat,0,500,375
PetImages/Cat/3240.jpg,Cat,0,348,393
PetImages/Cat/3241.jpg,Cat,0,500,375
PetImages/Cat/3242.jpg,Cat,0,500,375
PetImages/Cat/3243.jpg,Cat,0,500,375
PetImages/Cat/3244.jpg,Cat,0,500,375
PetImages/Cat/3245.jpg,Cat,0,300,325
PetImages/Cat/3246.jpg,Cat,0,283,283
PetImages/Cat/3247.jpg,Cat,0,500,375
PetImages/Cat/3249.jpg,Cat,0,400,315
PetImages/Cat/325.jpg,Cat,0,500,375
PetImages/Cat/3251.jpg,Cat,0,387,446
PetImages/Cat/3253.jpg,Cat,0,500,375
PetImages/Cat/3254.jpg,Cat,0,500,375
PetImages/Cat/3255.jpg,Cat,0,375,500
PetImages/Cat/3256.jpg,Cat,0,436,500
PetImages/Cat/3257.jpg,Cat,0,300,438
PetImages/Cat/3258.jpg,Cat,0,337,500
PetImages/Cat/3259.jpg,Cat,0,450,500
PetImages/Cat/326.jpg,Cat,0,500,375
PetImages/Cat/3260.jpg,Cat,0,500,375
PetImages/Cat/3261.jpg,Cat,0,500,375
PetImages/Cat/3263.jpg,Cat,0,500,375
PetImages/Cat/3264.jpg,Cat,0,333,500
PetImages/Cat/3265.jpg,Cat,0,454,500
PetImages/Cat/3266.jpg,Cat,0,375,500
PetImages/Cat/3268.jpg,Cat,0,426,398
PetImages/Cat/327.jpg,Cat,0,500,375
PetImages/Cat/3270.jpg,Cat,0,450,338
PetImages/Cat/3272.jpg,Cat,0,500,375
PetImages/Cat/3273.jpg,Cat,0,320,240
PetImages/Cat/3274.jpg,Cat,0,500,375
PetImages/Cat/3275.jpg,Cat,0,500,310
PetImages/Cat/3276.jpg,Cat,0,320,240
PetImages/Cat/3277.jpg,Cat,0,240,240
PetImages/Cat/3278.jpg,Cat,0,500,490
PetImages/Cat/3279.jpg,Cat,0,500,375
PetImages/Cat/328.jpg,Cat,0,427,500
PetImages/Cat/3280.jpg,Cat,0,500,375
PetImages/Cat/3281.jpg,Cat,0,378,500
PetImages/Cat/3285.jpg,Cat,0,500,375
PetImages/Cat/3286.jpg,Cat,0,399,457
PetImages/Cat/3287.jpg,Cat,0,500,375
PetImages/Cat/3288.jpg,Cat,0,250,187
PetImages/Cat/3289.jpg,Cat,0,305,340
PetImages/Cat/329.jpg,Cat,0,500,489
PetImages/Cat/3290.jpg,Cat,0,500,375
PetImages/Cat/3291.jpg,Cat,0,500,493
PetImages/Cat/3295.jpg,Cat,0,467,418
PetImages/Cat/3297.jpg,Cat,0,500,375
PetImages/Cat/3299.jpg,Cat,0,288,278
PetImages/Cat/33.jpg,Cat,0,500,375
PetImages/Cat/330.jpg,Cat,0,494,357
PetImages/Cat/3300.jpg,Cat,0,250,228
PetImages/Cat/3304.jpg,Cat,0,328,312
PetImages/Cat/3305.jpg,Cat,0,500,331
PetImages/Cat/3306.jpg,Cat,0,281,500
PetImages/Cat/3307.jpg,Cat,0,150,140
PetImages/Cat/3309.jpg,Cat,0,320,240
PetImages/Cat/331.jpg,Cat,0,500,480
PetImages/Cat/3311.jpg,Cat,0,500,375
PetImages/Cat/3313.jpg,Cat,0,500,375
PetImages/Cat/3314.jpg,Cat,0,324,459
PetImages/Cat/3315.jpg,Cat,0,300,300
PetImages/Cat/3316.jpg,Cat,0,500,375
PetImages/Cat/3318.jpg,Cat,0,500,412
PetImages/Cat/3319.jpg,Cat,0,500,434
PetImages/Cat/3323.jpg,Cat,0,500,492
PetImages/Cat/3325.jpg,Cat,0,500,375
PetImages/Cat/3326.jpg,Cat,0,146,221
PetImages/Cat/3327.jpg,Cat,0,400,378
PetImages/Cat/3328.jpg,Cat,0,500,375
PetImages/Cat/3330.jpg,Cat,0,480,360
PetImages/Cat/3331.jpg,Cat,0,500,333
PetImages/Cat/3332.jpg,Cat,0,175,186
PetImages/Cat/3335.jpg,Cat,0,500,375
PetImages/Cat/3336.jpg,Cat,0,469,500
PetImages/Cat/3337.jpg,Cat,0,500,400
PetImages/Cat/3338.jpg,Cat,0,500,377
PetImages/Cat/3339.jpg,Cat,0,320,213
PetImages/Cat/334.jpg,Cat,0,350,249
PetImages/Cat/3340.jpg,Cat,0,500,425
PetImages/Cat/3341.jpg,Cat,0,300,450
PetImages/Cat/3343.jpg,Cat,0,500,333
PetImages/Cat/3345.jpg,Cat,0,416,276
PetImages/Cat/3346.jpg,Cat,0,289,209
PetImages/Cat/3349.jpg,Cat,0,500,375
PetImages/Cat/335.jpg,Cat,0,338,330
PetImages/Cat/3350.jpg,Cat,0,500,385
PetImages/Cat/3351.jpg,Cat,0,371,462
PetImages/Cat/3352.jpg,Cat,0,288,360
PetImages/Cat/3353.jpg,Cat,0,500,375
PetImages/Cat/3354.jpg,Cat,0,343,480
PetImages/Cat/3358.jpg,Cat,0,375,401
PetImages/Cat/336.jpg,Cat,0,256,192
PetImages/Cat/3360.jpg,Cat,0,366,500
PetImages/Cat/3362.jpg,Cat,0,359,352
PetImages/Cat/3363.jpg,Cat,0,300,420
PetImages/Cat/3365.jpg,Cat,0,336,394
PetImages/Cat/3367.jpg,Cat,0,500,333
PetImages/Cat/337.jpg,Cat,0,448,315
PetImages/Cat/3370.jpg,Cat,0,229,500
PetImages/Cat/3371.jpg,Cat,0,475,356
PetImages/Cat/3375.jpg,Cat,0,350,308
PetImages/Cat/3376.jpg,Cat,0,167,125
PetImages/Cat/3378.jpg,Cat,0,305,470
PetImages/Cat/338.jpg,Cat,0,500,373
PetImages/Cat/3381.jpg,Cat,0,161,121
PetImages/Cat/3382.jpg,Cat,0,382,500
PetImages/Cat/3384.jpg,Cat,0,287,313
PetImages/Cat/3389.jpg,Cat,0,320,240
PetImages/Cat/339.jpg,Cat,0,500,375
PetImages/Cat/3390.jpg,Cat,0,500,302
PetImages/Cat/3391.jpg,Cat,0,405,256
PetImages/Cat/3392.jpg,Cat,0,462,500
PetImages/Cat/3394.jpg,Cat,0,500,375
PetImages/Cat/3395.jpg,Cat,0,266,200
PetImages/Cat/3396.jpg,Cat,0,497,234
PetImages/Cat/3397.jpg,Cat,0,500,375
PetImages/Cat/3398.jpg,Cat,0,150,113
PetImages/Cat/3399.jpg,Cat,0,500,332
PetImages/Cat/3401.jpg,Cat,0,500,375
PetImages/Cat/3402.jpg,Cat,0,121,182
PetImages/Cat/3403.jpg,Cat,0,500,375
PetImages/Cat/3404.jpg,Cat,0,500,379
PetImages/Cat/3405.jpg,Cat,0,360,332
PetImages/Cat/3406.jpg,Cat,0,500,375
PetImages/Cat/3407.jpg,Cat,0,500,375
PetImages/Cat/3408.jpg,Cat,0,500,333
PetImages/Cat/3410.jpg,Cat,0,128,75
PetImages/Cat/3411.jpg,Cat,0,345,442
PetImages/Cat/3413.jpg,Cat,0,500,375
PetImages/Cat/3415.jpg,Cat,0,470,500
PetImages/Cat/3416.jpg,Cat,0,417,500
PetImages/Cat/3418.jpg,Cat,0,500,375
PetImages/Cat/3419.jpg,Cat,0,284,288
PetImages/Cat/342.jpg,Cat,0,160,153
PetImages/Cat/3420.jpg,Cat,0,434,500
PetImages/Cat/3421.jpg,Cat,0,396,500
PetImages/Cat/3423.jpg,Cat,0,500,375
PetImages/Cat/3424.jpg,Cat,0,500,424
PetImages/Cat/3425.jpg,Cat,0,198,297
PetImages/Cat/3427.jpg,Cat,0,409,500
PetImages/Cat/3428.jpg,Cat,0,400,394
PetImages/Cat/3429.jpg,Cat,0,209,257
PetImages/Cat/343.jpg,Cat,0,398,485
PetImages/Cat/3430.jpg,Cat,0,307,409
PetImages/Cat/3431.jpg,Cat,0,500,481
PetImages/Cat/3432.jpg,Cat,0,500,375
PetImages/Cat/3433.jpg,Cat,0,500,375
PetImages/Cat/3434.jpg,Cat,0,451,500
PetImages/Cat/3435.jpg,Cat,0,500,333
PetImages/Cat/3436.jpg,Cat,0,356,500
PetImages/Cat/3437.jpg,Cat,0,371,254
PetImages/Cat/3439.jpg,Cat,0,500,375
PetImages/Cat/3440.jpg,Cat,0,500,375
PetImages/Cat/3441.jpg,Cat,0,469,430
PetImages/Cat/3442.jpg,Cat,0,339,326
PetImages/Cat/3443.jpg,Cat,0,500,375
PetImages/Cat/3445.jpg,Cat,0,266,274
PetImages/Cat/3446.jpg,Cat,0,500,284
PetImages/Cat/3449.jpg,Cat,0,251,500
PetImages/Cat/3451.jpg,Cat,0,349,385
PetImages/Cat/3452.jpg,Cat,0,500,318
PetImages/Cat/3454.jpg,Cat,0,320,240
PetImages/Cat/3455.jpg,Cat,0,366,450
PetImages/Cat/3457.jpg,Cat,0,224,320
PetImages/Cat/3458.jpg,Cat,0,125,129
PetImages/Cat/3459.jpg,Cat,0,480,360
PetImages/Cat/346.jpg,Cat,0,200,300
PetImages/Cat/3461.jpg,Cat,0,500,375
PetImages/Cat/3463.jpg,Cat,0,500,375
PetImages/Cat/3464.jpg,Cat,0,420,500
PetImages/Cat/3466.jpg,Cat,0,500,333
PetImages/Cat/3467.jpg,Cat,0,500,375
PetImages/Cat/3468.jpg,Cat,0,178,134
PetImages/Cat/3469.jpg,Cat,0,400,249
PetImages/Cat/3470.jpg,Cat,0,326,434
PetImages/Cat/3471.jpg,Cat,0,358,500
PetImages/Cat/3472.jpg,Cat,0,500,470
PetImages/Cat/3473.jpg,Cat,0,392,234
PetImages/Cat/3474.jpg,Cat,0,500,442
PetImages/Cat/3475.jpg,Cat,0,250,400
PetImages/Cat/3477.jpg,Cat,0,401,500
PetImages/Cat/3478.jpg,Cat,0,500,316
PetImages/Cat/3479.jpg,Cat,0,500,374
PetImages/Cat/348.jpg,Cat,0,500,400
PetImages/Cat/3480.jpg,Cat,0,500,375
PetImages/Cat/3481.jpg,Cat,0,320,240
PetImages/Cat/3483.jpg,Cat,0,500,375
PetImages/Cat/3485.jpg,Cat,0,475,305
PetImages/Cat/3486.jpg,Cat,0,500,331
PetImages/Cat/3487.jpg,Cat,0,300,277
PetImages/Cat/3488.jpg,Cat,0,500,375
PetImages/Cat/349.jpg,Cat,0,345,400
PetImages/Cat/3491.jpg,Cat,0,259,346
PetImages/Cat/3492.jpg,Cat,0,395,345
PetImages/Cat/3494.jpg,Cat,0,500,375
PetImages/Cat/3495.jpg,Cat,0,458,500
PetImages/Cat/3496.jpg,Cat,0,500,375
PetImages/Cat/3497.jpg,Cat,0,256,272
PetImages/Cat/3499.jpg,Cat,0,446,500
PetImages/Cat/3500.jpg,Cat,0,403,333
PetImages/Cat/3501.jpg,Cat,0,448,336
PetImages/Cat/3502.jpg,Cat,0,250,163
PetImages/Cat/3503.jpg,Cat,0,240,180
PetImages/Cat/3504.jpg,Cat,0,500,375
PetImages/Cat/3506.jpg,Cat,0,500,319
PetImages/Cat/3507.jpg,Cat,0,500,375
PetImages/Cat/3509.jpg,Cat,0,500,375
PetImages/Cat/351.jpg,Cat,0,320,240
PetImages/Cat/3510.jpg,Cat,0,500,375
PetImages/Cat/3511.jpg,Cat,0,500,375
PetImages/Cat/3512.jpg,Cat,0,374,294
PetImages/Cat/3515.jpg,Cat,0,480,360
PetImages/Cat/3516.jpg,Cat,0,500,375
PetImages/Cat/3517.jpg,Cat,0,463,307
PetImages/Cat/3518.jpg,Cat,0,300,216
PetImages/Cat/3520.jpg,Cat,0,500,348
PetImages/Cat/3522.jpg,Cat,0,315,500
PetImages/Cat/3523.jpg,Cat,0,400,265
PetImages/Cat/3524.jpg,Cat,0,375,500
PetImages/Cat/3525.jpg,Cat,0,261,500
PetImages/Cat/3526.jpg,Cat,0,500,375
PetImages/Cat/3528.jpg,Cat,0,177,145
PetImages/Cat/3529.jpg,Cat,0,350,262
PetImages/Cat/3532.jpg,Cat,0,300,225
PetImages/Cat/3533.jpg,Cat,0,500,468
PetImages/Cat/3534.jpg,Cat,0,414,500
PetImages/Cat/3535.jpg,Cat,0,500,375
PetImages/Cat/3536.jpg,Cat,0,320,240
PetImages/Cat/3538.jpg,Cat,0,500,375
PetImages/Cat/3539.jpg,Cat,0,314,194
PetImages/Cat/354.jpg,Cat,0,367,500
PetImages/Cat/3541.jpg,Cat,0,500,375
PetImages/Cat/3543.jpg,Cat,0,319,124
PetImages/Cat/3544.jpg,Cat,0,336,382
PetImages/Cat/3545.jpg,Cat,0,500,375
PetImages/Cat/3546.jpg,Cat,0,500,374
PetImages/Cat/3547.jpg,Cat,0,360,480
PetImages/Cat/3548.jpg,Cat,0,500,375
PetImages/Cat/3549.jpg,Cat,0,500,375
PetImages/Cat/355.jpg,Cat,0,220,250
PetImages/Cat/3550.jpg,Cat,0,336,159
PetImages/Cat/3551.jpg,Cat,0,426,457
PetImages/Cat/3552.jpg,Cat,0,249,270
PetImages/Cat/3555.jpg,Cat,0,500,360
PetImages/Cat/3556.jpg,Cat,0,500,325
PetImages/Cat/3557.jpg,Cat,0,369,500
PetImages/Cat/356.jpg,Cat,0,450,405
PetImages/Cat/3561.jpg,Cat,0,335,311
PetImages/Cat/3562.jpg,Cat,0,500,500
PetImages/Cat/3563.jpg,Cat,0,375,500
PetImages/Cat/3564.jpg,Cat,0,500,284
PetImages/Cat/3567.jpg,Cat,0,90,200
PetImages/Cat/3569.jpg,Cat,0,256,234
PetImages/Cat/357.jpg,Cat,0,500,375
PetImages/Cat/3570.jpg,Cat,0,500,308
PetImages/Cat/3571.jpg,Cat,0,500,375
PetImages/Cat/3572.jpg,Cat,0,500,435
PetImages/Cat/3573.jpg,Cat,0,394,500
PetImages/Cat/3577.jpg,Cat,0,500,375
PetImages/Cat/3578.jpg,Cat,0,341,200
PetImages/Cat/3579.jpg,Cat,0,500,375
PetImages/Cat/358.jpg,Cat,0,500,325
PetImages/Cat/3580.jpg,Cat,0,500,375
PetImages/Cat/3582.jpg,Cat,0,500,456
PetImages/Cat/3587.jpg,Cat,0,500,375
PetImages/Cat/3588.jpg,Cat,0,500,375
PetImages/Cat/359.jpg,Cat,0,500,352
PetImages/Cat/3590.jpg,Cat,0,500,252
PetImages/Cat/3592.jpg,Cat,0,486,500
PetImages/Cat/3594.jpg,Cat,0,500,500
PetImages/Cat/3595.jpg,Cat,0,155,130
PetImages/Cat/3596.jpg,Cat,0,500,375
PetImages/Cat/3597.jpg,Cat,0,300,246
PetImages/Cat/3598.jpg,Cat,0,400,411
PetImages/Cat/3599.jpg,Cat,0,240,184
PetImages/Cat/36.jpg,Cat,0,500,312
PetImages/Cat/360.jpg,Cat,0,500,375
PetImages/Cat/3600.jpg,Cat,0,500,375
PetImages/Cat/3601.jpg,Cat,0,350,262
PetImages/Cat/3602.jpg,Cat,0,243,324
PetImages/Cat/3603.jpg,Cat,0,375,500
PetImages/Cat/3604.jpg,Cat,0,294,141
PetImages/Cat/3605.jpg,Cat,0,500,375
PetImages/Cat/3606.jpg,Cat,0,479,360
PetImages/Cat/361.jpg,Cat,0,369,500
PetImages/Cat/3612.jpg,Cat,0,375,500
PetImages/Cat/3613.jpg,Cat,0,320,324
PetImages/Cat/3614.jpg,Cat,0,355,500
PetImages/Cat/3615.jpg,Cat,0,350,361
PetImages/Cat/3617.jpg,Cat,0,482,500
PetImages/Cat/3619.jpg,Cat,0,295,294
PetImages/Cat/3620.jpg,Cat,0,240,180
PetImages/Cat/3621.jpg,Cat,0,500,375
PetImages/Cat/3622.jpg,Cat,0,500,402
PetImages/Cat/3624.jpg,Cat,0,500,375
PetImages/Cat/3626.jpg,Cat,0,387,500
PetImages/Cat/3629.jpg,Cat,0,500,410
PetImages/Cat/363.jpg,Cat,0,500,375
PetImages/Cat/3631.jpg,Cat,0,350,295
PetImages/Cat/3633.jpg,Cat,0,500,332
PetImages/Cat/3634.jpg,Cat,0,475,500
PetImages/Cat/3635.jpg,Cat,0,258,345
PetImages/Cat/3636.jpg,Cat,0,500,396
PetImages/Cat/3638.jpg,Cat,0,425,350
PetImages/Cat/3639.jpg,Cat,0,500,375
PetImages/Cat/3640.jpg,Cat,0,300,249
PetImages/Cat/3641.jpg,Cat,0,96,60
PetImages/Cat/3644.jpg,Cat,0,500,375
PetImages/Cat/3645.jpg,Cat,0,500,375
PetImages/Cat/3648.jpg,Cat,0,500,416
PetImages/Cat/3649.jpg,Cat,0,352,462
PetImages/Cat/3651.jpg,Cat,0,437,500
PetImages/Cat/3652.jpg,Cat,0,500,380
PetImages/Cat/3653.jpg,Cat,0,500,407
PetImages/Cat/3654.jpg,Cat,0,467,414
PetImages/Cat/3655.jpg,Cat,0,500,374
PetImages/Cat/3656.jpg,Cat,0,146,194
PetImages/Cat/3657.jpg,Cat,0,500,375
PetImages/Cat/366.jpg,Cat,0,500,333
PetImages/Cat/3660.jpg,Cat,0,186,240
PetImages/Cat/3661.jpg,Cat,0,500,382
PetImages/Cat/3664.jpg,Cat,0,432,450
PetImages/Cat/3665.jpg,Cat,0,479,359
PetImages/Cat/3667.jpg,Cat,0,500,375
PetImages/Cat/3668.jpg,Cat,0,372,500
PetImages/Cat/3669.jpg,Cat,0,336,400
PetImages/Cat/367.jpg,Cat,0,333,500
PetImages/Cat/3670.jpg,Cat,0,500,375
PetImages/Cat/3671.jpg,Cat,0,500,375
PetImages/Cat/3672.jpg,Cat,0,500,375
PetImages/Cat/3673.jpg,Cat,0,218,200
PetImages/Cat/3674.jpg,Cat,0,500,375
PetImages/Cat/3675.jpg,Cat,0,350,300
PetImages/Cat/3676.jpg,Cat,0,500,375
PetImages/Cat/3677.jpg,Cat,0,500,344
PetImages/Cat/3678.jpg,Cat,0,299,376
PetImages/Cat/3679.jpg,Cat,0,500,460
PetImages/Cat/368.jpg,Cat,0,400,300
PetImages/Cat/3680.jpg,Cat,0,316,380
PetImages/Cat/3681.jpg,Cat,0,450,500
PetImages/Cat/3683.jpg,Cat,0,350,385
PetImages/Cat/3685.jpg,Cat,0,500,375
PetImages/Cat/3686.jpg,Cat,0,320,240
PetImages/Cat/3687.jpg,Cat,0,412,500
PetImages/Cat/369.jpg,Cat,0,500,375
PetImages/Cat/3691.jpg,Cat,0,500,444
PetImages/Cat/3693.jpg,Cat,0,500,375
PetImages/Cat/3694.jpg,Cat,0,500,375
PetImages/Cat/3695.jpg,Cat,0,364,442
PetImages/Cat/3696.jpg,Cat,0,500,375
PetImages/Cat/3697.jpg,Cat,0,500,375
PetImages/Cat/3698.jpg,Cat,0,390,419
PetImages/Cat/3699.jpg,Cat,0,140,93
PetImages/Cat/37.jpg,Cat,0,500,337
PetImages/Cat/3700.jpg,Cat,0,500,333
PetImages/Cat/3701.jpg,Cat,0,406,421
PetImages/Cat/3702.jpg,Cat,0,500,375
PetImages/Cat/3703.jpg,Cat,0,400,400
PetImages/Cat/3705.jpg,Cat,0,500,375
PetImages/Cat/3706.jpg,Cat,0,267,200
PetImages/Cat/3707.jpg,Cat,0,500,436
PetImages/Cat/3709.jpg,Cat,0,432,314
PetImages/Cat/371.jpg,Cat,0,500,375
PetImages/Cat/3711.jpg,Cat,0,332,500
PetImages/Cat/3712.jpg,Cat,0,440,346
PetImages/Cat/3714.jpg,Cat,0,243,182
PetImages/Cat/3715.jpg,Cat,0,500,375
PetImages/Cat/3716.jpg,Cat,0,82,133
PetImages/Cat/3717.jpg,Cat,0,397,444
PetImages/Cat/3718.jpg,Cat,0,500,375
PetImages/Cat/372.jpg,Cat,0,276,335
PetImages/Cat/3720.jpg,Cat,0,367,446
PetImages/Cat/3721.jpg,Cat,0,500,416
PetImages/Cat/3722.jpg,Cat,0,500,375
PetImages/Cat/3723.jpg,Cat,0,475,488
PetImages/Cat/3727.jpg,Cat,0,500,375
PetImages/Cat/3729.jpg,Cat,0,500,375
PetImages/Cat/373.jpg,Cat,0,450,379
PetImages/Cat/3730.jpg,Cat,0,442,500
PetImages/Cat/3731.jpg,Cat,0,500,375
PetImages/Cat/3732.jpg,Cat,0,500,375
PetImages/Cat/3734.jpg,Cat,0,410,308
PetImages/Cat/3735.jpg,Cat,0,360,289
PetImages/Cat/3736.jpg,Cat,0,277,270
PetImages/Cat/3738.jpg,Cat,0,348,297
PetImages/Cat/3739.jpg,Cat,0,75,75
PetImages/Cat/3740.jpg,Cat,0,500,461
PetImages/Cat/3741.jpg,Cat,0,282,320
PetImages/Cat/3743.jpg,Cat,0,500,465
PetImages/Cat/3744.jpg,Cat,0,480,348
PetImages/Cat/3745.jpg,Cat,0,174,131
PetImages/Cat/3749.jpg,Cat,0,140,144
PetImages/Cat/375.jpg,Cat,0,396,363
PetImages/Cat/3750.jpg,Cat,0,400,300
PetImages/Cat/3752.jpg,Cat,0,500,375
PetImages/Cat/3753.jpg,Cat,0,130,148
PetImages/Cat/3755.jpg,Cat,0,151,200
PetImages/Cat/3756.jpg,Cat,0,500,375
PetImages/Cat/3757.jpg,Cat,0,500,375
PetImages/Cat/3758.jpg,Cat,0,200,112
PetImages/Cat/3760.jpg,Cat,0,500,374
PetImages/Cat/3761.jpg,Cat,0,500,330
PetImages/Cat/3762.jpg,Cat,0,350,300
PetImages/Cat/3763.jpg,Cat,0,150,200
PetImages/Cat/3766.jpg,Cat,0,384,408
PetImages/Cat/3768.jpg,Cat,0,500,375
PetImages/Cat/3769.jpg,Cat,0,500,375
PetImages/Cat/377.jpg,Cat,0,500,375
PetImages/Cat/3771.jpg,Cat,0,300,257
PetImages/Cat/3773.jpg,Cat,0,180,114
PetImages/Cat/3774.jpg,Cat,0,500,375
PetImages/Cat/3776.jpg,Cat,0,417,500
PetImages/Cat/3777.jpg,Cat,0,443,500
PetImages/Cat/3778.jpg,Cat,0,330,500
PetImages/Cat/3779.jpg,Cat,0,126,135
PetImages/Cat/3780.jpg,Cat,0,459,480
PetImages/Cat/3781.jpg,Cat,0,360,351
PetImages/Cat/3782.jpg,Cat,0,500,375
PetImages/Cat/3783.jpg,Cat,0,350,272
PetImages/Cat/3784.jpg,Cat,0,436,310
PetImages/Cat/3785.jpg,Cat,0,487,500
PetImages/Cat/3786.jpg,Cat,0,420,314
PetImages/Cat/3788.jpg,Cat,0,500,375
PetImages/Cat/3789.jpg,Cat,0,340,260
PetImages/Cat/379.jpg,Cat,0,320,240
PetImages/Cat/3790.jpg,Cat,0,452,448
PetImages/Cat/3791.jpg,Cat,0,500,375
PetImages/Cat/3792.jpg,Cat,0,500,375
PetImages/Cat/3793.jpg,Cat,0,480,479
PetImages/Cat/3794.jpg,Cat,0,500,375
PetImages/Cat/3795.jpg,Cat,0,350,254
PetImages/Cat/3797.jpg,Cat,0,225,300
PetImages/Cat/3798.jpg,Cat,0,500,374
PetImages/Cat/3799.jpg,Cat,0,155,324
PetImages/Cat/38.jpg,Cat,0,350,338
PetImages/Cat/380.jpg,Cat,0,500,375
PetImages/Cat/3800.jpg,Cat,0,320,240
PetImages/Cat/3801.jpg,Cat,0,375,500
PetImages/Cat/3802.jpg,Cat,0,500,372
PetImages/Cat/3804.jpg,Cat,0,500,375
PetImages/Cat/3805.jpg,Cat,0,341,500
PetImages/Cat/3807.jpg,Cat,0,400,481
PetImages/Cat/3808.jpg,Cat,0,266,270
PetImages/Cat/3809.jpg,Cat,0,379,500
PetImages/Cat/381.jpg,Cat,0,500,374
PetImages/Cat/3810.jpg,Cat,0,225,147
PetImages/Cat/3812.jpg,Cat,0,500,333
PetImages/Cat/3813.jpg,Cat,0,360,270
PetImages/Cat/3815.jpg,Cat,0,500,375
PetImages/Cat/3818.jpg,Cat,0,320,298
PetImages/Cat/3819.jpg,Cat,0,434,500
PetImages/Cat/3821.jpg,Cat,0,300,225
PetImages/Cat/3822.jpg,Cat,0,234,300
PetImages/Cat/3823.jpg,Cat,0,500,500
PetImages/Cat/3824.jpg,Cat,0,448,336
PetImages/Cat/3825.jpg,Cat,0,320,240
PetImages/Cat/3827.jpg,Cat,0,400,300
PetImages/Cat/3829.jpg,Cat,0,277,500
PetImages/Cat/383.jpg,Cat,0,353,500
PetImages/Cat/3830.jpg,Cat,0,404,367
PetImages/Cat/3831.jpg,Cat,0,302,342
PetImages/Cat/3833.jpg,Cat,0,500,375
PetImages/Cat/3835.jpg,Cat,0,500,400
PetImages/Cat/3836.jpg,Cat,0,500,340
PetImages/Cat/3839.jpg,Cat,0,320,240
PetImages/Cat/384.jpg,Cat,0,500,375
PetImages/Cat/3841.jpg,Cat,0,250,250
PetImages/Cat/3842.jpg,Cat,0,202,300
PetImages/Cat/3844.jpg,Cat,0,283,188
PetImages/Cat/3846.jpg,Cat,0,491,500
PetImages/Cat/3847.jpg,Cat,0,381,500
PetImages/Cat/3849.jpg,Cat,0,375,500
PetImages/Cat/385.jpg,Cat,0,440,391
PetImages/Cat/3851.jpg,Cat,0,332,442
PetImages/Cat/3853.jpg,Cat,0,500,461
PetImages/Cat/3854.jpg,Cat,0,500,375
PetImages/Cat/3857.jpg,Cat,0,350,288
PetImages/Cat/3858.jpg,Cat,0,250,187
PetImages/Cat/3859.jpg,Cat,0,200,150
PetImages/Cat/386.jpg,Cat,0,440,443
PetImages/Cat/3861.jpg,Cat,0,201,216
PetImages/Cat/3862.jpg,Cat,0,500,375
PetImages/Cat/3863.jpg,Cat,0,500,375
PetImages/Cat/3864.jpg,Cat,0,200,178
PetImages/Cat/3865.jpg,Cat,0,307,240
PetImages/Cat/3866.jpg,Cat,0,500,375
PetImages/Cat/3867.jpg,Cat,0,500,375
PetImages/Cat/3869.jpg,Cat,0,322,393
PetImages/Cat/387.jpg,Cat,0,500,375
PetImages/Cat/3870.jpg,Cat,0,500,375
PetImages/Cat/3872.jpg,Cat,0,500,375
PetImages/Cat/3873.jpg,Cat,0,500,375
PetImages/Cat/3874.jpg,Cat,0,500,375
PetImages/Cat/3875.jpg,Cat,0,500,375
PetImages/Cat/3877.jpg,Cat,0,194,176
PetImages/Cat/3878.jpg,Cat,0,315,500
PetImages/Cat/388.jpg,Cat,0,500,375
PetImages/Cat/3880.jpg,Cat,0,500,449
PetImages/Cat/3881.jpg,Cat,0,500,333
PetImages/Cat/3882.jpg,Cat,0,500,336
PetImages/Cat/3883.jpg,Cat,0,448,336
PetImages/Cat/3886.jpg,Cat,0,134,114
PetImages/Cat/3887.jpg,Cat,0,356,270
PetImages/Cat/3888.jpg,Cat,0,500,375
PetImages/Cat/389.jpg,Cat,0,500,375
PetImages/Cat/3890.jpg,Cat,0,500,332
PetImages/Cat/3892.jpg,Cat,0,500,375
PetImages/Cat/3893.jpg,Cat,0,500,374
PetImages/Cat/3894.jpg,Cat,0,375,500
PetImages/Cat/3896.jpg,Cat,0,500,375
PetImages/Cat/3897.jpg,Cat,0,500,375
PetImages/Cat/3898.jpg,Cat,0,500,375
PetImages/Cat/3899.jpg,Cat,0,500,375
PetImages/Cat/39.jpg,Cat,0,375,500
PetImages/Cat/3900.jpg,Cat,0,500,375
PetImages/Cat/3901.jpg,Cat,0,500,375
PetImages/Cat/3904.jpg,Cat,0,500,482
PetImages/Cat/3905.jpg,Cat,0,200,280
PetImages/Cat/3907.jpg,Cat,0,200,349
PetImages/Cat/3909.jpg,Cat,0,500,472
PetImages/Cat/391.jpg,Cat,0,180,200
PetImages/Cat/3911.jpg,Cat,0,500,333
PetImages/Cat/3912.jpg,Cat,0,269,500
PetImages/Cat/3913.jpg,Cat,0,448,458
PetImages/Cat/3914.jpg,Cat,0,480,360
PetImages/Cat/3915.jpg,Cat,0,500,344
PetImages/Cat/3916.jpg,Cat,0,500,426
PetImages/Cat/3917.jpg,Cat,0,450,329
PetImages/Cat/3919.jpg,Cat,0,430,500
PetImages/Cat/392.jpg,Cat,0,375,500
PetImages/Cat/3921.jpg,Cat,0,500,427
PetImages/Cat/3922.jpg,Cat,0,408,500
PetImages/Cat/3923.jpg,Cat,0,500,500
PetImages/Cat/3927.jpg,Cat,0,500,375
PetImages/Cat/3928.jpg,Cat,0,444,230
PetImages/Cat/3929.jpg,Cat,0,500,374
PetImages/Cat/393.jpg,Cat,0,500,333
PetImages/Cat/3930.jpg,Cat,0,490,500
PetImages/Cat/3932.jpg,Cat,0,500,313
PetImages/Cat/3934.jpg,Cat,0,311,500
PetImages/Cat/3937.jpg,Cat,0,293,326
PetImages/Cat/3939.jpg,Cat,0,500,375
PetImages/Cat/394.jpg,Cat,0,500,333
PetImages/Cat/3940.jpg,Cat,0,404,472
PetImages/Cat/3942.jpg,Cat,0,350,262
PetImages/Cat/3944.jpg,Cat,0,497,480
PetImages/Cat/3945.jpg,Cat,0,500,375
PetImages/Cat/3946.jpg,Cat,0,500,333
PetImages/Cat/3948.jpg,Cat,0,500,375
PetImages/Cat/3949.jpg,Cat,0,487,500
PetImages/Cat/395.jpg,Cat,0,333,500
PetImages/Cat/3952.jpg,Cat,0,300,225
PetImages/Cat/3953.jpg,Cat,0,500,398
PetImages/Cat/3954.jpg,Cat,0,500,375
PetImages/Cat/3955.jpg,Cat,0,500,375
PetImages/Cat/3956.jpg,Cat,0,233,270
PetImages/Cat/3957.jpg,Cat,0,500,375
PetImages/Cat/3958.jpg,Cat,0,500,375
PetImages/Cat/3959.jpg,Cat,0,315,317
PetImages/Cat/396.jpg,Cat,0,500,375
PetImages/Cat/3960.jpg,Cat,0,500,408
PetImages/Cat/3961.jpg,Cat,0,305,311
PetImages/Cat/3964.jpg,Cat,0,500,315
PetImages/Cat/3965.jpg,Cat,0,375,500
PetImages/Cat/3966.jpg,Cat,0,254,351
PetImages/Cat/3969.jpg,Cat,0,279,500
PetImages/Cat/397.jpg,Cat,0,500,375
PetImages/Cat/3971.jpg,Cat,0,374,277
PetImages/Cat/3973.jpg,Cat,0,500,454
PetImages/Cat/3974.jpg,Cat,0,500,338
PetImages/Cat/3976.jpg,Cat,0,402,500
PetImages/Cat/3977.jpg,Cat,0,465,390
PetImages/Cat/3978.jpg,Cat,0,500,301
PetImages/Cat/3979.jpg,Cat,0,439,500
PetImages/Cat/398.jpg,Cat,0,169,158
PetImages/Cat/3981.jpg,Cat,0,336,336
PetImages/Cat/3982.jpg,Cat,0,375,500
PetImages/Cat/3984.jpg,Cat,0,500,347
PetImages/Cat/3985.jpg,Cat,0,193,220
PetImages/Cat/3986.jpg,Cat,0,375,500
PetImages/Cat/3988.jpg,Cat,0,500,444
PetImages/Cat/3989.jpg,Cat,0,500,375
PetImages/Cat/399.jpg,Cat,0,300,167
PetImages/Cat/3990.jpg,Cat,0,375,500
PetImages/Cat/3991.jpg,Cat,0,368,461
PetImages/Cat/3992.jpg,Cat,0,500,375
PetImages/Cat/3993.jpg,Cat,0,500,296
PetImages/Cat/3996.jpg,Cat,0,400,331
PetImages/Cat/3997.jpg,Cat,0,375,200
PetImages/Cat/3998.jpg,Cat,0,500,375
PetImages/Cat/3999.jpg,Cat,0,368,500
PetImages/Cat/4.jpg,Cat,0,500,375
PetImages/Cat/40.jpg,Cat,0,500,383
PetImages/Cat/400.jpg,Cat,0,500,375
PetImages/Cat/4000.jpg,Cat,0,135,160
PetImages/Cat/4001.jpg,Cat,0,498,416
PetImages/Cat/4002.jpg,Cat,0,375,500
PetImages/Cat/4003.jpg,Cat,0,500,400
PetImages/Cat/4004.jpg,Cat,0,500,375
PetImages/Cat/4005.jpg,Cat,0,360,360
PetImages/Cat/4006.jpg,Cat,0,500,334
PetImages/Cat/4007.jpg,Cat,0,175,310
PetImages/Cat/4008.jpg,Cat,0,500,375
PetImages/Cat/4009.jpg,Cat,0,336,500
PetImages/Cat/401.jpg,Cat,0,500,332
PetImages/Cat/4011.jpg,Cat,0,500,375
PetImages/Cat/4013.jpg,Cat,0,500,375
PetImages/Cat/4014.jpg,Cat,0,500,375
PetImages/Cat/4015.jpg,Cat,0,500,375
PetImages/Cat/4016.jpg,Cat,0,300,225
PetImages/Cat/4017.jpg,Cat,0,106,200
PetImages/Cat/4019.jpg,Cat,0,500,333
PetImages/Cat/402.jpg,Cat,0,500,376
PetImages/Cat/4020.jpg,Cat,0,500,375
PetImages/Cat/4021.jpg,Cat,0,400,311
PetImages/Cat/4022.jpg,Cat,0,250,135
PetImages/Cat/4024.jpg,Cat,0,500,375
PetImages/Cat/4025.jpg,Cat,0,500,375
PetImages/Cat/4026.jpg,Cat,0,264,500
PetImages/Cat/4027.jpg,Cat,0,500,334
PetImages/Cat/4028.jpg,Cat,0,460,390
PetImages/Cat/4029.jpg,Cat,0,121,140
PetImages/Cat/4031.jpg,Cat,0,243,165
PetImages/Cat/4032.jpg,Cat,0,500,375
PetImages/Cat/4034.jpg,Cat,0,328,500
PetImages/Cat/4035.jpg,Cat,0,288,267
PetImages/Cat/4037.jpg,Cat,0,500,375
PetImages/Cat/4038.jpg,Cat,0,500,375
PetImages/Cat/4039.jpg,Cat,0,235,410
PetImages/Cat/404.jpg,Cat,0,500,375
PetImages/Cat/4043.jpg,Cat,0,250,467
PetImages/Cat/4044.jpg,Cat,0,500,264
PetImages/Cat/4046.jpg,Cat,0,500,375
PetImages/Cat/4047.jpg,Cat,0,326,312
PetImages/Cat/4048.jpg,Cat,0,350,300
PetImages/Cat/405.jpg,Cat,0,500,375
PetImages/Cat/4051.jpg,Cat,0,376,233
PetImages/Cat/4052.jpg,Cat,0,352,308
PetImages/Cat/4053.jpg,Cat,0,173,184
PetImages/Cat/4055.jpg,Cat,0,360,181
PetImages/Cat/4056.jpg,Cat,0,500,375
PetImages/Cat/4057.jpg,Cat,0,375,500
PetImages/Cat/4059.jpg,Cat,0,480,389
PetImages/Cat/406.jpg,Cat,0,360,258
PetImages/Cat/4060.jpg,Cat,0,478,500
PetImages/Cat/4061.jpg,Cat,0,242,217
PetImages/Cat/4063.jpg,Cat,0,400,272
PetImages/Cat/4064.jpg,Cat,0,495,500
PetImages/Cat/4067.jpg,Cat,0,410,500
PetImages/Cat/4068.jpg,Cat,0,500,423
PetImages/Cat/407.jpg,Cat,0,288,289
PetImages/Cat/4070.jpg,Cat,0,500,397
PetImages/Cat/4071.jpg,Cat,0,432,353
PetImages/Cat/4073.jpg,Cat,0,437,379
PetImages/Cat/4074.jpg,Cat,0,500,331
PetImages/Cat/4075.jpg,Cat,0,500,375
PetImages/Cat/4076.jpg,Cat,0,320,240
PetImages/Cat/4077.jpg,Cat,0,262,500
PetImages/Cat/4079.jpg,Cat,0,500,365
PetImages/Cat/408.jpg,Cat,0,380,500
PetImages/Cat/4081.jpg,Cat,0,117,150
PetImages/Cat/4084.jpg,Cat,0,500,466
PetImages/Cat/4087.jpg,Cat,0,500,375
PetImages/Cat/409.jpg,Cat,0,320,213
PetImages/Cat/4090.jpg,Cat,0,500,375
PetImages/Cat/4091.jpg,Cat,0,500,332
PetImages/Cat/4092.jpg,Cat,0,249,187
PetImages/Cat/4095.jpg,Cat,0,500,375
PetImages/Cat/4097.jpg,Cat,0,284,380
PetImages/Cat/4098.jpg,Cat,0,287,320
PetImages/Cat/4099.jpg,Cat,0,375,500
PetImages/Cat/41.jpg,Cat,0,333,500
PetImages/Cat/4100.jpg,Cat,0,500,375
PetImages/Cat/4101.jpg,Cat,0,334,415
PetImages/Cat/4102.jpg,Cat,0,500,375
PetImages/Cat/4103.jpg,Cat,0,500,375
PetImages/Cat/4105.jpg,Cat,0,500,375
PetImages/Cat/4106.jpg,Cat,0,500,375
PetImages/Cat/4107.jpg,Cat,0,216,162
PetImages/Cat/4108.jpg,Cat,0,500,335
PetImages/Cat/4109.jpg,Cat,0,480,360
PetImages/Cat/411.jpg,Cat,0,320,240
PetImages/Cat/4110.jpg,Cat,0,500,375
PetImages/Cat/4111.jpg,Cat,0,500,375
PetImages/Cat/4112.jpg,Cat,0,500,375
PetImages/Cat/4115.jpg,Cat,0,380,396
PetImages/Cat/4116.jpg,Cat,0,135,135
PetImages/Cat/4117.jpg,Cat,0,375,500
PetImages/Cat/412.jpg,Cat,0,500,375
PetImages/Cat/4120.jpg,Cat,0,500,371
PetImages/Cat/4121.jpg,Cat,0,500,478
PetImages/Cat/4122.jpg,Cat,0,300,264
PetImages/Cat/4123.jpg,Cat,0,500,375
PetImages/Cat/4125.jpg,Cat,0,450,303
PetImages/Cat/4126.jpg,Cat,0,500,375
PetImages/Cat/4128.jpg,Cat,0,500,375
PetImages/Cat/4129.jpg,Cat,0,422,213
PetImages/Cat/4130.jpg,Cat,0,500,375
PetImages/Cat/4131.jpg,Cat,0,500,375
PetImages/Cat/4132.jpg,Cat,0,500,375
PetImages/Cat/4133.jpg,Cat,0,375,500
PetImages/Cat/4134.jpg,Cat,0,300,200
PetImages/Cat/4136.jpg,Cat,0,500,437
PetImages/Cat/4137.jpg,Cat,0,235,176
PetImages/Cat/4138.jpg,Cat,0,349,500
PetImages/Cat/414.jpg,Cat,0,500,382
PetImages/Cat/4144.jpg,Cat,0,500,375
PetImages/Cat/4145.jpg,Cat,0,500,375
PetImages/Cat/4146.jpg,Cat,0,298,450
PetImages/Cat/4147.jpg,Cat,0,320,240
PetImages/Cat/4148.jpg,Cat,0,500,374
PetImages/Cat/415.jpg,Cat,0,461,500
PetImages/Cat/4150.jpg,Cat,0,334,354
PetImages/Cat/4151.jpg,Cat,0,392,318
PetImages/Cat/4152.jpg,Cat,0,500,375
PetImages/Cat/4153.jpg,Cat,0,194,146
PetImages/Cat/4154.jpg,Cat,0,500,326
PetImages/Cat/4155.jpg,Cat,0,358,500
PetImages/Cat/4156.jpg,Cat,0,500,375
PetImages/Cat/4158.jpg,Cat,0,500,375
PetImages/Cat/416.jpg,Cat,0,150,163
PetImages/Cat/4160.jpg,Cat,0,500,333
PetImages/Cat/4161.jpg,Cat,0,500,375
PetImages/Cat/4162.jpg,Cat,0,256,240
PetImages/Cat/4163.jpg,Cat,0,350,500
PetImages/Cat/4165.jpg,Cat,0,320,374
PetImages/Cat/4166.jpg,Cat,0,373,209
PetImages/Cat/4169.jpg,Cat,0,334,500
PetImages/Cat/4170.jpg,Cat,0,350,218
PetImages/Cat/4172.jpg,Cat,0,354,267
PetImages/Cat/4173.jpg,Cat,0,500,400
PetImages/Cat/4175.jpg,Cat,0,478,468
PetImages/Cat/4176.jpg,Cat,0,500,400
PetImages/Cat/4177.jpg,Cat,0,400,300
PetImages/Cat/4179.jpg,Cat,0,480,414
PetImages/Cat/4180.jpg,Cat,0,500,467
PetImages/Cat/4181.jpg,Cat,0,250,188
PetImages/Cat/4183.jpg,Cat,0,500,375
PetImages/Cat/4184.jpg,Cat,0,500,375
PetImages/Cat/4186.jpg,Cat,0,500,474
PetImages/Cat/4189.jpg,Cat,0,490,366
PetImages/Cat/4190.jpg,Cat,0,246,320
PetImages/Cat/4191.jpg,Cat,0,500,375
PetImages/Cat/4193.jpg,Cat,0,500,375
PetImages/Cat/4194.jpg,Cat,0,500,349
PetImages/Cat/4195.jpg,Cat,0,333,500
PetImages/Cat/4196.jpg,Cat,0,500,344
PetImages/Cat/4198.jpg,Cat,0,500,375
PetImages/Cat/4199.jpg,Cat,0,196,192
PetImages/Cat/42.jpg,Cat,0,238,173
PetImages/Cat/420.jpg,Cat,0,500,411
PetImages/Cat/4200.jpg,Cat,0,500,490
PetImages/Cat/4201.jpg,Cat,0,500,375
PetImages/Cat/4202.jpg,Cat,0,179,218
PetImages/Cat/4204.jpg,Cat,0,500,415
PetImages/Cat/4205.jpg,Cat,0,284,217
PetImages/Cat/4207.jpg,Cat,0,448,352
PetImages/Cat/4208.jpg,Cat,0,500,487
PetImages/Cat/4209.jpg,Cat,0,500,375
PetImages/Cat/421.jpg,Cat,0,340,260
PetImages/Cat/4212.jpg,Cat,0,396,500
PetImages/Cat/4214.jpg,Cat,0,272,270
PetImages/Cat/4215.jpg,Cat,0,336,315
PetImages/Cat/4216.jpg,Cat,0,500,471
PetImages/Cat/422.jpg,Cat,0,500,333
PetImages/Cat/4221.jpg,Cat,0,320,240
PetImages/Cat/4222.jpg,Cat,0,500,332
PetImages/Cat/4223.jpg,Cat,0,500,333
PetImages/Cat/4224.jpg,Cat,0,500,375
PetImages/Cat/4226.jpg,Cat,0,454,340
PetImages/Cat/4227.jpg,Cat,0,500,375
PetImages/Cat/4228.jpg,Cat,0,448,336
PetImages/Cat/4229.jpg,Cat,0,500,375
PetImages/Cat/423.jpg,Cat,0,500,375
PetImages/Cat/4231.jpg,Cat,0,500,430
PetImages/Cat/4232.jpg,Cat,0,360,270
PetImages/Cat/4234.jpg,Cat,0,500,375
PetImages/Cat/4235.jpg,Cat,0,133,200
PetImages/Cat/4237.jpg,Cat,0,500,375
PetImages/Cat/4238.jpg,Cat,0,376,431
PetImages/Cat/4239.jpg,Cat,0,500,363
PetImages/Cat/4240.jpg,Cat,0,376,440
PetImages/Cat/4241.jpg,Cat,0,317,400
PetImages/Cat/4243.jpg,Cat,0,490,500
PetImages/Cat/4244.jpg,Cat,0,469,314
PetImages/Cat/4246.jpg,Cat,0,264,284
PetImages/Cat/4247.jpg,Cat,0,392,500
PetImages/Cat/4248.jpg,Cat,0,478,384
PetImages/Cat/425.jpg,Cat,0,170,300
PetImages/Cat/4251.jpg,Cat,0,423,454
PetImages/Cat/4253.jpg,Cat,0,500,375
PetImages/Cat/4255.jpg,Cat,0,500,375
PetImages/Cat/4256.jpg,Cat,0,500,375
PetImages/Cat/4258.jpg,Cat,0,500,369
PetImages/Cat/4259.jpg,Cat,0,500,494
PetImages/Cat/426.jpg,Cat,0,500,375
PetImages/Cat/4260.jpg,Cat,0,500,333
PetImages/Cat/4262.jpg,Cat,0,500,357
PetImages/Cat/4263.jpg,Cat,0,500,375
PetImages/Cat/4265.jpg,Cat,0,500,310
PetImages/Cat/4266.jpg,Cat,0,500,333
PetImages/Cat/4268.jpg,Cat,0,500,375
PetImages/Cat/4269.jpg,Cat,0,350,344
PetImages/Cat/4270.jpg,Cat,0,500,449
PetImages/Cat/4271.jpg,Cat,0,500,375
PetImages/Cat/4272.jpg,Cat,0,350,170
PetImages/Cat/4273.jpg,Cat,0,250,164
PetImages/Cat/4274.jpg,Cat,0,429,500
PetImages/Cat/4277.jpg,Cat,0,240,179
PetImages/Cat/4278.jpg,Cat,0,458,500
PetImages/Cat/4279.jpg,Cat,0,200,129
PetImages/Cat/4280.jpg,Cat,0,288,306
PetImages/Cat/4281.jpg,Cat,0,500,375
PetImages/Cat/4284.jpg,Cat,0,376,500
PetImages/Cat/4285.jpg,Cat,0,500,336
PetImages/Cat/4286.jpg,Cat,0,377,386
PetImages/Cat/4288.jpg,Cat,0,500,332
PetImages/Cat/4289.jpg,Cat,0,500,375
PetImages/Cat/429.jpg,Cat,0,406,500
PetImages/Cat/4290.jpg,Cat,0,242,290
PetImages/Cat/4291.jpg,Cat,0,301,500
PetImages/Cat/4292.jpg,Cat,0,336,383
PetImages/Cat/4294.jpg,Cat,0,500,375
PetImages/Cat/4297.jpg,Cat,0,500,375
PetImages/Cat/4298.jpg,Cat,0,500,374
PetImages/Cat/43.jpg,Cat,0,357,500
PetImages/Cat/430.jpg,Cat,0,396,454
PetImages/Cat/4300.jpg,Cat,0,500,471
PetImages/Cat/4304.jpg,Cat,0,500,375
PetImages/Cat/4305.jpg,Cat,0,360,270
PetImages/Cat/4307.jpg,Cat,0,500,469
PetImages/Cat/4308.jpg,Cat,0,500,333
PetImages/Cat/4310.jpg,Cat,0,500,375
PetImages/Cat/4311.jpg,Cat,0,259,212
PetImages/Cat/4312.jpg,Cat,0,179,275
PetImages/Cat/4314.jpg,Cat,0,500,375
PetImages/Cat/4315.jpg,Cat,0,360,270
PetImages/Cat/4316.jpg,Cat,0,500,333
PetImages/Cat/4317.jpg,Cat,0,500,375
PetImages/Cat/4318.jpg,Cat,0,432,332
PetImages/Cat/4319.jpg,Cat,0,500,375
PetImages/Cat/432.jpg,Cat,0,280,236
PetImages/Cat/4320.jpg,Cat,0,229,441
PetImages/Cat/4321.jpg,Cat,0,392,466
PetImages/Cat/4322.jpg,Cat,0,200,180
PetImages/Cat/4323.jpg,Cat,0,500,313
PetImages/Cat/4324.jpg,Cat,0,500,394
PetImages/Cat/4325.jpg,Cat,0,500,375
PetImages/Cat/4326.jpg,Cat,0,500,375
PetImages/Cat/4327.jpg,Cat,0,307,409
PetImages/Cat/4328.jpg,Cat,0,500,375
PetImages/Cat/433.jpg,Cat,0,500,291
PetImages/Cat/4330.jpg,Cat,0,500,389
PetImages/Cat/4331.jpg,Cat,0,288,288
PetImages/Cat/4332.jpg,Cat,0,386,500
PetImages/Cat/4333.jpg,Cat,0,500,449
PetImages/Cat/4334.jpg,Cat,0,239,359
PetImages/Cat/4335.jpg,Cat,0,500,292
PetImages/Cat/4337.jpg,Cat,0,500,350
PetImages/Cat/4339.jpg,Cat,0,500,375
PetImages/Cat/4341.jpg,Cat,0,356,380
PetImages/Cat/4343.jpg,Cat,0,500,375
PetImages/Cat/4344.jpg,Cat,0,500,375
PetImages/Cat/4345.jpg,Cat,0,231,329
PetImages/Cat/4347.jpg,Cat,0,500,375
PetImages/Cat/4348.jpg,Cat,0,500,375
PetImages/Cat/4353.jpg,Cat,0,500,375
PetImages/Cat/4355.jpg,Cat,0,500,332
PetImages/Cat/4356.jpg,Cat,0,500,375
PetImages/Cat/4358.jpg,Cat,0,160,288
PetImages/Cat/4359.jpg,Cat,0,430,500
PetImages/Cat/436.jpg,Cat,0,333,500
PetImages/Cat/4362.jpg,Cat,0,120,114
PetImages/Cat/4363.jpg,Cat,0,134,124
PetImages/Cat/4365.jpg,Cat,0,500,375
PetImages/Cat/4367.jpg,Cat,0,318,500
PetImages/Cat/4369.jpg,Cat,0,500,402
PetImages/Cat/4370.jpg,Cat,0,448,255
PetImages/Cat/4372.jpg,Cat,0,500,375
PetImages/Cat/4373.jpg,Cat,0,500,482
PetImages/Cat/4374.jpg,Cat,0,500,375
PetImages/Cat/4376.jpg,Cat,0,500,302
PetImages/Cat/4377.jpg,Cat,0,250,166
PetImages/Cat/4378.jpg,Cat,0,490,475
PetImages/Cat/438.jpg,Cat,0,500,346
PetImages/Cat/4380.jpg,Cat,0,320,240
PetImages/Cat/4381.jpg,Cat,0,500,481
PetImages/Cat/4382.jpg,Cat,0,500,372
PetImages/Cat/4383.jpg,Cat,0,420,360
PetImages/Cat/4384.jpg,Cat,0,500,495
PetImages/Cat/4385.jpg,Cat,0,500,374
PetImages/Cat/4386.jpg,Cat,0,257,305
PetImages/Cat/4387.jpg,Cat,0,353,500
PetImages/Cat/439.jpg,Cat,0,458,450
PetImages/Cat/4390.jpg,Cat,0,176,198
PetImages/Cat/4392.jpg,Cat,0,373,277
PetImages/Cat/4394.jpg,Cat,0,307,338
PetImages/Cat/4398.jpg,Cat,0,354,318
PetImages/Cat/4399.jpg,Cat,0,500,478
PetImages/Cat/44.jpg,Cat,0,107,103
PetImages/Cat/440.jpg,Cat,0,292,255
PetImages/Cat/4400.jpg,Cat,0,500,376
PetImages/Cat/4401.jpg,Cat,0,500,375
PetImages/Cat/4402.jpg,Cat,0,314,483
PetImages/Cat/4404.jpg,Cat,0,250,182
PetImages/Cat/4406.jpg,Cat,0,500,334
PetImages/Cat/4408.jpg,Cat,0,379,500
PetImages/Cat/4410.jpg,Cat,0,472,500
PetImages/Cat/4412.jpg,Cat,0,320,240
PetImages/Cat/4413.jpg,Cat,0,500,433
PetImages/Cat/4414.jpg,Cat,0,400,352
PetImages/Cat/4415.jpg,Cat,0,450,338
PetImages/Cat/4416.jpg,Cat,0,500,375
PetImages/Cat/4418.jpg,Cat,0,500,375
PetImages/Cat/4419.jpg,Cat,0,400,316
PetImages/Cat/4420.jpg,Cat,0,134,127
PetImages/Cat/4422.jpg,Cat,0,500,500
PetImages/Cat/4423.jpg,Cat,0,500,378
PetImages/Cat/4424.jpg,Cat,0,476,500
PetImages/Cat/4425.jpg,Cat,0,367,457
PetImages/Cat/4426.jpg,Cat,0,375,500
PetImages/Cat/4427.jpg,Cat,0,494,395
PetImages/Cat/4429.jpg,Cat,0,221,384
PetImages/Cat/443.jpg,Cat,0,272,500
PetImages/Cat/4430.jpg,Cat,0,500,330
PetImages/Cat/4431.jpg,Cat,0,200,150
PetImages/Cat/4432.jpg,Cat,0,312,187
PetImages/Cat/4433.jpg,Cat,0,475,316
PetImages/Cat/4434.jpg,Cat,0,500,401
PetImages/Cat/4435.jpg,Cat,0,345,442
PetImages/Cat/4436.jpg,Cat,0,200,162
PetImages/Cat/4437.jpg,Cat,0,500,375
PetImages/Cat/4439.jpg,Cat,0,185,236
PetImages/Cat/444.jpg,Cat,0,500,401
PetImages/Cat/4442.jpg,Cat,0,408,280
PetImages/Cat/4443.jpg,Cat,0,350,297
PetImages/Cat/4445.jpg,Cat,0,500,375
PetImages/Cat/4446.jpg,Cat,0,318,172
PetImages/Cat/4447.jpg,Cat,0,500,446
PetImages/Cat/445.jpg,Cat,0,400,300
PetImages/Cat/4450.jpg,Cat,0,473,500
PetImages/Cat/4453.jpg,Cat,0,500,375
PetImages/Cat/4455.jpg,Cat,0,500,309
PetImages/Cat/4456.jpg,Cat,0,500,375
PetImages/Cat/4457.jpg,Cat,0,500,333
PetImages/Cat/4458.jpg,Cat,0,420,300
PetImages/Cat/4459.jpg,Cat,0,500,375
PetImages/Cat/446.jpg,Cat,0,320,480
PetImages/Cat/4461.jpg,Cat,0,500,399
PetImages/Cat/4462.jpg,Cat,0,500,375
PetImages/Cat/4463.jpg,Cat,0,500,333
PetImages/Cat/4464.jpg,Cat,0,500,375
PetImages/Cat/4465.jpg,Cat,0,401,500
PetImages/Cat/4467.jpg,Cat,0,500,375
PetImages/Cat/4468.jpg,Cat,0,500,375
PetImages/Cat/4469.jpg,Cat,0,500,375
PetImages/Cat/447.jpg,Cat,0,489,500
PetImages/Cat/4470.jpg,Cat,0,357,346
PetImages/Cat/4471.jpg,Cat,0,199,203
PetImages/Cat/4472.jpg,Cat,0,500,375
PetImages/Cat/4473.jpg,Cat,0,320,240
PetImages/Cat/4474.jpg,Cat,0,500,375
PetImages/Cat/4477.jpg,Cat,0,500,375
PetImages/Cat/4478.jpg,Cat,0,500,332
PetImages/Cat/448.jpg,Cat,0,402,428
PetImages/Cat/4480.jpg,Cat,0,500,309
PetImages/Cat/4483.jpg,Cat,0,205,116
PetImages/Cat/4484.jpg,Cat,0,410,500
PetImages/Cat/4485.jpg,Cat,0,500,375
PetImages/Cat/4487.jpg,Cat,0,500,289
PetImages/Cat/4488.jpg,Cat,0,500,375
PetImages/Cat/4489.jpg,Cat,0,500,375
PetImages/Cat/449.jpg,Cat,0,320,240
PetImages/Cat/4490.jpg,Cat,0,500,345
PetImages/Cat/4492.jpg,Cat,0,441,500
PetImages/Cat/4494.jpg,Cat,0,500,333
PetImages/Cat/4495.jpg,Cat,0,403,500
PetImages/Cat/4496.jpg,Cat,0,410,500
PetImages/Cat/4497.jpg,Cat,0,500,375
PetImages/Cat/4498.jpg,Cat,0,250,170
PetImages/Cat/45.jpg,Cat,0,500,371
PetImages/Cat/450.jpg,Cat,0,500,375
PetImages/Cat/4500.jpg,Cat,0,500,333
PetImages/Cat/4501.jpg,Cat,0,500,316
PetImages/Cat/4502.jpg,Cat,0,350,288
PetImages/Cat/4503.jpg,Cat,0,255,235
PetImages/Cat/4506.jpg,Cat,0,500,375
PetImages/Cat/4507.jpg,Cat,0,500,419
PetImages/Cat/4508.jpg,Cat,0,154,150
PetImages/Cat/451.jpg,Cat,0,379,500
PetImages/Cat/4510.jpg,Cat,0,500,344
PetImages/Cat/4511.jpg,Cat,0,320,240
PetImages/Cat/4512.jpg,Cat,0,488,500
PetImages/Cat/4513.jpg,Cat,0,375,500
PetImages/Cat/4514.jpg,Cat,0,350,201
PetImages/Cat/4516.jpg,Cat,0,249,438
PetImages/Cat/4517.jpg,Cat,0,209,254
PetImages/Cat/4518.jpg,Cat,0,500,375
PetImages/Cat/4519.jpg,Cat,0,320,240
PetImages/Cat/452.jpg,Cat,0,500,431
PetImages/Cat/4520.jpg,Cat,0,500,371
PetImages/Cat/4521.jpg,Cat,0,475,400
PetImages/Cat/4522.jpg,Cat,0,304,500
PetImages/Cat/4523.jpg,Cat,0,500,375
PetImages/Cat/4525.jpg,Cat,0,500,375
PetImages/Cat/4526.jpg,Cat,0,500,363
PetImages/Cat/4528.jpg,Cat,0,441,500
PetImages/Cat/4529.jpg,Cat,0,500,415
PetImages/Cat/453.jpg,Cat,0,200,108
PetImages/Cat/4530.jpg,Cat,0,500,375
PetImages/Cat/4531.jpg,Cat,0,330,175
PetImages/Cat/4532.jpg,Cat,0,500,395
PetImages/Cat/4533.jpg,Cat,0,412,333
PetImages/Cat/4534.jpg,Cat,0,440,350
PetImages/Cat/4535.jpg,Cat,0,500,375
PetImages/Cat/4537.jpg,Cat,0,500,375
PetImages/Cat/4538.jpg,Cat,0,333,500
PetImages/Cat/454.jpg,Cat,0,500,375
PetImages/Cat/4540.jpg,Cat,0,180,167
PetImages/Cat/4544.jpg,Cat,0,376,500
PetImages/Cat/4545.jpg,Cat,0,336,340
PetImages/Cat/4547.jpg,Cat,0,500,444
PetImages/Cat/4548.jpg,Cat,0,500,455
PetImages/Cat/4549.jpg,Cat,0,375,500
PetImages/Cat/455.jpg,Cat,0,500,375
PetImages/Cat/4550.jpg,Cat,0,500,494
PetImages/Cat/4551.jpg,Cat,0,200,180
PetImages/Cat/4552.jpg,Cat,0,350,300
PetImages/Cat/4553.jpg,Cat,0,360,270
PetImages/Cat/4554.jpg,Cat,0,500,297
PetImages/Cat/4555.jpg,Cat,0,226,250
PetImages/Cat/4557.jpg,Cat,0,375,500
PetImages/Cat/4559.jpg,Cat,0,500,372
PetImages/Cat/456.jpg,Cat,0,500,375
PetImages/Cat/4560.jpg,Cat,0,396,330
PetImages/Cat/4561.jpg,Cat,0,380,267
PetImages/Cat/4562.jpg,Cat,0,448,336
PetImages/Cat/4564.jpg,Cat,0,261,274
PetImages/Cat/4565.jpg,Cat,0,320,500
PetImages/Cat/4567.jpg,Cat,0,500,422
PetImages/Cat/4568.jpg,Cat,0,500,398
PetImages/Cat/4569.jpg,Cat,0,500,460
PetImages/Cat/457.jpg,Cat,0,500,328
PetImages/Cat/4570.jpg,Cat,0,500,375
PetImages/Cat/4571.jpg,Cat,0,500,375
PetImages/Cat/4573.jpg,Cat,0,500,375
PetImages/Cat/4574.jpg,Cat,0,500,375
PetImages/Cat/4575.jpg,Cat,0,500,375
PetImages/Cat/4577.jpg,Cat,0,60,106
PetImages/Cat/4578.jpg,Cat,0,450,332
PetImages/Cat/4579.jpg,Cat,0,500,491
PetImages/Cat/458.jpg,Cat,0,300,225
PetImages/Cat/4580.jpg,Cat,0,350,299
PetImages/Cat/4585.jpg,Cat,0,500,371
PetImages/Cat/4586.jpg,Cat,0,462,500
PetImages/Cat/4588.jpg,Cat,0,350,262
PetImages/Cat/4589.jpg,Cat,0,375,500
PetImages/Cat/459.jpg,Cat,0,295,208
PetImages/Cat/4590.jpg,Cat,0,500,375
PetImages/Cat/4593.jpg,Cat,0,418,379
PetImages/Cat/4595.jpg,Cat,0,300,266
PetImages/Cat/4596.jpg,Cat,0,500,375
PetImages/Cat/4599.jpg,Cat,0,401,500
PetImages/Cat/46.jpg,Cat,0,400,434
PetImages/Cat/4600.jpg,Cat,0,300,336
PetImages/Cat/4603.jpg,Cat,0,500,337
PetImages/Cat/4604.jpg,Cat,0,500,299
PetImages/Cat/4605.jpg,Cat,0,500,436
PetImages/Cat/4606.jpg,Cat,0,500,375
PetImages/Cat/4607.jpg,Cat,0,500,375
PetImages/Cat/461.jpg,Cat,0,500,365
PetImages/Cat/4610.jpg,Cat,0,500,375
PetImages/Cat/4611.jpg,Cat,0,364,500
PetImages/Cat/4613.jpg,Cat,0,343,500
PetImages/Cat/4614.jpg,Cat,0,500,375
PetImages/Cat/4615.jpg,Cat,0,240,240
PetImages/Cat/4618.jpg,Cat,0,500,375
PetImages/Cat/4621.jpg,Cat,0,500,500
PetImages/Cat/4622.jpg,Cat,0,500,375
PetImages/Cat/4624.jpg,Cat,0,409,500
PetImages/Cat/4625.jpg,Cat,0,500,398
PetImages/Cat/4626.jpg,Cat,0,500,394
PetImages/Cat/4628.jpg,Cat,0,500,375
PetImages/Cat/4629.jpg,Cat,0,100,75
PetImages/Cat/463.jpg,Cat,0,432,344
PetImages/Cat/4630.jpg,Cat,0,399,299
PetImages/Cat/4632.jpg,Cat,0,447,335
PetImages/Cat/4633.jpg,Cat,0,500,375
PetImages/Cat/4634.jpg,Cat,0,500,305
PetImages/Cat/4635.jpg,Cat,0,391,500
PetImages/Cat/4636.jpg,Cat,0,304,500
PetImages/Cat/4638.jpg,Cat,0,400,300
PetImages/Cat/4639.jpg,Cat,0,317,500
PetImages/Cat/464.jpg,Cat,0,320,240
PetImages/Cat/4642.jpg,Cat,0,288,180
PetImages/Cat/4643.jpg,Cat,0,500,375
PetImages/Cat/4644.jpg,Cat,0,350,500
PetImages/Cat/4645.jpg,Cat,0,500,375
PetImages/Cat/4647.jpg,Cat,0,448,294
PetImages/Cat/4648.jpg,Cat,0,500,500
PetImages/Cat/4649.jpg,Cat,0,500,375
PetImages/Cat/465.jpg,Cat,0,500,375
PetImages/Cat/4650.jpg,Cat,0,180,135
PetImages/Cat/4651.jpg,Cat,0,500,375
PetImages/Cat/4654.jpg,Cat,0,426,500
PetImages/Cat/4656.jpg,Cat,0,316,463
PetImages/Cat/4660.jpg,Cat,0,500,333
PetImages/Cat/4662.jpg,Cat,0,360,270
PetImages/Cat/4664.jpg,Cat,0,400,209
PetImages/Cat/4665.jpg,Cat,0,452,500
PetImages/Cat/4666.jpg,Cat,0,320,240
PetImages/Cat/4668.jpg,Cat,0,364,244
PetImages/Cat/4669.jpg,Cat,0,500,333
PetImages/Cat/467.jpg,Cat,0,500,375
PetImages/Cat/4671.jpg,Cat,0,300,225
PetImages/Cat/4672.jpg,Cat,0,500,375
PetImages/Cat/4673.jpg,Cat,0,500,375
PetImages/Cat/4674.jpg,Cat,0,500,375
PetImages/Cat/4675.jpg,Cat,0,349,500
PetImages/Cat/4676.jpg,Cat,0,500,375
PetImages/Cat/4677.jpg,Cat,0,357,306
PetImages/Cat/4678.jpg,Cat,0,500,375
PetImages/Cat/4679.jpg,Cat,0,500,375
PetImages/Cat/4680.jpg,Cat,0,336,500
PetImages/Cat/4682.jpg,Cat,0,268,353
PetImages/Cat/4684.jpg,Cat,0,448,500
PetImages/Cat/4686.jpg,Cat,0,400,324
PetImages/Cat/4687.jpg,Cat,0,200,168
PetImages/Cat/4688.jpg,Cat,0,500,466
PetImages/Cat/469.jpg,Cat,0,301,500
PetImages/Cat/4690.jpg,Cat,0,500,468
PetImages/Cat/4691.jpg,Cat,0,300,225
PetImages/Cat/4692.jpg,Cat,0,456,500
PetImages/Cat/4693.jpg,Cat,0,500,427
PetImages/Cat/4695.jpg,Cat,0,180,183
PetImages/Cat/4696.jpg,Cat,0,500,375
PetImages/Cat/4697.jpg,Cat,0,350,262
PetImages/Cat/4698.jpg,Cat,0,500,306
PetImages/Cat/4699.jpg,Cat,0,320,240
PetImages/Cat/47.jpg,Cat,0,259,214
PetImages/Cat/470.jpg,Cat,0,266,400
PetImages/Cat/4700.jpg,Cat,0,500,375
PetImages/Cat/4702.jpg,Cat,0,447,450
PetImages/Cat/4703.jpg,Cat,0,218,249
PetImages/Cat/4704.jpg,Cat,0,425,441
PetImages/Cat/4705.jpg,Cat,0,200,162
PetImages/Cat/4706.jpg,Cat,0,500,485
PetImages/Cat/4707.jpg,Cat,0,407,480
PetImages/Cat/4709.jpg,Cat,0,500,378
PetImages/Cat/4712.jpg,Cat,0,299,500
PetImages/Cat/4713.jpg,Cat,0,500,375
PetImages/Cat/4714.jpg,Cat,0,333,500
PetImages/Cat/4715.jpg,Cat,0,500,375
PetImages/Cat/4716.jpg,Cat,0,500,375
PetImages/Cat/4717.jpg,Cat,0,500,303
PetImages/Cat/4718.jpg,Cat,0,429,500
PetImages/Cat/4719.jpg,Cat,0,450,338
PetImages/Cat/472.jpg,Cat,0,300,359
PetImages/Cat/4721.jpg,Cat,0,500,375
PetImages/Cat/4722.jpg,Cat,0,500,375
PetImages/Cat/4723.jpg,Cat,0,269,500
PetImages/Cat/4725.jpg,Cat,0,280,270
PetImages/Cat/4728.jpg,Cat,0,500,375
PetImages/Cat/4729.jpg,Cat,0,500,375
PetImages/Cat/473.jpg,Cat,0,500,375
PetImages/Cat/4730.jpg,Cat,0,500,374
PetImages/Cat/4731.jpg,Cat,0,500,246
PetImages/Cat/4732.jpg,Cat,0,500,375
PetImages/Cat/4733.jpg,Cat,0,375,500
PetImages/Cat/4734.jpg,Cat,0,360,251
PetImages/Cat/4737.jpg,Cat,0,500,347
PetImages/Cat/4739.jpg,Cat,0,500,375
PetImages/Cat/474.jpg,Cat,0,500,375
PetImages/Cat/4741.jpg,Cat,0,500,375
PetImages/Cat/4743.jpg,Cat,0,432,339
PetImages/Cat/4744.jpg,Cat,0,275,275
PetImages/Cat/4745.jpg,Cat,0,500,375
PetImages/Cat/4746.jpg,Cat,0,192,124
PetImages/Cat/4747.jpg,Cat,0,500,417
PetImages/Cat/4749.jpg,Cat,0,340,500
PetImages/Cat/475.jpg,Cat,0,432,287
PetImages/Cat/4751.jpg,Cat,0,333,500
PetImages/Cat/4752.jpg,Cat,0,387,500
PetImages/Cat/4753.jpg,Cat,0,128,200
PetImages/Cat/4754.jpg,Cat,0,463,500
PetImages/Cat/4755.jpg,Cat,0,448,286
PetImages/Cat/4756.jpg,Cat,0,500,375
PetImages/Cat/4757.jpg,Cat,0,500,464
PetImages/Cat/4758.jpg,Cat,0,500,375
PetImages/Cat/476.jpg,Cat,0,381,373
PetImages/Cat/4760.jpg,Cat,0,500,375
PetImages/Cat/4761.jpg,Cat,0,339,500
PetImages/Cat/4762.jpg,Cat,0,188,94
PetImages/Cat/4763.jpg,Cat,0,320,240
PetImages/Cat/4767.jpg,Cat,0,500,375
PetImages/Cat/4771.jpg,Cat,0,500,375
PetImages/Cat/4773.jpg,Cat,0,500,377
PetImages/Cat/4774.jpg,Cat,0,410,500
PetImages/Cat/4775.jpg,Cat,0,265,360
PetImages/Cat/4778.jpg,Cat,0,500,375
PetImages/Cat/4779.jpg,Cat,0,500,375
PetImages/Cat/478.jpg,Cat,0,500,375
PetImages/Cat/4780.jpg,Cat,0,500,371
PetImages/Cat/4782.jpg,Cat,0,338,336
PetImages/Cat/4783.jpg,Cat,0,500,375
PetImages/Cat/4784.jpg,Cat,0,360,269
PetImages/Cat/4785.jpg,Cat,0,500,375
PetImages/Cat/4787.jpg,Cat,0,480,360
PetImages/Cat/4788.jpg,Cat,0,500,293
PetImages/Cat/4789.jpg,Cat,0,500,375
PetImages/Cat/479.jpg,Cat,0,463,406
PetImages/Cat/4790.jpg,Cat,0,500,332
PetImages/Cat/4791.jpg,Cat,0,443,332
PetImages/Cat/4792.jpg,Cat,0,500,310
PetImages/Cat/4793.jpg,Cat,0,430,474
PetImages/Cat/4796.jpg,Cat,0,431,490
PetImages/Cat/4797.jpg,Cat,0,350,262
PetImages/Cat/4798.jpg,Cat,0,500,375
PetImages/Cat/4799.jpg,Cat,0,500,375
PetImages/Cat/480.jpg,Cat,0,265,240
PetImages/Cat/4800.jpg,Cat,0,500,398
PetImages/Cat/4801.jpg,Cat,0,500,333
PetImages/Cat/4802.jpg,Cat,0,375,500
PetImages/Cat/4803.jpg,Cat,0,440,440
PetImages/Cat/4804.jpg,Cat,0,320,240
PetImages/Cat/4807.jpg,Cat,0,500,374
PetImages/Cat/4808.jpg,Cat,0,500,375
PetImages/Cat/4809.jpg,Cat,0,260,319
PetImages/Cat/4810.jpg,Cat,0,395,500
PetImages/Cat/4811.jpg,Cat,0,500,390
PetImages/Cat/4812.jpg,Cat,0,300,400
PetImages/Cat/4814.jpg,Cat,0,500,375
PetImages/Cat/4815.jpg,Cat,0,235,387
PetImages/Cat/4816.jpg,Cat,0,380,427
PetImages/Cat/482.jpg,Cat,0,500,191
PetImages/Cat/4820.jpg,Cat,0,500,462
PetImages/Cat/4821.jpg,Cat,0,60,40
PetImages/Cat/4822.jpg,Cat,0,300,272
PetImages/Cat/4825.jpg,Cat,0,500,375
PetImages/Cat/4826.jpg,Cat,0,500,375
PetImages/Cat/4827.jpg,Cat,0,332,500
PetImages/Cat/483.jpg,Cat,0,340,260
PetImages/Cat/4830.jpg,Cat,0,196,258
PetImages/Cat/4831.jpg,Cat,0,300,300
PetImages/Cat/4832.jpg,Cat,0,500,375
PetImages/Cat/4834.jpg,Cat,0,500,375
PetImages/Cat/4835.jpg,Cat,0,350,284
PetImages/Cat/4836.jpg,Cat,0,300,357
PetImages/Cat/4838.jpg,Cat,0,400,280
PetImages/Cat/484.jpg,Cat,0,300,269
PetImages/Cat/4840.jpg,Cat,0,440,370
PetImages/Cat/4843.jpg,Cat,0,333,500
PetImages/Cat/4844.jpg,Cat,0,500,333
PetImages/Cat/4845.jpg,Cat,0,500,297
PetImages/Cat/4847.jpg,Cat,0,288,242
PetImages/Cat/4848.jpg,Cat,0,500,333
PetImages/Cat/4849.jpg,Cat,0,150,233
PetImages/Cat/4850.jpg,Cat,0,500,375
PetImages/Cat/4852.jpg,Cat,0,280,210
PetImages/Cat/4853.jpg,Cat,0,500,475
PetImages/Cat/4854.jpg,Cat,0,500,375
PetImages/Cat/4857.jpg,Cat,0,500,375
PetImages/Cat/4858.jpg,Cat,0,192,288
PetImages/Cat/4859.jpg,Cat,0,300,378
PetImages/Cat/4860.jpg,Cat,0,500,375
PetImages/Cat/4861.jpg,Cat,0,350,262
PetImages/Cat/4862.jpg,Cat,0,497,500
PetImages/Cat/4863.jpg,Cat,0,365,335
PetImages/Cat/4864.jpg,Cat,0,292,229
PetImages/Cat/4865.jpg,Cat,0,500,380
PetImages/Cat/4868.jpg,Cat,0,500,319
PetImages/Cat/4869.jpg,Cat,0,500,375
PetImages/Cat/487.jpg,Cat,0,350,249
PetImages/Cat/4870.jpg,Cat,0,500,375
PetImages/Cat/4871.jpg,Cat,0,500,375
PetImages/Cat/4872.jpg,Cat,0,300,146
PetImages/Cat/4873.jpg,Cat,0,264,205
PetImages/Cat/4876.jpg,Cat,0,200,150
PetImages/Cat/4878.jpg,Cat,0,500,375
PetImages/Cat/4879.jpg,Cat,0,460,403
PetImages/Cat/4881.jpg,Cat,0,360,240
PetImages/Cat/4883.jpg,Cat,0,350,463
PetImages/Cat/4884.jpg,Cat,0,476,434
PetImages/Cat/4887.jpg,Cat,0,400,450
PetImages/Cat/4889.jpg,Cat,0,500,375
PetImages/Cat/489.jpg,Cat,0,200,280
PetImages/Cat/4892.jpg,Cat,0,166,232
PetImages/Cat/4893.jpg,Cat,0,200,169
PetImages/Cat/4894.jpg,Cat,0,300,225
PetImages/Cat/4895.jpg,Cat,0,500,395
PetImages/Cat/4896.jpg,Cat,0,500,373
PetImages/Cat/4897.jpg,Cat,0,300,200
PetImages/Cat/4898.jpg,Cat,0,500,375
PetImages/Cat/4899.jpg,Cat,0,500,481
PetImages/Cat/49.jpg,Cat,0,180,130
PetImages/Cat/490.jpg,Cat,0,286,500
PetImages/Cat/4900.jpg,Cat,0,286,300
PetImages/Cat/4901.jpg,Cat,0,444,410
PetImages/Cat/4902.jpg,Cat,0,500,360
PetImages/Cat/4903.jpg,Cat,0,500,375
PetImages/Cat/4904.jpg,Cat,0,500,375
PetImages/Cat/4906.jpg,Cat,0,248,300
PetImages/Cat/4908.jpg,Cat,0,375,316
PetImages/Cat/4909.jpg,Cat,0,392,500
PetImages/Cat/4910.jpg,Cat,0,347,500
PetImages/Cat/4911.jpg,Cat,0,320,240
PetImages/Cat/4912.jpg,Cat,0,500,375
PetImages/Cat/4914.jpg,Cat,0,350,261
PetImages/Cat/4917.jpg,Cat,0,500,375
PetImages/Cat/4918.jpg,Cat,0,300,285
PetImages/Cat/4919.jpg,Cat,0,463,473
PetImages/Cat/492.jpg,Cat,0,288,252
PetImages/Cat/4920.jpg,Cat,0,500,475
PetImages/Cat/4922.jpg,Cat,0,500,332
PetImages/Cat/4924.jpg,Cat,0,500,375
PetImages/Cat/4925.jpg,Cat,0,500,375
PetImages/Cat/4926.jpg,Cat,0,500,385
PetImages/Cat/4929.jpg,Cat,0,386,459
PetImages/Cat/4930.jpg,Cat,0,500,375
PetImages/Cat/4932.jpg,Cat,0,200,222
PetImages/Cat/4933.jpg,Cat,0,400,303
PetImages/Cat/4935.jpg,Cat,0,500,375
PetImages/Cat/4936.jpg,Cat,0,500,420
PetImages/Cat/4937.jpg,Cat,0,499,500
PetImages/Cat/4938.jpg,Cat,0,450,337
PetImages/Cat/494.jpg,Cat,0,500,289
PetImages/Cat/4940.jpg,Cat,0,300,254
PetImages/Cat/4941.jpg,Cat,0,268,447
PetImages/Cat/4944.jpg,Cat,0,500,375
PetImages/Cat/4945.jpg,Cat,0,500,375
PetImages/Cat/4946.jpg,Cat,0,500,333
PetImages/Cat/4949.jpg,Cat,0,336,500
PetImages/Cat/495.jpg,Cat,0,422,500
PetImages/Cat/4950.jpg,Cat,0,500,375
PetImages/Cat/4951.jpg,Cat,0,384,480
PetImages/Cat/4952.jpg,Cat,0,237,192
PetImages/Cat/4953.jpg,Cat,0,500,375
PetImages/Cat/4955.jpg,Cat,0,474,399
PetImages/Cat/4957.jpg,Cat,0,500,333
PetImages/Cat/4959.jpg,Cat,0,444,500
PetImages/Cat/496.jpg,Cat,0,280,210
PetImages/Cat/4960.jpg,Cat,0,500,461
PetImages/Cat/4961.jpg,Cat,0,500,375
PetImages/Cat/4962.jpg,Cat,0,500,375
PetImages/Cat/4963.jpg,Cat,0,90,90
PetImages/Cat/4965.jpg,Cat,0,500,375
PetImages/Cat/4966.jpg,Cat,0,350,421
PetImages/Cat/4967.jpg,Cat,0,500,375
PetImages/Cat/4968.jpg,Cat,0,247,300
PetImages/Cat/4969.jpg,Cat,0,500,336
PetImages/Cat/4970.jpg,Cat,0,500,333
PetImages/Cat/4971.jpg,Cat,0,500,375
PetImages/Cat/4972.jpg,Cat,0,350,347
PetImages/Cat/4974.jpg,Cat,0,320,240
PetImages/Cat/4975.jpg,Cat,0,350,306
PetImages/Cat/4977.jpg,Cat,0,300,189
PetImages/Cat/4978.jpg,Cat,0,500,334
PetImages/Cat/4979.jpg,Cat,0,400,500
PetImages/Cat/498.jpg,Cat,0,471,500
PetImages/Cat/4981.jpg,Cat,0,500,375
PetImages/Cat/4982.jpg,Cat,0,384,400
PetImages/Cat/4983.jpg,Cat,0,500,472
PetImages/Cat/4984.jpg,Cat,0,500,474
PetImages/Cat/4989.jpg,Cat,0,443,500
PetImages/Cat/4990.jpg,Cat,0,354,336
PetImages/Cat/4991.jpg,Cat,0,500,498
PetImages/Cat/4993.jpg,Cat,0,333,500
PetImages/Cat/4995.jpg,Cat,0,374,500
PetImages/Cat/4997.jpg,Cat,0,500,375
PetImages/Cat/4998.jpg,Cat,0,360,270
PetImages/Cat/4999.jpg,Cat,0,500,375
PetImages/Cat/5.jpg,Cat,0,176,144
PetImages/Cat/50.jpg,Cat,0,300,196
PetImages/Cat/5001.jpg,Cat,0,499,384
PetImages/Cat/5002.jpg,Cat,0,500,367
PetImages/Cat/5004.jpg,Cat,0,500,375
PetImages/Cat/5005.jpg,Cat,0,500,375
PetImages/Cat/5006.jpg,Cat,0,500,375
PetImages/Cat/5008.jpg,Cat,0,411,297
PetImages/Cat/5009.jpg,Cat,0,222,221
PetImages/Cat/501.jpg,Cat,0,500,464
PetImages/Cat/5010.jpg,Cat,0,500,375
PetImages/Cat/5011.jpg,Cat,0,500,375
PetImages/Cat/5012.jpg,Cat,0,500,375
PetImages/Cat/5013.jpg,Cat,0,500,346
PetImages/Cat/5014.jpg,Cat,0,500,473
PetImages/Cat/5015.jpg,Cat,0,279,186
PetImages/Cat/5017.jpg,Cat,0,500,375
PetImages/Cat/5018.jpg,Cat,0,500,333
PetImages/Cat/5019.jpg,Cat,0,200,200
PetImages/Cat/502.jpg,Cat,0,250,244
PetImages/Cat/5020.jpg,Cat,0,282,270
PetImages/Cat/5022.jpg,Cat,0,375,500
PetImages/Cat/5023.jpg,Cat,0,350,262
PetImages/Cat/5024.jpg,Cat,0,500,298
PetImages/Cat/5025.jpg,Cat,0,163,230
PetImages/Cat/5026.jpg,Cat,0,500,500
PetImages/Cat/5027.jpg,Cat,0,300,210
PetImages/Cat/5028.jpg,Cat,0,332,299
PetImages/Cat/5029.jpg,Cat,0,500,375
PetImages/Cat/503.jpg,Cat,0,500,375
PetImages/Cat/5031.jpg,Cat,0,375,500
PetImages/Cat/5032.jpg,Cat,0,500,375
PetImages/Cat/5035.jpg,Cat,0,300,268
PetImages/Cat/5036.jpg,Cat,0,307,459
PetImages/Cat/5037.jpg,Cat,0,500,443
PetImages/Cat/5038.jpg,Cat,0,311,233
PetImages/Cat/5041.jpg,Cat,0,500,375
PetImages/Cat/5042.jpg,Cat,0,438,326
PetImages/Cat/5043.jpg,Cat,0,500,375
PetImages/Cat/5044.jpg,Cat,0,480,491
PetImages/Cat/5045.jpg,Cat,0,500,285
PetImages/Cat/5046.jpg,Cat,0,500,375
PetImages/Cat/5048.jpg,Cat,0,500,375
PetImages/Cat/5049.jpg,Cat,0,220,141
PetImages/Cat/505.jpg,Cat,0,500,227
PetImages/Cat/5050.jpg,Cat,0,500,332
PetImages/Cat/5051.jpg,Cat,0,346,457
PetImages/Cat/5052.jpg,Cat,0,350,336
PetImages/Cat/5053.jpg,Cat,0,500,375
PetImages/Cat/5055.jpg,Cat,0,400,359
PetImages/Cat/5057.jpg,Cat,0,386,478
PetImages/Cat/5058.jpg,Cat,0,500,343
PetImages/Cat/5059.jpg,Cat,0,320,235
PetImages/Cat/506.jpg,Cat,0,500,375
PetImages/Cat/5060.jpg,Cat,0,448,287
PetImages/Cat/5062.jpg,Cat,0,500,375
PetImages/Cat/5063.jpg,Cat,0,389,500
PetImages/Cat/5066.jpg,Cat,0,473,500
PetImages/Cat/5067.jpg,Cat,0,500,448
PetImages/Cat/5069.jpg,Cat,0,500,375
PetImages/Cat/507.jpg,Cat,0,480,325
PetImages/Cat/5071.jpg,Cat,0,312,417
PetImages/Cat/5072.jpg,Cat,0,450,456
PetImages/Cat/5073.jpg,Cat,0,160,107
PetImages/Cat/5074.jpg,Cat,0,320,493
PetImages/Cat/5076.jpg,Cat,0,500,375
PetImages/Cat/5080.jpg,Cat,0,341,500
PetImages/Cat/5082.jpg,Cat,0,500,375
PetImages/Cat/5084.jpg,Cat,0,500,400
PetImages/Cat/5086.jpg,Cat,0,431,500
PetImages/Cat/5088.jpg,Cat,0,500,375
PetImages/Cat/5089.jpg,Cat,0,306,229
PetImages/Cat/5090.jpg,Cat,0,500,334
PetImages/Cat/5092.jpg,Cat,0,480,477
PetImages/Cat/5093.jpg,Cat,0,500,375
PetImages/Cat/5094.jpg,Cat,0,500,375
PetImages/Cat/5096.jpg,Cat,0,500,375
PetImages/Cat/51.jpg,Cat,0,257,473
PetImages/Cat/510.jpg,Cat,0,314,210
PetImages/Cat/5100.jpg,Cat,0,500,375
PetImages/Cat/5104.jpg,Cat,0,317,432
PetImages/Cat/5105.jpg,Cat,0,320,240
PetImages/Cat/5106.jpg,Cat,0,500,375
PetImages/Cat/5108.jpg,Cat,0,487,500
PetImages/Cat/5109.jpg,Cat,0,306,500
PetImages/Cat/511.jpg,Cat,0,500,375
PetImages/Cat/5110.jpg,Cat,0,367,500
PetImages/Cat/5111.jpg,Cat,0,377,143
PetImages/Cat/5112.jpg,Cat,0,500,375
PetImages/Cat/5113.jpg,Cat,0,338,448
PetImages/Cat/5114.jpg,Cat,0,320,224
PetImages/Cat/5116.jpg,Cat,0,424,500
PetImages/Cat/5117.jpg,Cat,0,500,375
PetImages/Cat/5119.jpg,Cat,0,466,353
PetImages/Cat/5120.jpg,Cat,0,494,317
PetImages/Cat/5121.jpg,Cat,0,350,318
PetImages/Cat/5122.jpg,Cat,0,384,500
PetImages/Cat/5123.jpg,Cat,0,500,375
PetImages/Cat/5124.jpg,Cat,0,500,375
PetImages/Cat/5125.jpg,Cat,0,500,375
PetImages/Cat/5126.jpg,Cat,0,250,250
PetImages/Cat/5128.jpg,Cat,0,289,320
PetImages/Cat/5129.jpg,Cat,0,500,375
PetImages/Cat/513.jpg,Cat,0,500,243
PetImages/Cat/5130.jpg,Cat,0,500,456
PetImages/Cat/5131.jpg,Cat,0,195,163
PetImages/Cat/5132.jpg,Cat,0,361,400
PetImages/Cat/5133.jpg,Cat,0,489,500
PetImages/Cat/5135.jpg,Cat,0,500,375
PetImages/Cat/5136.jpg,Cat,0,476,500
PetImages/Cat/5137.jpg,Cat,0,280,210
PetImages/Cat/5138.jpg,Cat,0,500,334
PetImages/Cat/5139.jpg,Cat,0,438,500
PetImages/Cat/5140.jpg,Cat,0,312,500
PetImages/Cat/5141.jpg,Cat,0,500,399
PetImages/Cat/5142.jpg,Cat,0,302,227
PetImages/Cat/5143.jpg,Cat,0,198,155
PetImages/Cat/5144.jpg,Cat,0,400,360
PetImages/Cat/5145.jpg,Cat,0,500,382
PetImages/Cat/5148.jpg,Cat,0,500,375
PetImages/Cat/5149.jpg,Cat,0,500,454
PetImages/Cat/515.jpg,Cat,0,437,500
PetImages/Cat/5150.jpg,Cat,0,392,448
PetImages/Cat/5151.jpg,Cat,0,392,500
PetImages/Cat/5152.jpg,Cat,0,250,200
PetImages/Cat/5153.jpg,Cat,0,500,375
PetImages/Cat/5156.jpg,Cat,0,500,375
PetImages/Cat/5158.jpg,Cat,0,303,345
PetImages/Cat/516.jpg,Cat,0,350,263
PetImages/Cat/5160.jpg,Cat,0,450,450
PetImages/Cat/5162.jpg,Cat,0,500,375
PetImages/Cat/5163.jpg,Cat,0,386,366
PetImages/Cat/5164.jpg,Cat,0,500,349
PetImages/Cat/5165.jpg,Cat,0,448,336
PetImages/Cat/5166.jpg,Cat,0,336,338
PetImages/Cat/5167.jpg,Cat,0,400,333
PetImages/Cat/5168.jpg,Cat,0,500,275
PetImages/Cat/5169.jpg,Cat,0,185,182
PetImages/Cat/5171.jpg,Cat,0,200,179
PetImages/Cat/5173.jpg,Cat,0,320,240
PetImages/Cat/5176.jpg,Cat,0,500,375
PetImages/Cat/5177.jpg,Cat,0,413,275
PetImages/Cat/5179.jpg,Cat,0,180,148
PetImages/Cat/518.jpg,Cat,0,500,418
PetImages/Cat/5181.jpg,Cat,0,186,202
PetImages/Cat/5183.jpg,Cat,0,335,377
PetImages/Cat/5184.jpg,Cat,0,500,375
PetImages/Cat/5185.jpg,Cat,0,123,141
PetImages/Cat/5186.jpg,Cat,0,500,415
PetImages/Cat/5187.jpg,Cat,0,300,250
PetImages/Cat/5189.jpg,Cat,0,500,388
PetImages/Cat/519.jpg,Cat,0,500,375
PetImages/Cat/5190.jpg,Cat,0,500,439
PetImages/Cat/5192.jpg,Cat,0,500,375
PetImages/Cat/5194.jpg,Cat,0,484,500
PetImages/Cat/5195.jpg,Cat,0,500,375
PetImages/Cat/5196.jpg,Cat,0,319,500
PetImages/Cat/5197.jpg,Cat,0,500,375
PetImages/Cat/5198.jpg,Cat,0,500,375
PetImages/Cat/52.jpg,Cat,0,400,300
PetImages/Cat/520.jpg,Cat,0,350,302
PetImages/Cat/5201.jpg,Cat,0,250,187
PetImages/Cat/5203.jpg,Cat,0,375,500
PetImages/Cat/5204.jpg,Cat,0,500,375
PetImages/Cat/5205.jpg,Cat,0,500,375
PetImages/Cat/5206.jpg,Cat,0,375,500
PetImages/Cat/521.jpg,Cat,0,500,375
PetImages/Cat/5210.jpg,Cat,0,500,375
PetImages/Cat/5211.jpg,Cat,0,500,375
PetImages/Cat/5213.jpg,Cat,0,482,341
PetImages/Cat/5214.jpg,Cat,0,500,374
PetImages/Cat/5215.jpg,Cat,0,345,447
PetImages/Cat/5216.jpg,Cat,0,500,375
PetImages/Cat/5217.jpg,Cat,0,350,300
PetImages/Cat/5218.jpg,Cat,0,350,262
PetImages/Cat/5219.jpg,Cat,0,460,301
PetImages/Cat/5220.jpg,Cat,0,500,342
PetImages/Cat/5222.jpg,Cat,0,500,375
PetImages/Cat/5224.jpg,Cat,0,500,375
PetImages/Cat/5225.jpg,Cat,0,378,329
PetImages/Cat/5226.jpg,Cat,0,432,353
PetImages/Cat/5228.jpg,Cat,0,500,401
PetImages/Cat/5229.jpg,Cat,0,500,407
PetImages/Cat/5230.jpg,Cat,0,300,211
PetImages/Cat/5234.jpg,Cat,0,500,375
PetImages/Cat/5235.jpg,Cat,0,500,375
PetImages/Cat/5236.jpg,Cat,0,500,333
PetImages/Cat/5238.jpg,Cat,0,500,427
PetImages/Cat/5240.jpg,Cat,0,400,198
PetImages/Cat/5241.jpg,Cat,0,500,375
PetImages/Cat/5243.jpg,Cat,0,500,318
PetImages/Cat/5245.jpg,Cat,0,277,399
PetImages/Cat/5246.jpg,Cat,0,400,311
PetImages/Cat/5247.jpg,Cat,0,391,336
PetImages/Cat/5249.jpg,Cat,0,410,500
PetImages/Cat/525.jpg,Cat,0,375,358
PetImages/Cat/5251.jpg,Cat,0,500,375
PetImages/Cat/5252.jpg,Cat,0,500,333
PetImages/Cat/5253.jpg,Cat,0,192,156
PetImages/Cat/5254.jpg,Cat,0,194,170
PetImages/Cat/5257.jpg,Cat,0,96,100
PetImages/Cat/5258.jpg,Cat,0,500,338
PetImages/Cat/5259.jpg,Cat,0,320,240
PetImages/Cat/526.jpg,Cat,0,267,500
PetImages/Cat/5260.jpg,Cat,0,330,330
PetImages/Cat/5264.jpg,Cat,0,500,388
PetImages/Cat/5265.jpg,Cat,0,353,400
PetImages/Cat/5267.jpg,Cat,0,500,375
PetImages/Cat/527.jpg,Cat,0,250,270
PetImages/Cat/5272.jpg,Cat,0,300,196
PetImages/Cat/5273.jpg,Cat,0,500,418
PetImages/Cat/5275.jpg,Cat,0,500,375
PetImages/Cat/5277.jpg,Cat,0,500,500
PetImages/Cat/5278.jpg,Cat,0,500,500
PetImages/Cat/5279.jpg,Cat,0,413,310
PetImages/Cat/528.jpg,Cat,0,343,360
PetImages/Cat/5280.jpg,Cat,0,320,240
PetImages/Cat/5283.jpg,Cat,0,500,426
PetImages/Cat/5284.jpg,Cat,0,500,458
PetImages/Cat/5285.jpg,Cat,0,500,333
PetImages/Cat/5288.jpg,Cat,0,448,336
PetImages/Cat/529.jpg,Cat,0,464,443
PetImages/Cat/5291.jpg,Cat,0,489,500
PetImages/Cat/5292.jpg,Cat,0,197,200
PetImages/Cat/5295.jpg,Cat,0,500,436
PetImages/Cat/5296.jpg,Cat,0,375,500
PetImages/Cat/5297.jpg,Cat,0,199,149
PetImages/Cat/5299.jpg,Cat,0,500,397
PetImages/Cat/53.jpg,Cat,0,492,458
PetImages/Cat/530.jpg,Cat,0,500,375
PetImages/Cat/5300.jpg,Cat,0,250,357
PetImages/Cat/5301.jpg,Cat,0,480,360
PetImages/Cat/5302.jpg,Cat,0,500,375
PetImages/Cat/5303.jpg,Cat,0,320,240
PetImages/Cat/5306.jpg,Cat,0,400,353
PetImages/Cat/5307.jpg,Cat,0,444,500
PetImages/Cat/5308.jpg,Cat,0,263,300
PetImages/Cat/5309.jpg,Cat,0,500,398
PetImages/Cat/5311.jpg,Cat,0,500,400
PetImages/Cat/5312.jpg,Cat,0,463,362
PetImages/Cat/5313.jpg,Cat,0,278,369
PetImages/Cat/5314.jpg,Cat,0,500,375
PetImages/Cat/5315.jpg,Cat,0,360,292
PetImages/Cat/5317.jpg,Cat,0,216,216
PetImages/Cat/5318.jpg,Cat,0,500,375
PetImages/Cat/5319.jpg,Cat,0,500,385
PetImages/Cat/532.jpg,Cat,0,500,290
PetImages/Cat/5321.jpg,Cat,0,464,500
PetImages/Cat/5323.jpg,Cat,0,500,349
PetImages/Cat/5325.jpg,Cat,0,500,377
PetImages/Cat/5326.jpg,Cat,0,421,500
PetImages/Cat/5327.jpg,Cat,0,364,355
PetImages/Cat/5329.jpg,Cat,0,402,500
PetImages/Cat/533.jpg,Cat,0,339,440
PetImages/Cat/5331.jpg,Cat,0,432,499
PetImages/Cat/5333.jpg,Cat,0,500,375
PetImages/Cat/5334.jpg,Cat,0,500,375
PetImages/Cat/5336.jpg,Cat,0,300,302
PetImages/Cat/5337.jpg,Cat,0,500,375
PetImages/Cat/5338.jpg,Cat,0,189,142
PetImages/Cat/5339.jpg,Cat,0,360,500
PetImages/Cat/534.jpg,Cat,0,480,319
PetImages/Cat/5341.jpg,Cat,0,500,375
PetImages/Cat/5342.jpg,Cat,0,500,375
PetImages/Cat/5343.jpg,Cat,0,500,314
PetImages/Cat/5344.jpg,Cat,0,440,374
PetImages/Cat/5345.jpg,Cat,0,500,450
PetImages/Cat/5346.jpg,Cat,0,339,400
PetImages/Cat/5347.jpg,Cat,0,500,334
PetImages/Cat/5348.jpg,Cat,0,375,500
PetImages/Cat/5349.jpg,Cat,0,500,427
PetImages/Cat/535.jpg,Cat,0,480,360
PetImages/Cat/5350.jpg,Cat,0,301,500
PetImages/Cat/5351.jpg,Cat,0,500,149
PetImages/Cat/5352.jpg,Cat,0,430,477
PetImages/Cat/5353.jpg,Cat,0,472,500
PetImages/Cat/5354.jpg,Cat,0,240,158
PetImages/Cat/5355.jpg,Cat,0,500,375
PetImages/Cat/5357.jpg,Cat,0,500,257
PetImages/Cat/5359.jpg,Cat,0,500,306
PetImages/Cat/536.jpg,Cat,0,500,430
PetImages/Cat/5360.jpg,Cat,0,500,375
PetImages/Cat/5364.jpg,Cat,0,405,349
PetImages/Cat/5365.jpg,Cat,0,350,325
PetImages/Cat/5369.jpg,Cat,0,399,289
PetImages/Cat/5370.jpg,Cat,0,275,226
PetImages/Cat/5372.jpg,Cat,0,329,500
PetImages/Cat/5374.jpg,Cat,0,480,500
PetImages/Cat/5375.jpg,Cat,0,400,300
PetImages/Cat/5376.jpg,Cat,0,309,346
PetImages/Cat/5379.jpg,Cat,0,500,423
PetImages/Cat/5381.jpg,Cat,0,500,375
PetImages/Cat/5385.jpg,Cat,0,479,500
PetImages/Cat/5386.jpg,Cat,0,500,327
PetImages/Cat/5387.jpg,Cat,0,389,450
PetImages/Cat/5388.jpg,Cat,0,462,500
PetImages/Cat/539.jpg,Cat,0,500,295
PetImages/Cat/5390.jpg,Cat,0,147,144
PetImages/Cat/5392.jpg,Cat,0,500,375
PetImages/Cat/5393.jpg,Cat,0,300,225
PetImages/Cat/5394.jpg,Cat,0,200,148
PetImages/Cat/5396.jpg,Cat,0,200,199
PetImages/Cat/5397.jpg,Cat,0,360,323
PetImages/Cat/5398.jpg,Cat,0,500,375
PetImages/Cat/54.jpg,Cat,0,500,500
PetImages/Cat/5400.jpg,Cat,0,500,334
PetImages/Cat/5401.jpg,Cat,0,473,500
PetImages/Cat/5402.jpg,Cat,0,406,408
PetImages/Cat/5403.jpg,Cat,0,120,109
PetImages/Cat/5404.jpg,Cat,0,220,144
PetImages/Cat/5407.jpg,Cat,0,466,500
PetImages/Cat/5408.jpg,Cat,0,500,375
PetImages/Cat/5409.jpg,Cat,0,500,382
PetImages/Cat/541.jpg,Cat,0,500,374
PetImages/Cat/5410.jpg,Cat,0,500,375
PetImages/Cat/5414.jpg,Cat,0,350,262
PetImages/Cat/5416.jpg,Cat,0,350,228
PetImages/Cat/5417.jpg,Cat,0,500,375
PetImages/Cat/5418.jpg,Cat,0,500,375
PetImages/Cat/542.jpg,Cat,0,476,300
PetImages/Cat/5420.jpg,Cat,0,500,375
PetImages/Cat/5421.jpg,Cat,0,491,500
PetImages/Cat/5422.jpg,Cat,0,500,375
PetImages/Cat/5424.jpg,Cat,0,500,343
PetImages/Cat/5425.jpg,Cat,0,450,377
PetImages/Cat/5426.jpg,Cat,0,448,296
PetImages/Cat/5427.jpg,Cat,0,448,300
PetImages/Cat/5428.jpg,Cat,0,500,331
PetImages/Cat/5429.jpg,Cat,0,500,460
PetImages/Cat/543.jpg,Cat,0,500,375
PetImages/Cat/5430.jpg,Cat,0,437,500
PetImages/Cat/5431.jpg,Cat,0,500,375
PetImages/Cat/5432.jpg,Cat,0,458,500
PetImages/Cat/5436.jpg,Cat,0,500,373
PetImages/Cat/544.jpg,Cat,0,500,375
PetImages/Cat/5440.jpg,Cat,0,399,400
PetImages/Cat/5441.jpg,Cat,0,500,375
PetImages/Cat/5443.jpg,Cat,0,443,500
PetImages/Cat/5444.jpg,Cat,0,500,375
PetImages/Cat/5445.jpg,Cat,0,500,390
PetImages/Cat/5446.jpg,Cat,0,500,375
PetImages/Cat/5447.jpg,Cat,0,424,256
PetImages/Cat/5449.jpg,Cat,0,500,375
PetImages/Cat/545.jpg,Cat,0,500,377
PetImages/Cat/5450.jpg,Cat,0,500,444
PetImages/Cat/5451.jpg,Cat,0,350,365
PetImages/Cat/5455.jpg,Cat,0,400,268
PetImages/Cat/5456.jpg,Cat,0,500,375
PetImages/Cat/5458.jpg,Cat,0,320,240
PetImages/Cat/5459.jpg,Cat,0,291,288
PetImages/Cat/5460.jpg,Cat,0,500,294
PetImages/Cat/5461.jpg,Cat,0,448,338
PetImages/Cat/5464.jpg,Cat,0,255,334
PetImages/Cat/5465.jpg,Cat,0,500,462
PetImages/Cat/5466.jpg,Cat,0,312,270
PetImages/Cat/5467.jpg,Cat,0,275,305
PetImages/Cat/5468.jpg,Cat,0,375,500
PetImages/Cat/5469.jpg,Cat,0,300,296
PetImages/Cat/547.jpg,Cat,0,500,375
PetImages/Cat/5470.jpg,Cat,0,263,237
PetImages/Cat/5471.jpg,Cat,0,500,375
PetImages/Cat/5473.jpg,Cat,0,310,289
PetImages/Cat/5474.jpg,Cat,0,500,375
PetImages/Cat/5475.jpg,Cat,0,500,362
PetImages/Cat/5476.jpg,Cat,0,500,333
PetImages/Cat/5477.jpg,Cat,0,500,375
PetImages/Cat/5478.jpg,Cat,0,146,170
PetImages/Cat/5480.jpg,Cat,0,500,375
PetImages/Cat/5481.jpg,Cat,0,110,125
PetImages/Cat/5482.jpg,Cat,0,500,375
PetImages/Cat/5485.jpg,Cat,0,463,500
PetImages/Cat/5488.jpg,Cat,0,331,487
PetImages/Cat/549.jpg,Cat,0,161,197
PetImages/Cat/5492.jpg,Cat,0,500,375
PetImages/Cat/5493.jpg,Cat,0,419,500
PetImages/Cat/5494.jpg,Cat,0,500,250
PetImages/Cat/5496.jpg,Cat,0,500,226
PetImages/Cat/5498.jpg,Cat,0,500,400
PetImages/Cat/5499.jpg,Cat,0,500,375
PetImages/Cat/550.jpg,Cat,0,500,346
PetImages/Cat/5500.jpg,Cat,0,312,272
PetImages/Cat/5502.jpg,Cat,0,320,240
PetImages/Cat/5503.jpg,Cat,0,421,500
PetImages/Cat/5504.jpg,Cat,0,500,394
PetImages/Cat/5506.jpg,Cat,0,200,133
PetImages/Cat/5507.jpg,Cat,0,239,100
PetImages/Cat/5509.jpg,Cat,0,500,375
PetImages/Cat/551.jpg,Cat,0,156,200
PetImages/Cat/5510.jpg,Cat,0,500,375
PetImages/Cat/5511.jpg,Cat,0,500,375
PetImages/Cat/5512.jpg,Cat,0,500,375
PetImages/Cat/5515.jpg,Cat,0,500,462
PetImages/Cat/5517.jpg,Cat,0,500,355
PetImages/Cat/5518.jpg,Cat,0,360,270
PetImages/Cat/5519.jpg,Cat,0,300,302
PetImages/Cat/552.jpg,Cat,0,375,500
PetImages/Cat/5520.jpg,Cat,0,500,278
PetImages/Cat/5521.jpg,Cat,0,500,332
PetImages/Cat/5523.jpg,Cat,0,500,375
PetImages/Cat/5525.jpg,Cat,0,500,375
PetImages/Cat/5528.jpg,Cat,0,480,360
PetImages/Cat/5529.jpg,Cat,0,150,100
PetImages/Cat/553.jpg,Cat,0,500,375
PetImages/Cat/5530.jpg,Cat,0,500,375
PetImages/Cat/5531.jpg,Cat,0,320,134
PetImages/Cat/5533.jpg,Cat,0,350,262
PetImages/Cat/5534.jpg,Cat,0,60,36
PetImages/Cat/5536.jpg,Cat,0,500,375
PetImages/Cat/5537.jpg,Cat,0,500,375
PetImages/Cat/5538.jpg,Cat,0,500,375
PetImages/Cat/5539.jpg,Cat,0,500,375
PetImages/Cat/5540.jpg,Cat,0,299,448
PetImages/Cat/5541.jpg,Cat,0,500,336
PetImages/Cat/5542.jpg,Cat,0,471,500
PetImages/Cat/5544.jpg,Cat,0,320,224
PetImages/Cat/5546.jpg,Cat,0,500,375
PetImages/Cat/5547.jpg,Cat,0,300,288
PetImages/Cat/5549.jpg,Cat,0,202,270
PetImages/Cat/555.jpg,Cat,0,500,375
PetImages/Cat/5550.jpg,Cat,0,198,132
PetImages/Cat/5551.jpg,Cat,0,413,496
PetImages/Cat/5553.jpg,Cat,0,288,279
PetImages/Cat/5554.jpg,Cat,0,500,420
PetImages/Cat/5558.jpg,Cat,0,240,240
PetImages/Cat/5559.jpg,Cat,0,300,229
PetImages/Cat/556.jpg,Cat,0,304,281
PetImages/Cat/5562.jpg,Cat,0,448,312
PetImages/Cat/5563.jpg,Cat,0,500,364
PetImages/Cat/5565.jpg,Cat,0,450,446
PetImages/Cat/5567.jpg,Cat,0,350,466
PetImages/Cat/5568.jpg,Cat,0,500,375
PetImages/Cat/5569.jpg,Cat,0,200,179
PetImages/Cat/5570.jpg,Cat,0,500,330
PetImages/Cat/5572.jpg,Cat,0,500,404
PetImages/Cat/5573.jpg,Cat,0,500,375
PetImages/Cat/5574.jpg,Cat,0,259,259
PetImages/Cat/5577.jpg,Cat,0,500,316
PetImages/Cat/5578.jpg,Cat,0,350,258
PetImages/Cat/5579.jpg,Cat,0,500,306
PetImages/Cat/558.jpg,Cat,0,407,223
PetImages/Cat/5581.jpg,Cat,0,272,200
PetImages/Cat/5582.jpg,Cat,0,500,400
PetImages/Cat/5583.jpg,Cat,0,500,322
PetImages/Cat/5584.jpg,Cat,0,350,229
PetImages/Cat/5585.jpg,Cat,0,320,480
PetImages/Cat/5586.jpg,Cat,0,200,132
PetImages/Cat/5587.jpg,Cat,0,500,353
PetImages/Cat/5588.jpg,Cat,0,367,421
PetImages/Cat/5590.jpg,Cat,0,500,455
PetImages/Cat/5591.jpg,Cat,0,500,375
PetImages/Cat/5592.jpg,Cat,0,500,448
PetImages/Cat/5593.jpg,Cat,0,500,375
PetImages/Cat/5595.jpg,Cat,0,500,375
PetImages/Cat/5596.jpg,Cat,0,500,375
PetImages/Cat/5598.jpg,Cat,0,500,375
PetImages/Cat/5600.jpg,Cat,0,500,500
PetImages/Cat/5601.jpg,Cat,0,500,375
PetImages/Cat/5603.jpg,Cat,0,500,375
PetImages/Cat/5607.jpg,Cat,0,333,500
PetImages/Cat/5609.jpg,Cat,0,500,375
PetImages/Cat/561.jpg,Cat,0,480,383
PetImages/Cat/5611.jpg,Cat,0,500,357
PetImages/Cat/5612.jpg,Cat,0,500,375
PetImages/Cat/5613.jpg,Cat,0,379,466
PetImages/Cat/5614.jpg,Cat,0,490,422
PetImages/Cat/5615.jpg,Cat,0,286,379
PetImages/Cat/5616.jpg,Cat,0,423,368
PetImages/Cat/5619.jpg,Cat,0,500,375
PetImages/Cat/5620.jpg,Cat,0,500,400
PetImages/Cat/5621.jpg,Cat,0,500,337
PetImages/Cat/5622.jpg,Cat,0,141,200
PetImages/Cat/5624.jpg,Cat,0,428,500
PetImages/Cat/5625.jpg,Cat,0,500,352
PetImages/Cat/5627.jpg,Cat,0,200,120
PetImages/Cat/5628.jpg,Cat,0,500,359
PetImages/Cat/5629.jpg,Cat,0,350,262
PetImages/Cat/563.jpg,Cat,0,500,476
PetImages/Cat/5630.jpg,Cat,0,288,252
PetImages/Cat/5632.jpg,Cat,0,412,500
PetImages/Cat/5633.jpg,Cat,0,500,383
PetImages/Cat/5635.jpg,Cat,0,394,500
PetImages/Cat/5636.jpg,Cat,0,500,375
PetImages/Cat/5637.jpg,Cat,0,475,500
PetImages/Cat/5638.jpg,Cat,0,500,375
PetImages/Cat/5639.jpg,Cat,0,500,375
PetImages/Cat/5640.jpg,Cat,0,371,500
PetImages/Cat/5641.jpg,Cat,0,500,375
PetImages/Cat/5642.jpg,Cat,0,412,336
PetImages/Cat/5643.jpg,Cat,0,500,375
PetImages/Cat/5644.jpg,Cat,0,423,500
PetImages/Cat/5645.jpg,Cat,0,320,240
PetImages/Cat/5646.jpg,Cat,0,278,244
PetImages/Cat/5647.jpg,Cat,0,500,375
PetImages/Cat/5648.jpg,Cat,0,500,375
PetImages/Cat/5649.jpg,Cat,0,470,442
PetImages/Cat/5650.jpg,Cat,0,500,342
PetImages/Cat/5651.jpg,Cat,0,497,500
PetImages/Cat/5652.jpg,Cat,0,200,151
PetImages/Cat/5653.jpg,Cat,0,500,333
PetImages/Cat/5655.jpg,Cat,0,354,474
PetImages/Cat/5656.jpg,Cat,0,360,270
PetImages/Cat/5657.jpg,Cat,0,250,250
PetImages/Cat/5658.jpg,Cat,0,390,438
PetImages/Cat/5659.jpg,Cat,0,500,311
PetImages/Cat/5660.jpg,Cat,0,499,500
PetImages/Cat/5661.jpg,Cat,0,358,500
PetImages/Cat/5663.jpg,Cat,0,320,234
PetImages/Cat/5666.jpg,Cat,0,336,404
PetImages/Cat/5667.jpg,Cat,0,160,135
PetImages/Cat/5668.jpg,Cat,0,500,456
PetImages/Cat/5669.jpg,Cat,0,295,360
PetImages/Cat/5670.jpg,Cat,0,480,289
PetImages/Cat/5672.jpg,Cat,0,216,216
PetImages/Cat/5673.jpg,Cat,0,4,4
PetImages/Cat/5674.jpg,Cat,0,478,500
PetImages/Cat/5675.jpg,Cat,0,430,500
PetImages/Cat/5676.jpg,Cat,0,375,421
PetImages/Cat/5677.jpg,Cat,0,336,500
PetImages/Cat/568.jpg,Cat,0,500,328
PetImages/Cat/5681.jpg,Cat,0,500,304
PetImages/Cat/5682.jpg,Cat,0,500,375
PetImages/Cat/5684.jpg,Cat,0,288,223
PetImages/Cat/5685.jpg,Cat,0,500,375
PetImages/Cat/5687.jpg,Cat,0,200,150
PetImages/Cat/569.jpg,Cat,0,360,236
PetImages/Cat/5690.jpg,Cat,0,500,375
PetImages/Cat/5692.jpg,Cat,0,500,338
PetImages/Cat/5693.jpg,Cat,0,500,375
PetImages/Cat/5695.jpg,Cat,0,320,240
PetImages/Cat/5696.jpg,Cat,0,320,411
PetImages/Cat/5697.jpg,Cat,0,500,375
PetImages/Cat/5698.jpg,Cat,0,320,427
PetImages/Cat/5699.jpg,Cat,0,471,500
PetImages/Cat/57.jpg,Cat,0,336,291
PetImages/Cat/5700.jpg,Cat,0,500,375
PetImages/Cat/5702.jpg,Cat,0,355,270
PetImages/Cat/5705.jpg,Cat,0,500,467
PetImages/Cat/5706.jpg,Cat,0,382,500
PetImages/Cat/5707.jpg,Cat,0,458,500
PetImages/Cat/5708.jpg,Cat,0,500,447
PetImages/Cat/571.jpg,Cat,0,500,375
PetImages/Cat/5711.jpg,Cat,0,427,500
PetImages/Cat/5712.jpg,Cat,0,500,375
PetImages/Cat/5715.jpg,Cat,0,500,375
PetImages/Cat/5716.jpg,Cat,0,500,270
PetImages/Cat/5717.jpg,Cat,0,205,187
PetImages/Cat/5719.jpg,Cat,0,354,389
PetImages/Cat/572.jpg,Cat,0,500,371
PetImages/Cat/5720.jpg,Cat,0,500,375
PetImages/Cat/5721.jpg,Cat,0,114,207
PetImages/Cat/5723.jpg,Cat,0,320,240
PetImages/Cat/5724.jpg,Cat,0,320,240
PetImages/Cat/5727.jpg,Cat,0,359,500
PetImages/Cat/5728.jpg,Cat,0,500,434
PetImages/Cat/573.jpg,Cat,0,271,300
PetImages/Cat/5731.jpg,Cat,0,500,374
PetImages/Cat/5732.jpg,Cat,0,500,375
PetImages/Cat/5734.jpg,Cat,0,500,375
PetImages/Cat/5735.jpg,Cat,0,465,500
PetImages/Cat/5736.jpg,Cat,0,160,120
PetImages/Cat/5737.jpg,Cat,0,468,350
PetImages/Cat/5738.jpg,Cat,0,500,375
PetImages/Cat/5739.jpg,Cat,0,500,375
PetImages/Cat/574.jpg,Cat,0,500,371
PetImages/Cat/5740.jpg,Cat,0,240,150
PetImages/Cat/5742.jpg,Cat,0,500,375
PetImages/Cat/5743.jpg,Cat,0,500,375
PetImages/Cat/5744.jpg,Cat,0,490,500
PetImages/Cat/5745.jpg,Cat,0,500,371
PetImages/Cat/5747.jpg,Cat,0,500,375
PetImages/Cat/5749.jpg,Cat,0,500,375
PetImages/Cat/575.jpg,Cat,0,100,149
PetImages/Cat/5751.jpg,Cat,0,500,384
PetImages/Cat/5752.jpg,Cat,0,500,375
PetImages/Cat/5753.jpg,Cat,0,300,284
PetImages/Cat/5755.jpg,Cat,0,500,375
PetImages/Cat/5756.jpg,Cat,0,314,235
PetImages/Cat/5758.jpg,Cat,0,500,375
PetImages/Cat/5759.jpg,Cat,0,500,360
PetImages/Cat/5760.jpg,Cat,0,500,375
PetImages/Cat/5763.jpg,Cat,0,200,180
PetImages/Cat/5764.jpg,Cat,0,200,150
PetImages/Cat/5765.jpg,Cat,0,342,400
PetImages/Cat/5766.jpg,Cat,0,500,375
PetImages/Cat/5768.jpg,Cat,0,500,375
PetImages/Cat/5771.jpg,Cat,0,373,314
PetImages/Cat/5772.jpg,Cat,0,292,200
PetImages/Cat/5773.jpg,Cat,0,300,94
PetImages/Cat/5774.jpg,Cat,0,389,500
PetImages/Cat/5775.jpg,Cat,0,450,338
PetImages/Cat/5776.jpg,Cat,0,360,284
PetImages/Cat/5777.jpg,Cat,0,480,360
PetImages/Cat/5778.jpg,Cat,0,475,500
PetImages/Cat/5780.jpg,Cat,0,92,144
PetImages/Cat/5782.jpg,Cat,0,450,337
PetImages/Cat/5783.jpg,Cat,0,500,375
PetImages/Cat/5784.jpg,Cat,0,400,258
PetImages/Cat/5785.jpg,Cat,0,500,375
PetImages/Cat/5786.jpg,Cat,0,500,371
PetImages/Cat/5787.jpg,Cat,0,166,170
PetImages/Cat/5788.jpg,Cat,0,480,360
PetImages/Cat/579.jpg,Cat,0,240,240
PetImages/Cat/5790.jpg,Cat,0,500,400
PetImages/Cat/5791.jpg,Cat,0,384,500
PetImages/Cat/5794.jpg,Cat,0,397,500
PetImages/Cat/5795.jpg,Cat,0,500,375
PetImages/Cat/5796.jpg,Cat,0,500,375
PetImages/Cat/5797.jpg,Cat,0,313,273
PetImages/Cat/5798.jpg,Cat,0,500,375
PetImages/Cat/5799.jpg,Cat,0,441,500
PetImages/Cat/580.jpg,Cat,0,500,375
PetImages/Cat/5800.jpg,Cat,0,500,341
PetImages/Cat/5802.jpg,Cat,0,500,469
PetImages/Cat/5803.jpg,Cat,0,500,375
PetImages/Cat/5805.jpg,Cat,0,275,240
PetImages/Cat/5808.jpg,Cat,0,454,500
PetImages/Cat/5809.jpg,Cat,0,327,203
PetImages/Cat/5813.jpg,Cat,0,500,377
PetImages/Cat/5815.jpg,Cat,0,489,500
PetImages/Cat/5816.jpg,Cat,0,500,457
PetImages/Cat/5818.jpg,Cat,0,500,375
PetImages/Cat/5819.jpg,Cat,0,277,431
PetImages/Cat/582.jpg,Cat,0,500,338
PetImages/Cat/5820.jpg,Cat,0,167,116
PetImages/Cat/5822.jpg,Cat,0,245,180
PetImages/Cat/5824.jpg,Cat,0,305,472
PetImages/Cat/5825.jpg,Cat,0,340,208
PetImages/Cat/5826.jpg,Cat,0,273,300
PetImages/Cat/5827.jpg,Cat,0,500,385
PetImages/Cat/5828.jpg,Cat,0,500,434
PetImages/Cat/5829.jpg,Cat,0,443,500
PetImages/Cat/583.jpg,Cat,0,413,500
PetImages/Cat/5830.jpg,Cat,0,500,375
PetImages/Cat/5831.jpg,Cat,0,500,381
PetImages/Cat/5833.jpg,Cat,0,288,192
PetImages/Cat/5835.jpg,Cat,0,500,375
PetImages/Cat/5836.jpg,Cat,0,198,379
PetImages/Cat/5837.jpg,Cat,0,500,375
PetImages/Cat/5838.jpg,Cat,0,265,325
PetImages/Cat/5839.jpg,Cat,0,125,135
PetImages/Cat/584.jpg,Cat,0,400,244
PetImages/Cat/5840.jpg,Cat,0,400,254
PetImages/Cat/5841.jpg,Cat,0,500,375
PetImages/Cat/5842.jpg,Cat,0,181,182
PetImages/Cat/5843.jpg,Cat,0,500,375
PetImages/Cat/5844.jpg,Cat,0,500,375
PetImages/Cat/5845.jpg,Cat,0,500,374
PetImages/Cat/5847.jpg,Cat,0,500,414
PetImages/Cat/5848.jpg,Cat,0,256,421
PetImages/Cat/5849.jpg,Cat,0,500,446
PetImages/Cat/585.jpg,Cat,0,500,375
PetImages/Cat/5850.jpg,Cat,0,500,375
PetImages/Cat/5851.jpg,Cat,0,248,500
PetImages/Cat/5852.jpg,Cat,0,500,288
PetImages/Cat/5854.jpg,Cat,0,320,252
PetImages/Cat/5855.jpg,Cat,0,332,500
PetImages/Cat/5856.jpg,Cat,0,500,375
PetImages/Cat/5857.jpg,Cat,0,467,448
PetImages/Cat/5858.jpg,Cat,0,199,193
PetImages/Cat/586.jpg,Cat,0,330,500
PetImages/Cat/5860.jpg,Cat,0,500,375
PetImages/Cat/5861.jpg,Cat,0,500,499
PetImages/Cat/5862.jpg,Cat,0,213,228
PetImages/Cat/5864.jpg,Cat,0,500,322
PetImages/Cat/5865.jpg,Cat,0,333,500
PetImages/Cat/5866.jpg,Cat,0,437,500
PetImages/Cat/5868.jpg,Cat,0,500,375
PetImages/Cat/5869.jpg,Cat,0,489,500
PetImages/Cat/5870.jpg,Cat,0,500,278
PetImages/Cat/5871.jpg,Cat,0,243,323
PetImages/Cat/5872.jpg,Cat,0,500,375
PetImages/Cat/5874.jpg,Cat,0,455,500
PetImages/Cat/5875.jpg,Cat,0,500,375
PetImages/Cat/5876.jpg,Cat,0,200,200
PetImages/Cat/5877.jpg,Cat,0,500,375
PetImages/Cat/5879.jpg,Cat,0,500,375
PetImages/Cat/588.jpg,Cat,0,375,240
PetImages/Cat/5880.jpg,Cat,0,195,121
PetImages/Cat/5881.jpg,Cat,0,500,375
PetImages/Cat/5882.jpg,Cat,0,223,194
PetImages/Cat/5883.jpg,Cat,0,189,151
PetImages/Cat/5884.jpg,Cat,0,234,175
PetImages/Cat/5885.jpg,Cat,0,350,276
PetImages/Cat/5886.jpg,Cat,0,473,500
PetImages/Cat/5887.jpg,Cat,0,320,240
PetImages/Cat/589.jpg,Cat,0,354,479
PetImages/Cat/5891.jpg,Cat,0,500,375
PetImages/Cat/5892.jpg,Cat,0,500,371
PetImages/Cat/5893.jpg,Cat,0,500,375
PetImages/Cat/5897.jpg,Cat,0,500,357
PetImages/Cat/5898.jpg,Cat,0,369,369
PetImages/Cat/5899.jpg,Cat,0,265,270
PetImages/Cat/59.jpg,Cat,0,465,331
PetImages/Cat/590.jpg,Cat,0,500,375
PetImages/Cat/5900.jpg,Cat,0,500,334
PetImages/Cat/5901.jpg,Cat,0,446,500
PetImages/Cat/5902.jpg,Cat,0,474,500
PetImages/Cat/5903.jpg,Cat,0,450,313
PetImages/Cat/5905.jpg,Cat,0,500,375
PetImages/Cat/5907.jpg,Cat,0,500,375
PetImages/Cat/5908.jpg,Cat,0,500,375
PetImages/Cat/5910.jpg,Cat,0,500,375
PetImages/Cat/5911.jpg,Cat,0,500,338
PetImages/Cat/5912.jpg,Cat,0,450,246
PetImages/Cat/5913.jpg,Cat,0,500,332
PetImages/Cat/5915.jpg,Cat,0,500,375
PetImages/Cat/5916.jpg,Cat,0,500,371
PetImages/Cat/5917.jpg,Cat,0,480,252
PetImages/Cat/5918.jpg,Cat,0,350,466
PetImages/Cat/592.jpg,Cat,0,500,477
PetImages/Cat/5920.jpg,Cat,0,500,375
PetImages/Cat/5921.jpg,Cat,0,500,246
PetImages/Cat/5922.jpg,Cat,0,320,240
PetImages/Cat/5925.jpg,Cat,0,500,369
PetImages/Cat/5926.jpg,Cat,0,385,351
PetImages/Cat/5927.jpg,Cat,0,448,336
PetImages/Cat/5928.jpg,Cat,0,200,112
PetImages/Cat/5929.jpg,Cat,0,203,500
PetImages/Cat/593.jpg,Cat,0,500,343
PetImages/Cat/5930.jpg,Cat,0,500,375
PetImages/Cat/5931.jpg,Cat,0,300,225
PetImages/Cat/5932.jpg,Cat,0,500,356
PetImages/Cat/5933.jpg,Cat,0,500,332
PetImages/Cat/5934.jpg,Cat,0,299,225
PetImages/Cat/5935.jpg,Cat,0,370,500
PetImages/Cat/5936.jpg,Cat,0,500,375
PetImages/Cat/5937.jpg,Cat,0,500,497
PetImages/Cat/5939.jpg,Cat,0,500,325
PetImages/Cat/594.jpg,Cat,0,375,500
PetImages/Cat/5940.jpg,Cat,0,500,375
PetImages/Cat/5941.jpg,Cat,0,376,500
PetImages/Cat/5944.jpg,Cat,0,329,450
PetImages/Cat/5946.jpg,Cat,0,332,500
PetImages/Cat/5947.jpg,Cat,0,266,333
PetImages/Cat/595.jpg,Cat,0,240,104
PetImages/Cat/5950.jpg,Cat,0,375,500
PetImages/Cat/5951.jpg,Cat,0,500,375
PetImages/Cat/5955.jpg,Cat,0,336,411
PetImages/Cat/5957.jpg,Cat,0,500,461
PetImages/Cat/5958.jpg,Cat,0,360,288
PetImages/Cat/596.jpg,Cat,0,96,72
PetImages/Cat/5960.jpg,Cat,0,500,436
PetImages/Cat/5961.jpg,Cat,0,500,375
PetImages/Cat/5962.jpg,Cat,0,500,357
PetImages/Cat/5963.jpg,Cat,0,500,375
PetImages/Cat/5965.jpg,Cat,0,288,432
PetImages/Cat/5967.jpg,Cat,0,356,500
PetImages/Cat/5968.jpg,Cat,0,500,375
PetImages/Cat/597.jpg,Cat,0,500,375
PetImages/Cat/5970.jpg,Cat,0,200,200
PetImages/Cat/5972.jpg,Cat,0,500,375
PetImages/Cat/5973.jpg,Cat,0,500,375
PetImages/Cat/5974.jpg,Cat,0,500,332
PetImages/Cat/5975.jpg,Cat,0,500,375
PetImages/Cat/5976.jpg,Cat,0,350,422
PetImages/Cat/5979.jpg,Cat,0,500,375
PetImages/Cat/598.jpg,Cat,0,500,375
PetImages/Cat/5980.jpg,Cat,0,277,500
PetImages/Cat/5981.jpg,Cat,0,150,423
PetImages/Cat/5984.jpg,Cat,0,500,375
PetImages/Cat/5985.jpg,Cat,0,446,500
PetImages/Cat/5988.jpg,Cat,0,500,375
PetImages/Cat/599.jpg,Cat,0,156,117
PetImages/Cat/5990.jpg,Cat,0,250,250
PetImages/Cat/5992.jpg,Cat,0,500,375
PetImages/Cat/5993.jpg,Cat,0,500,375
PetImages/Cat/5994.jpg,Cat,0,500,375
PetImages/Cat/5995.jpg,Cat,0,300,237
PetImages/Cat/5996.jpg,Cat,0,500,333
PetImages/Cat/5997.jpg,Cat,0,350,262
PetImages/Cat/5998.jpg,Cat,0,298,500
PetImages/Cat/5999.jpg,Cat,0,500,375
PetImages/Cat/60.jpg,Cat,0,180,177
PetImages/Cat/600.jpg,Cat,0,292,173
PetImages/Cat/6000.jpg,Cat,0,500,375
PetImages/Cat/6001.jpg,Cat,0,500,375
PetImages/Cat/6003.jpg,Cat,0,353,500
PetImages/Cat/6004.jpg,Cat,0,500,375
PetImages/Cat/6005.jpg,Cat,0,500,375
PetImages/Cat/6006.jpg,Cat,0,375,500
PetImages/Cat/6007.jpg,Cat,0,419,336
PetImages/Cat/6008.jpg,Cat,0,500,375
PetImages/Cat/6009.jpg,Cat,0,375,500
PetImages/Cat/601.jpg,Cat,0,500,377
PetImages/Cat/6010.jpg,Cat,0,286,500
PetImages/Cat/6012.jpg,Cat,0,500,375
PetImages/Cat/6013.jpg,Cat,0,360,252
PetImages/Cat/6014.jpg,Cat,0,342,415
PetImages/Cat/6015.jpg,Cat,0,375,480
PetImages/Cat/6016.jpg,Cat,0,500,375
PetImages/Cat/6017.jpg,Cat,0,500,204
PetImages/Cat/6018.jpg,Cat,0,500,375
PetImages/Cat/602.jpg,Cat,0,419,426
PetImages/Cat/6020.jpg,Cat,0,449,490
PetImages/Cat/6021.jpg,Cat,0,500,375
PetImages/Cat/6023.jpg,Cat,0,400,336
PetImages/Cat/6025.jpg,Cat,0,500,375
PetImages/Cat/6026.jpg,Cat,0,413,500
PetImages/Cat/6027.jpg,Cat,0,423,379
PetImages/Cat/6028.jpg,Cat,0,500,448
PetImages/Cat/603.jpg,Cat,0,500,486
PetImages/Cat/6031.jpg,Cat,0,400,428
PetImages/Cat/6034.jpg,Cat,0,320,240
PetImages/Cat/6035.jpg,Cat,0,500,375
PetImages/Cat/6038.jpg,Cat,0,500,377
PetImages/Cat/6039.jpg,Cat,0,172,185
PetImages/Cat/604.jpg,Cat,0,500,437
PetImages/Cat/6040.jpg,Cat,0,500,380
PetImages/Cat/6041.jpg,Cat,0,294,386
PetImages/Cat/6043.jpg,Cat,0,500,375
PetImages/Cat/6044.jpg,Cat,0,150,144
PetImages/Cat/6047.jpg,Cat,0,408,401
PetImages/Cat/6048.jpg,Cat,0,500,379
PetImages/Cat/6049.jpg,Cat,0,500,375
PetImages/Cat/605.jpg,Cat,0,500,375
PetImages/Cat/6050.jpg,Cat,0,500,375
PetImages/Cat/6054.jpg,Cat,0,500,375
PetImages/Cat/6055.jpg,Cat,0,398,500
PetImages/Cat/6057.jpg,Cat,0,350,325
PetImages/Cat/6058.jpg,Cat,0,499,490
PetImages/Cat/606.jpg,Cat,0,190,180
PetImages/Cat/6060.jpg,Cat,0,490,269
PetImages/Cat/6061.jpg,Cat,0,374,500
PetImages/Cat/6062.jpg,Cat,0,300,400
PetImages/Cat/6065.jpg,Cat,0,500,319
PetImages/Cat/6066.jpg,Cat,0,500,400
PetImages/Cat/6067.jpg,Cat,0,499,440
PetImages/Cat/6069.jpg,Cat,0,450,395
PetImages/Cat/607.jpg,Cat,0,500,375
PetImages/Cat/6070.jpg,Cat,0,500,470
PetImages/Cat/6071.jpg,Cat,0,500,321
PetImages/Cat/6073.jpg,Cat,0,500,375
PetImages/Cat/6074.jpg,Cat,0,230,200
PetImages/Cat/6075.jpg,Cat,0,483,500
PetImages/Cat/6076.jpg,Cat,0,250,187
PetImages/Cat/6077.jpg,Cat,0,500,375
PetImages/Cat/6078.jpg,Cat,0,500,375
PetImages/Cat/6079.jpg,Cat,0,491,476
PetImages/Cat/608.jpg,Cat,0,500,349
PetImages/Cat/6083.jpg,Cat,0,500,375
PetImages/Cat/6085.jpg,Cat,0,500,375
PetImages/Cat/6087.jpg,Cat,0,500,332
PetImages/Cat/6088.jpg,Cat,0,310,500
PetImages/Cat/6089.jpg,Cat,0,454,408
PetImages/Cat/609.jpg,Cat,0,500,375
PetImages/Cat/6090.jpg,Cat,0,500,375
PetImages/Cat/6092.jpg,Cat,0,448,336
PetImages/Cat/6093.jpg,Cat,0,131,175
PetImages/Cat/6094.jpg,Cat,0,359,500
PetImages/Cat/6096.jpg,Cat,0,500,375
PetImages/Cat/6098.jpg,Cat,0,300,241
PetImages/Cat/61.jpg,Cat,0,329,226
PetImages/Cat/610.jpg,Cat,0,500,460
PetImages/Cat/6100.jpg,Cat,0,248,237
PetImages/Cat/6102.jpg,Cat,0,500,375
PetImages/Cat/6104.jpg,Cat,0,500,375
PetImages/Cat/6105.jpg,Cat,0,500,375
PetImages/Cat/6107.jpg,Cat,0,235,249
PetImages/Cat/6108.jpg,Cat,0,375,500
PetImages/Cat/6110.jpg,Cat,0,350,262
PetImages/Cat/6111.jpg,Cat,0,500,444
PetImages/Cat/6112.jpg,Cat,0,411,241
PetImages/Cat/6113.jpg,Cat,0,400,300
PetImages/Cat/6115.jpg,Cat,0,500,375
PetImages/Cat/6116.jpg,Cat,0,247,232
PetImages/Cat/6117.jpg,Cat,0,500,449
PetImages/Cat/6119.jpg,Cat,0,300,225
PetImages/Cat/612.jpg,Cat,0,500,375
PetImages/Cat/6120.jpg,Cat,0,483,438
PetImages/Cat/6122.jpg,Cat,0,410,500
PetImages/Cat/6123.jpg,Cat,0,500,496
PetImages/Cat/6125.jpg,Cat,0,220,199
PetImages/Cat/6126.jpg,Cat,0,500,349
PetImages/Cat/6128.jpg,Cat,0,393,469
PetImages/Cat/613.jpg,Cat,0,268,290
PetImages/Cat/6130.jpg,Cat,0,500,375
PetImages/Cat/6132.jpg,Cat,0,200,150
PetImages/Cat/6133.jpg,Cat,0,500,455
PetImages/Cat/6134.jpg,Cat,0,500,374
PetImages/Cat/6135.jpg,Cat,0,500,332
PetImages/Cat/6137.jpg,Cat,0,500,375
PetImages/Cat/6138.jpg,Cat,0,387,333
PetImages/Cat/6139.jpg,Cat,0,500,332
PetImages/Cat/614.jpg,Cat,0,500,375
PetImages/Cat/6141.jpg,Cat,0,371,500
PetImages/Cat/6142.jpg,Cat,0,461,459
PetImages/Cat/6143.jpg,Cat,0,482,368
PetImages/Cat/6144.jpg,Cat,0,391,444
PetImages/Cat/6145.jpg,Cat,0,500,375
PetImages/Cat/6146.jpg,Cat,0,340,260
PetImages/Cat/6148.jpg,Cat,0,225,314
PetImages/Cat/6149.jpg,Cat,0,300,225
PetImages/Cat/6151.jpg,Cat,0,500,375
PetImages/Cat/6152.jpg,Cat,0,500,247
PetImages/Cat/6155.jpg,Cat,0,288,260
PetImages/Cat/6157.jpg,Cat,0,500,291
PetImages/Cat/616.jpg,Cat,0,500,375
PetImages/Cat/6160.jpg,Cat,0,480,500
PetImages/Cat/6161.jpg,Cat,0,500,374
PetImages/Cat/6164.jpg,Cat,0,375,500
PetImages/Cat/6165.jpg,Cat,0,500,375
PetImages/Cat/6166.jpg,Cat,0,500,348
PetImages/Cat/6167.jpg,Cat,0,288,216
PetImages/Cat/6168.jpg,Cat,0,169,236
PetImages/Cat/6169.jpg,Cat,0,400,400
PetImages/Cat/617.jpg,Cat,0,466,391
PetImages/Cat/6170.jpg,Cat,0,345,500
PetImages/Cat/6171.jpg,Cat,0,375,500
PetImages/Cat/6172.jpg,Cat,0,367,500
PetImages/Cat/6173.jpg,Cat,0,478,480
PetImages/Cat/6174.jpg,Cat,0,200,200
PetImages/Cat/6175.jpg,Cat,0,500,375
PetImages/Cat/6176.jpg,Cat,0,343,500
PetImages/Cat/6179.jpg,Cat,0,480,320
PetImages/Cat/618.jpg,Cat,0,500,332
PetImages/Cat/6180.jpg,Cat,0,500,399
PetImages/Cat/6181.jpg,Cat,0,500,258
PetImages/Cat/6182.jpg,Cat,0,489,500
PetImages/Cat/6184.jpg,Cat,0,269,270
PetImages/Cat/6185.jpg,Cat,0,453,500
PetImages/Cat/6186.jpg,Cat,0,500,374
PetImages/Cat/6187.jpg,Cat,0,350,262
PetImages/Cat/6189.jpg,Cat,0,500,346
PetImages/Cat/619.jpg,Cat,0,282,381
PetImages/Cat/6190.jpg,Cat,0,400,360
PetImages/Cat/6192.jpg,Cat,0,140,238
PetImages/Cat/6193.jpg,Cat,0,424,368
PetImages/Cat/6194.jpg,Cat,0,500,355
PetImages/Cat/6195.jpg,Cat,0,500,368
PetImages/Cat/6196.jpg,Cat,0,320,214
PetImages/Cat/6197.jpg,Cat,0,500,375
PetImages/Cat/6198.jpg,Cat,0,217,260
PetImages/Cat/6199.jpg,Cat,0,500,335
PetImages/Cat/6202.jpg,Cat,0,444,500
PetImages/Cat/6203.jpg,Cat,0,400,245
PetImages/Cat/6205.jpg,Cat,0,500,245
PetImages/Cat/6206.jpg,Cat,0,500,375
PetImages/Cat/6209.jpg,Cat,0,257,500
PetImages/Cat/621.jpg,Cat,0,500,375
PetImages/Cat/6210.jpg,Cat,0,500,375
PetImages/Cat/6211.jpg,Cat,0,500,375
PetImages/Cat/6212.jpg,Cat,0,273,325
PetImages/Cat/6213.jpg,Cat,0,380,285
PetImages/Cat/6214.jpg,Cat,0,240,159
PetImages/Cat/6215.jpg,Cat,0,500,375
PetImages/Cat/6216.jpg,Cat,0,262,270
PetImages/Cat/6217.jpg,Cat,0,350,262
PetImages/Cat/6219.jpg,Cat,0,314,448
PetImages/Cat/622.jpg,Cat,0,500,332
PetImages/Cat/6220.jpg,Cat,0,500,310
PetImages/Cat/6221.jpg,Cat,0,480,500
PetImages/Cat/6222.jpg,Cat,0,480,360
PetImages/Cat/6223.jpg,Cat,0,500,375
PetImages/Cat/6226.jpg,Cat,0,500,339
PetImages/Cat/6227.jpg,Cat,0,275,248
PetImages/Cat/6230.jpg,Cat,0,500,416
PetImages/Cat/6231.jpg,Cat,0,500,375
PetImages/Cat/6235.jpg,Cat,0,500,294
PetImages/Cat/6237.jpg,Cat,0,500,375
PetImages/Cat/6238.jpg,Cat,0,264,300
PetImages/Cat/6239.jpg,Cat,0,500,375
PetImages/Cat/624.jpg,Cat,0,383,400
PetImages/Cat/6240.jpg,Cat,0,373,362
PetImages/Cat/6241.jpg,Cat,0,448,500
PetImages/Cat/6243.jpg,Cat,0,360,270
PetImages/Cat/6244.jpg,Cat,0,480,360
PetImages/Cat/6245.jpg,Cat,0,500,375
PetImages/Cat/6247.jpg,Cat,0,400,270
PetImages/Cat/6248.jpg,Cat,0,310,500
PetImages/Cat/6249.jpg,Cat,0,367,500
PetImages/Cat/6252.jpg,Cat,0,376,481
PetImages/Cat/6253.jpg,Cat,0,282,320
PetImages/Cat/6254.jpg,Cat,0,240,213
PetImages/Cat/6256.jpg,Cat,0,341,429
PetImages/Cat/6257.jpg,Cat,0,500,375
PetImages/Cat/6258.jpg,Cat,0,462,500
PetImages/Cat/6259.jpg,Cat,0,500,375
PetImages/Cat/6260.jpg,Cat,0,336,349
PetImages/Cat/6262.jpg,Cat,0,500,375
PetImages/Cat/6263.jpg,Cat,0,113,115
PetImages/Cat/6265.jpg,Cat,0,500,375
PetImages/Cat/6266.jpg,Cat,0,312,270
PetImages/Cat/6267.jpg,Cat,0,360,270
PetImages/Cat/6269.jpg,Cat,0,500,375
PetImages/Cat/627.jpg,Cat,0,500,375
PetImages/Cat/6270.jpg,Cat,0,500,375
PetImages/Cat/6271.jpg,Cat,0,350,235
PetImages/Cat/6272.jpg,Cat,0,397,453
PetImages/Cat/6274.jpg,Cat,0,500,375
PetImages/Cat/6276.jpg,Cat,0,352,500
PetImages/Cat/6277.jpg,Cat,0,500,491
PetImages/Cat/6279.jpg,Cat,0,500,333
PetImages/Cat/6281.jpg,Cat,0,350,262
PetImages/Cat/6282.jpg,Cat,0,500,375
PetImages/Cat/6283.jpg,Cat,0,500,263
PetImages/Cat/6284.jpg,Cat,0,449,500
PetImages/Cat/6285.jpg,Cat,0,296,221
PetImages/Cat/6287.jpg,Cat,0,360,252
PetImages/Cat/6289.jpg,Cat,0,234,240
PetImages/Cat/6290.jpg,Cat,0,500,375
PetImages/Cat/6291.jpg,Cat,0,280,306
PetImages/Cat/6292.jpg,Cat,0,500,375
PetImages/Cat/6293.jpg,Cat,0,500,375
PetImages/Cat/6294.jpg,Cat,0,321,500
PetImages/Cat/6295.jpg,Cat,0,350,466
PetImages/Cat/6296.jpg,Cat,0,500,333
PetImages/Cat/6297.jpg,Cat,0,477,480
PetImages/Cat/6298.jpg,Cat,0,411,500
PetImages/Cat/6299.jpg,Cat,0,500,375
PetImages/Cat/63.jpg,Cat,0,500,375
PetImages/Cat/630.jpg,Cat,0,500,375
PetImages/Cat/6300.jpg,Cat,0,500,497
PetImages/Cat/6301.jpg,Cat,0,500,258
PetImages/Cat/6304.jpg,Cat,0,500,375
PetImages/Cat/6305.jpg,Cat,0,500,375
PetImages/Cat/6306.jpg,Cat,0,500,399
PetImages/Cat/6307.jpg,Cat,0,340,384
PetImages/Cat/6308.jpg,Cat,0,500,242
PetImages/Cat/631.jpg,Cat,0,300,280
PetImages/Cat/6310.jpg,Cat,0,433,480
PetImages/Cat/6311.jpg,Cat,0,500,375
PetImages/Cat/6312.jpg,Cat,0,350,262
PetImages/Cat/6314.jpg,Cat,0,448,336
PetImages/Cat/6318.jpg,Cat,0,350,233
PetImages/Cat/632.jpg,Cat,0,216,270
PetImages/Cat/6320.jpg,Cat,0,358,500
PetImages/Cat/6321.jpg,Cat,0,392,500
PetImages/Cat/6322.jpg,Cat,0,500,375
PetImages/Cat/6323.jpg,Cat,0,320,240
PetImages/Cat/6324.jpg,Cat,0,500,375
PetImages/Cat/6325.jpg,Cat,0,500,414
PetImages/Cat/6326.jpg,Cat,0,360,374
PetImages/Cat/6327.jpg,Cat,0,500,417
PetImages/Cat/6328.jpg,Cat,0,500,350
PetImages/Cat/633.jpg,Cat,0,286,500
PetImages/Cat/6330.jpg,Cat,0,500,374
PetImages/Cat/6331.jpg,Cat,0,451,352
PetImages/Cat/6332.jpg,Cat,0,440,500
PetImages/Cat/6334.jpg,Cat,0,500,404
PetImages/Cat/6335.jpg,Cat,0,385,275
PetImages/Cat/6337.jpg,Cat,0,500,350
PetImages/Cat/6339.jpg,Cat,0,500,375
PetImages/Cat/634.jpg,Cat,0,291,448
PetImages/Cat/6340.jpg,Cat,0,357,500
PetImages/Cat/6342.jpg,Cat,0,400,267
PetImages/Cat/6343.jpg,Cat,0,326,246
PetImages/Cat/6344.jpg,Cat,0,500,375
PetImages/Cat/6345.jpg,Cat,0,500,328
PetImages/Cat/6351.jpg,Cat,0,500,370
PetImages/Cat/6352.jpg,Cat,0,500,330
PetImages/Cat/6354.jpg,Cat,0,500,374
PetImages/Cat/6356.jpg,Cat,0,500,333
PetImages/Cat/6358.jpg,Cat,0,411,500
PetImages/Cat/6359.jpg,Cat,0,500,476
PetImages/Cat/636.jpg,Cat,0,384,256
PetImages/Cat/6360.jpg,Cat,0,387,394
PetImages/Cat/6361.jpg,Cat,0,319,380
PetImages/Cat/6362.jpg,Cat,0,500,374
PetImages/Cat/6363.jpg,Cat,0,500,375
PetImages/Cat/6364.jpg,Cat,0,500,371
PetImages/Cat/6365.jpg,Cat,0,278,500
PetImages/Cat/6367.jpg,Cat,0,500,375
PetImages/Cat/6368.jpg,Cat,0,500,375
PetImages/Cat/6369.jpg,Cat,0,419,380
PetImages/Cat/637.jpg,Cat,0,500,418
PetImages/Cat/6370.jpg,Cat,0,412,310
PetImages/Cat/6371.jpg,Cat,0,500,375
PetImages/Cat/6372.jpg,Cat,0,320,310
PetImages/Cat/6373.jpg,Cat,0,200,195
PetImages/Cat/6374.jpg,Cat,0,350,230
PetImages/Cat/6376.jpg,Cat,0,300,225
PetImages/Cat/6378.jpg,Cat,0,360,500
PetImages/Cat/6379.jpg,Cat,0,466,500
PetImages/Cat/6380.jpg,Cat,0,299,302
PetImages/Cat/6381.jpg,Cat,0,500,466
PetImages/Cat/6383.jpg,Cat,0,375,276
PetImages/Cat/6384.jpg,Cat,0,500,305
PetImages/Cat/6385.jpg,Cat,0,333,500
PetImages/Cat/6387.jpg,Cat,0,392,500
PetImages/Cat/6389.jpg,Cat,0,500,333
PetImages/Cat/639.jpg,Cat,0,500,375
PetImages/Cat/6390.jpg,Cat,0,500,375
PetImages/Cat/6391.jpg,Cat,0,500,333
PetImages/Cat/6392.jpg,Cat,0,275,454
PetImages/Cat/6394.jpg,Cat,0,336,318
PetImages/Cat/6395.jpg,Cat,0,500,375
PetImages/Cat/6396.jpg,Cat,0,250,250
PetImages/Cat/6399.jpg,Cat,0,500,375
PetImages/Cat/6400.jpg,Cat,0,320,240
PetImages/Cat/6401.jpg,Cat,0,245,185
PetImages/Cat/6402.jpg,Cat,0,60,33
PetImages/Cat/6403.jpg,Cat,0,500,375
PetImages/Cat/6406.jpg,Cat,0,350,233
PetImages/Cat/6408.jpg,Cat,0,500,375
PetImages/Cat/6409.jpg,Cat,0,500,375
PetImages/Cat/641.jpg,Cat,0,500,375
PetImages/Cat/6410.jpg,Cat,0,500,389
PetImages/Cat/6412.jpg,Cat,0,350,435
PetImages/Cat/6413.jpg,Cat,0,500,375
PetImages/Cat/6415.jpg,Cat,0,500,375
PetImages/Cat/6416.jpg,Cat,0,500,273
PetImages/Cat/6417.jpg,Cat,0,350,233
PetImages/Cat/6418.jpg,Cat,0,500,375
PetImages/Cat/6419.jpg,Cat,0,320,240
PetImages/Cat/642.jpg,Cat,0,500,318
PetImages/Cat/6421.jpg,Cat,0,256,341
PetImages/Cat/6422.jpg,Cat,0,500,375
PetImages/Cat/6423.jpg,Cat,0,300,199
PetImages/Cat/6424.jpg,Cat,0,500,375
PetImages/Cat/6425.jpg,Cat,0,269,257
PetImages/Cat/6426.jpg,Cat,0,500,375
PetImages/Cat/6427.jpg,Cat,0,350,364
PetImages/Cat/6428.jpg,Cat,0,448,262
PetImages/Cat/6429.jpg,Cat,0,288,226
PetImages/Cat/643.jpg,Cat,0,322,500
PetImages/Cat/6430.jpg,Cat,0,404,303
PetImages/Cat/6432.jpg,Cat,0,472,500
PetImages/Cat/6433.jpg,Cat,0,353,500
PetImages/Cat/6435.jpg,Cat,0,274,170
PetImages/Cat/6436.jpg,Cat,0,500,375
PetImages/Cat/6438.jpg,Cat,0,360,480
PetImages/Cat/6439.jpg,Cat,0,500,375
PetImages/Cat/644.jpg,Cat,0,440,460
PetImages/Cat/6440.jpg,Cat,0,500,375
PetImages/Cat/6442.jpg,Cat,0,167,125
PetImages/Cat/6443.jpg,Cat,0,500,375
PetImages/Cat/6444.jpg,Cat,0,500,375
PetImages/Cat/6445.jpg,Cat,0,500,424
PetImages/Cat/6446.jpg,Cat,0,336,500
PetImages/Cat/6447.jpg,Cat,0,350,250
PetImages/Cat/6448.jpg,Cat,0,271,357
PetImages/Cat/6449.jpg,Cat,0,350,262
PetImages/Cat/645.jpg,Cat,0,500,357
PetImages/Cat/6450.jpg,Cat,0,500,333
PetImages/Cat/6451.jpg,Cat,0,500,439
PetImages/Cat/6452.jpg,Cat,0,363,500
PetImages/Cat/6454.jpg,Cat,0,500,500
PetImages/Cat/6455.jpg,Cat,0,280,272
PetImages/Cat/6458.jpg,Cat,0,190,177
PetImages/Cat/6459.jpg,Cat,0,174,134
PetImages/Cat/6460.jpg,Cat,0,480,320
PetImages/Cat/6461.jpg,Cat,0,419,500
PetImages/Cat/6462.jpg,Cat,0,500,375
PetImages/Cat/6463.jpg,Cat,0,500,325
PetImages/Cat/6464.jpg,Cat,0,375,500
PetImages/Cat/6465.jpg,Cat,0,212,195
PetImages/Cat/6466.jpg,Cat,0,500,375
PetImages/Cat/6468.jpg,Cat,0,380,500
PetImages/Cat/6469.jpg,Cat,0,375,500
PetImages/Cat/647.jpg,Cat,0,360,360
PetImages/Cat/6470.jpg,Cat,0,500,372
PetImages/Cat/6471.jpg,Cat,0,500,375
PetImages/Cat/6473.jpg,Cat,0,500,375
PetImages/Cat/6475.jpg,Cat,0,197,270
PetImages/Cat/6477.jpg,Cat,0,350,260
PetImages/Cat/6478.jpg,Cat,0,500,375
PetImages/Cat/6482.jpg,Cat,0,336,302
PetImages/Cat/6483.jpg,Cat,0,252,394
PetImages/Cat/6485.jpg,Cat,0,500,329
PetImages/Cat/6486.jpg,Cat,0,382,198
PetImages/Cat/6487.jpg,Cat,0,500,396
PetImages/Cat/6488.jpg,Cat,0,361,500
PetImages/Cat/6489.jpg,Cat,0,500,375
PetImages/Cat/649.jpg,Cat,0,500,375
PetImages/Cat/6490.jpg,Cat,0,350,229
PetImages/Cat/6491.jpg,Cat,0,276,207
PetImages/Cat/6492.jpg,Cat,0,375,500
PetImages/Cat/6493.jpg,Cat,0,346,260
PetImages/Cat/6494.jpg,Cat,0,500,375
PetImages/Cat/6495.jpg,Cat,0,344,500
PetImages/Cat/6496.jpg,Cat,0,422,450
PetImages/Cat/6498.jpg,Cat,0,500,375
PetImages/Cat/6499.jpg,Cat,0,500,333
PetImages/Cat/650.jpg,Cat,0,500,334
PetImages/Cat/6501.jpg,Cat,0,500,332
PetImages/Cat/6502.jpg,Cat,0,500,408
PetImages/Cat/6506.jpg,Cat,0,500,375
PetImages/Cat/6507.jpg,Cat,0,425,429
PetImages/Cat/6508.jpg,Cat,0,391,292
PetImages/Cat/6509.jpg,Cat,0,360,480
PetImages/Cat/6512.jpg,Cat,0,480,360
PetImages/Cat/6513.jpg,Cat,0,500,375
PetImages/Cat/6514.jpg,Cat,0,500,457
PetImages/Cat/6515.jpg,Cat,0,421,289
PetImages/Cat/6516.jpg,Cat,0,271,270
PetImages/Cat/6517.jpg,Cat,0,373,500
PetImages/Cat/6519.jpg,Cat,0,417,384
PetImages/Cat/652.jpg,Cat,0,500,375
PetImages/Cat/6520.jpg,Cat,0,450,500
PetImages/Cat/6521.jpg,Cat,0,500,375
PetImages/Cat/6522.jpg,Cat,0,500,374
PetImages/Cat/6523.jpg,Cat,0,500,350
PetImages/Cat/6524.jpg,Cat,0,450,337
PetImages/Cat/6526.jpg,Cat,0,500,371
PetImages/Cat/6527.jpg,Cat,0,332,500
PetImages/Cat/6528.jpg,Cat,0,183,182
PetImages/Cat/6531.jpg,Cat,0,175,196
PetImages/Cat/6532.jpg,Cat,0,400,238
PetImages/Cat/6533.jpg,Cat,0,450,425
PetImages/Cat/6534.jpg,Cat,0,360,270
PetImages/Cat/6535.jpg,Cat,0,500,375
PetImages/Cat/6537.jpg,Cat,0,350,239
PetImages/Cat/6539.jpg,Cat,0,300,285
PetImages/Cat/654.jpg,Cat,0,500,371
PetImages/Cat/6540.jpg,Cat,0,362,369
PetImages/Cat/6541.jpg,Cat,0,500,375
PetImages/Cat/6542.jpg,Cat,0,448,336
PetImages/Cat/6543.jpg,Cat,0,500,279
PetImages/Cat/6544.jpg,Cat,0,500,465
PetImages/Cat/6545.jpg,Cat,0,500,375
PetImages/Cat/6547.jpg,Cat,0,500,490
PetImages/Cat/6549.jpg,Cat,0,492,446
PetImages/Cat/655.jpg,Cat,0,500,375
PetImages/Cat/6551.jpg,Cat,0,500,459
PetImages/Cat/6552.jpg,Cat,0,500,463
PetImages/Cat/6553.jpg,Cat,0,500,375
PetImages/Cat/6556.jpg,Cat,0,500,333
PetImages/Cat/6557.jpg,Cat,0,266,185
PetImages/Cat/6558.jpg,Cat,0,375,500
PetImages/Cat/6559.jpg,Cat,0,500,381
PetImages/Cat/656.jpg,Cat,0,500,414
PetImages/Cat/6561.jpg,Cat,0,384,256
PetImages/Cat/6562.jpg,Cat,0,500,473
PetImages/Cat/6564.jpg,Cat,0,240,212
PetImages/Cat/6565.jpg,Cat,0,316,270
PetImages/Cat/6566.jpg,Cat,0,500,440
PetImages/Cat/6567.jpg,Cat,0,500,375
PetImages/Cat/6568.jpg,Cat,0,350,262
PetImages/Cat/657.jpg,Cat,0,468,315
PetImages/Cat/6573.jpg,Cat,0,500,375
PetImages/Cat/6574.jpg,Cat,0,358,500
PetImages/Cat/6575.jpg,Cat,0,227,240
PetImages/Cat/6578.jpg,Cat,0,500,375
PetImages/Cat/6581.jpg,Cat,0,500,333
PetImages/Cat/6582.jpg,Cat,0,500,375
PetImages/Cat/6583.jpg,Cat,0,500,375
PetImages/Cat/6584.jpg,Cat,0,338,500
PetImages/Cat/6585.jpg,Cat,0,500,375
PetImages/Cat/6586.jpg,Cat,0,400,400
PetImages/Cat/6587.jpg,Cat,0,313,287
PetImages/Cat/6588.jpg,Cat,0,334,500
PetImages/Cat/6589.jpg,Cat,0,500,375
PetImages/Cat/659.jpg,Cat,0,500,375
PetImages/Cat/6590.jpg,Cat,0,500,332
PetImages/Cat/6591.jpg,Cat,0,344,293
PetImages/Cat/6593.jpg,Cat,0,500,375
PetImages/Cat/6594.jpg,Cat,0,263,500
PetImages/Cat/6595.jpg,Cat,0,500,339
PetImages/Cat/6599.jpg,Cat,0,500,375
PetImages/Cat/66.jpg,Cat,0,500,382
PetImages/Cat/660.jpg,Cat,0,259,346
PetImages/Cat/6601.jpg,Cat,0,300,222
PetImages/Cat/6604.jpg,Cat,0,300,375
PetImages/Cat/6605.jpg,Cat,0,500,375
PetImages/Cat/6606.jpg,Cat,0,343,500
PetImages/Cat/6607.jpg,Cat,0,200,199
PetImages/Cat/6608.jpg,Cat,0,500,312
PetImages/Cat/661.jpg,Cat,0,368,245
PetImages/Cat/6610.jpg,Cat,0,500,375
PetImages/Cat/6611.jpg,Cat,0,500,375
PetImages/Cat/6612.jpg,Cat,0,500,379
PetImages/Cat/6613.jpg,Cat,0,375,500
PetImages/Cat/6615.jpg,Cat,0,336,448
PetImages/Cat/6618.jpg,Cat,0,500,375
PetImages/Cat/6619.jpg,Cat,0,377,487
PetImages/Cat/662.jpg,Cat,0,500,375
PetImages/Cat/6620.jpg,Cat,0,494,479
PetImages/Cat/6621.jpg,Cat,0,274,309
PetImages/Cat/6623.jpg,Cat,0,500,375
PetImages/Cat/6625.jpg,Cat,0,413,500
PetImages/Cat/6626.jpg,Cat,0,406,500
PetImages/Cat/6627.jpg,Cat,0,350,410
PetImages/Cat/663.jpg,Cat,0,480,360
PetImages/Cat/6630.jpg,Cat,0,499,435
PetImages/Cat/6631.jpg,Cat,0,300,225
PetImages/Cat/6632.jpg,Cat,0,500,375
PetImages/Cat/6633.jpg,Cat,0,500,375
PetImages/Cat/6634.jpg,Cat,0,500,375
PetImages/Cat/6635.jpg,Cat,0,500,377
PetImages/Cat/6636.jpg,Cat,0,500,375
PetImages/Cat/6637.jpg,Cat,0,500,333
PetImages/Cat/6638.jpg,Cat,0,500,323
PetImages/Cat/664.jpg,Cat,0,75,200
PetImages/Cat/6640.jpg,Cat,0,500,480
PetImages/Cat/6641.jpg,Cat,0,500,336
PetImages/Cat/6642.jpg,Cat,0,500,375
PetImages/Cat/6643.jpg,Cat,0,496,318
PetImages/Cat/6644.jpg,Cat,0,476,500
PetImages/Cat/6645.jpg,Cat,0,196,192
PetImages/Cat/6647.jpg,Cat,0,500,350
PetImages/Cat/6649.jpg,Cat,0,320,240
PetImages/Cat/6651.jpg,Cat,0,332,500
PetImages/Cat/6653.jpg,Cat,0,320,240
PetImages/Cat/6654.jpg,Cat,0,500,413
PetImages/Cat/6657.jpg,Cat,0,500,473
PetImages/Cat/6659.jpg,Cat,0,500,375
PetImages/Cat/6660.jpg,Cat,0,500,376
PetImages/Cat/6664.jpg,Cat,0,417,313
PetImages/Cat/6665.jpg,Cat,0,500,375
PetImages/Cat/6668.jpg,Cat,0,298,205
PetImages/Cat/6669.jpg,Cat,0,500,356
PetImages/Cat/667.jpg,Cat,0,500,375
PetImages/Cat/6670.jpg,Cat,0,500,363
PetImages/Cat/6672.jpg,Cat,0,500,375
PetImages/Cat/6674.jpg,Cat,0,276,500
PetImages/Cat/6678.jpg,Cat,0,480,436
PetImages/Cat/6679.jpg,Cat,0,500,467
PetImages/Cat/668.jpg,Cat,0,500,375
PetImages/Cat/6680.jpg,Cat,0,225,181
PetImages/Cat/6682.jpg,Cat,0,360,268
PetImages/Cat/6683.jpg,Cat,0,346,354
PetImages/Cat/6684.jpg,Cat,0,500,358
PetImages/Cat/6687.jpg,Cat,0,375,500
PetImages/Cat/6688.jpg,Cat,0,375,500
PetImages/Cat/669.jpg,Cat,0,500,375
PetImages/Cat/6690.jpg,Cat,0,329,246
PetImages/Cat/6692.jpg,Cat,0,500,375
PetImages/Cat/6693.jpg,Cat,0,500,328
PetImages/Cat/6695.jpg,Cat,0,298,256
PetImages/Cat/6696.jpg,Cat,0,500,375
PetImages/Cat/6698.jpg,Cat,0,310,500
PetImages/Cat/6699.jpg,Cat,0,150,113
PetImages/Cat/67.jpg,Cat,0,500,375
PetImages/Cat/6701.jpg,Cat,0,500,500
PetImages/Cat/6703.jpg,Cat,0,198,132
PetImages/Cat/6704.jpg,Cat,0,250,187
PetImages/Cat/6705.jpg,Cat,0,496,354
PetImages/Cat/6706.jpg,Cat,0,500,367
PetImages/Cat/6707.jpg,Cat,0,500,375
PetImages/Cat/6709.jpg,Cat,0,500,375
PetImages/Cat/671.jpg,Cat,0,500,375
PetImages/Cat/6710.jpg,Cat,0,479,256
PetImages/Cat/6712.jpg,Cat,0,192,224
PetImages/Cat/6715.jpg,Cat,0,395,500
PetImages/Cat/6716.jpg,Cat,0,302,342
PetImages/Cat/6717.jpg,Cat,0,500,426
PetImages/Cat/6718.jpg,Cat,0,300,228
PetImages/Cat/6719.jpg,Cat,0,460,334
PetImages/Cat/6720.jpg,Cat,0,390,267
PetImages/Cat/6721.jpg,Cat,0,250,237
PetImages/Cat/6722.jpg,Cat,0,200,200
PetImages/Cat/6723.jpg,Cat,0,347,389
PetImages/Cat/6724.jpg,Cat,0,440,415
PetImages/Cat/6725.jpg,Cat,0,500,375
PetImages/Cat/6726.jpg,Cat,0,187,164
PetImages/Cat/6728.jpg,Cat,0,500,375
PetImages/Cat/673.jpg,Cat,0,111,181
PetImages/Cat/6730.jpg,Cat,0,500,375
PetImages/Cat/6731.jpg,Cat,0,478,480
PetImages/Cat/6732.jpg,Cat,0,300,293
PetImages/Cat/6733.jpg,Cat,0,500,375
PetImages/Cat/6735.jpg,Cat,0,450,265
PetImages/Cat/6736.jpg,Cat,0,500,375
PetImages/Cat/6737.jpg,Cat,0,250,246
PetImages/Cat/6738.jpg,Cat,0,500,495
PetImages/Cat/6739.jpg,Cat,0,147,223
PetImages/Cat/674.jpg,Cat,0,350,466
PetImages/Cat/6740.jpg,Cat,0,240,320
PetImages/Cat/6742.jpg,Cat,0,500,375
PetImages/Cat/6746.jpg,Cat,0,500,375
PetImages/Cat/6747.jpg,Cat,0,500,415
PetImages/Cat/6748.jpg,Cat,0,500,334
PetImages/Cat/6749.jpg,Cat,0,500,375
PetImages/Cat/6751.jpg,Cat,0,500,375
PetImages/Cat/6752.jpg,Cat,0,500,375
PetImages/Cat/6753.jpg,Cat,0,141,175
PetImages/Cat/6754.jpg,Cat,0,360,240
PetImages/Cat/6755.jpg,Cat,0,300,224
PetImages/Cat/6756.jpg,Cat,0,400,300
PetImages/Cat/6761.jpg,Cat,0,300,258
PetImages/Cat/6763.jpg,Cat,0,375,336
PetImages/Cat/6764.jpg,Cat,0,500,427
PetImages/Cat/6765.jpg,Cat,0,350,305
PetImages/Cat/6767.jpg,Cat,0,433,500
PetImages/Cat/6768.jpg,Cat,0,360,272
PetImages/Cat/6769.jpg,Cat,0,500,497
PetImages/Cat/677.jpg,Cat,0,500,375
PetImages/Cat/6770.jpg,Cat,0,453,429
PetImages/Cat/6771.jpg,Cat,0,440,380
PetImages/Cat/6773.jpg,Cat,0,478,500
PetImages/Cat/6774.jpg,Cat,0,481,500
PetImages/Cat/6775.jpg,Cat,0,434,500
PetImages/Cat/6776.jpg,Cat,0,200,245
PetImages/Cat/6777.jpg,Cat,0,500,375
PetImages/Cat/6779.jpg,Cat,0,300,287
PetImages/Cat/6780.jpg,Cat,0,301,225
PetImages/Cat/6781.jpg,Cat,0,500,326
PetImages/Cat/6782.jpg,Cat,0,245,294
PetImages/Cat/6783.jpg,Cat,0,500,375
PetImages/Cat/6784.jpg,Cat,0,124,193
PetImages/Cat/6786.jpg,Cat,0,200,156
PetImages/Cat/6787.jpg,Cat,0,334,333
PetImages/Cat/6788.jpg,Cat,0,400,300
PetImages/Cat/6789.jpg,Cat,0,375,500
PetImages/Cat/679.jpg,Cat,0,299,373
PetImages/Cat/6790.jpg,Cat,0,500,464
PetImages/Cat/6792.jpg,Cat,0,500,375
PetImages/Cat/6796.jpg,Cat,0,429,500
PetImages/Cat/6797.jpg,Cat,0,450,317
PetImages/Cat/6798.jpg,Cat,0,500,457
PetImages/Cat/6799.jpg,Cat,0,457,500
PetImages/Cat/68.jpg,Cat,0,250,181
PetImages/Cat/6800.jpg,Cat,0,429,424
PetImages/Cat/6802.jpg,Cat,0,336,374
PetImages/Cat/6803.jpg,Cat,0,360,270
PetImages/Cat/6806.jpg,Cat,0,500,375
PetImages/Cat/6807.jpg,Cat,0,300,226
PetImages/Cat/681.jpg,Cat,0,351,302
PetImages/Cat/6810.jpg,Cat,0,500,363
PetImages/Cat/6811.jpg,Cat,0,500,290
PetImages/Cat/6812.jpg,Cat,0,426,500
PetImages/Cat/6813.jpg,Cat,0,325,228
PetImages/Cat/6814.jpg,Cat,0,500,350
PetImages/Cat/6815.jpg,Cat,0,500,405
PetImages/Cat/6816.jpg,Cat,0,300,297
PetImages/Cat/6817.jpg,Cat,0,500,375
PetImages/Cat/6818.jpg,Cat,0,500,375
PetImages/Cat/6819.jpg,Cat,0,500,375
PetImages/Cat/6820.jpg,Cat,0,486,300
PetImages/Cat/6821.jpg,Cat,0,500,375
PetImages/Cat/6822.jpg,Cat,0,350,305
PetImages/Cat/6823.jpg,Cat,0,480,360
PetImages/Cat/6825.jpg,Cat,0,500,461
PetImages/Cat/6826.jpg,Cat,0,500,375
PetImages/Cat/6827.jpg,Cat,0,500,453
PetImages/Cat/683.jpg,Cat,0,500,397
PetImages/Cat/6830.jpg,Cat,0,500,375
PetImages/Cat/6832.jpg,Cat,0,500,332
PetImages/Cat/6833.jpg,Cat,0,500,473
PetImages/Cat/6834.jpg,Cat,0,279,337
PetImages/Cat/6836.jpg,Cat,0,500,375
PetImages/Cat/6837.jpg,Cat,0,425,351
PetImages/Cat/684.jpg,Cat,0,483,500
PetImages/Cat/6840.jpg,Cat,0,450,398
PetImages/Cat/6842.jpg,Cat,0,240,213
PetImages/Cat/6843.jpg,Cat,0,461,500
PetImages/Cat/6844.jpg,Cat,0,500,460
PetImages/Cat/6845.jpg,Cat,0,500,480
PetImages/Cat/6846.jpg,Cat,0,500,375
PetImages/Cat/6847.jpg,Cat,0,500,375
PetImages/Cat/6849.jpg,Cat,0,500,333
PetImages/Cat/685.jpg,Cat,0,145,141
PetImages/Cat/6851.jpg,Cat,0,191,225
PetImages/Cat/6853.jpg,Cat,0,500,375
PetImages/Cat/6854.jpg,Cat,0,357,500
PetImages/Cat/6858.jpg,Cat,0,360,270
PetImages/Cat/6859.jpg,Cat,0,500,375
PetImages/Cat/6861.jpg,Cat,0,456,500
PetImages/Cat/6862.jpg,Cat,0,500,464
PetImages/Cat/6863.jpg,Cat,0,400,300
PetImages/Cat/6866.jpg,Cat,0,350,416
PetImages/Cat/6867.jpg,Cat,0,478,500
PetImages/Cat/6868.jpg,Cat,0,160,106
PetImages/Cat/687.jpg,Cat,0,500,375
PetImages/Cat/6870.jpg,Cat,0,180,180
PetImages/Cat/6872.jpg,Cat,0,409,315
PetImages/Cat/6873.jpg,Cat,0,500,375
PetImages/Cat/6874.jpg,Cat,0,500,375
PetImages/Cat/6875.jpg,Cat,0,500,375
PetImages/Cat/6876.jpg,Cat,0,500,355
PetImages/Cat/6877.jpg,Cat,0,492,500
PetImages/Cat/6880.jpg,Cat,0,456,500
PetImages/Cat/6881.jpg,Cat,0,500,378
PetImages/Cat/6882.jpg,Cat,0,500,497
PetImages/Cat/6883.jpg,Cat,0,500,361
PetImages/Cat/6885.jpg,Cat,0,343,350
PetImages/Cat/6886.jpg,Cat,0,234,175
PetImages/Cat/6887.jpg,Cat,0,500,375
PetImages/Cat/6891.jpg,Cat,0,500,424
PetImages/Cat/6892.jpg,Cat,0,238,208
PetImages/Cat/6894.jpg,Cat,0,226,150
PetImages/Cat/6895.jpg,Cat,0,500,255
PetImages/Cat/6896.jpg,Cat,0,400,360
PetImages/Cat/6898.jpg,Cat,0,500,375
PetImages/Cat/6899.jpg,Cat,0,500,387
PetImages/Cat/690.jpg,Cat,0,288,249
PetImages/Cat/6900.jpg,Cat,0,160,120
PetImages/Cat/6902.jpg,Cat,0,233,175
PetImages/Cat/6904.jpg,Cat,0,500,374
PetImages/Cat/6905.jpg,Cat,0,500,346
PetImages/Cat/6906.jpg,Cat,0,260,195
PetImages/Cat/691.jpg,Cat,0,239,199
PetImages/Cat/6911.jpg,Cat,0,349,275
PetImages/Cat/6912.jpg,Cat,0,500,375
PetImages/Cat/6913.jpg,Cat,0,275,267
PetImages/Cat/6914.jpg,Cat,0,431,500
PetImages/Cat/6915.jpg,Cat,0,500,375
PetImages/Cat/6916.jpg,Cat,0,375,500
PetImages/Cat/6918.jpg,Cat,0,480,296
PetImages/Cat/692.jpg,Cat,0,500,454
PetImages/Cat/6923.jpg,Cat,0,500,375
PetImages/Cat/6925.jpg,Cat,0,500,377
PetImages/Cat/6928.jpg,Cat,0,500,375
PetImages/Cat/693.jpg,Cat,0,500,379
PetImages/Cat/6930.jpg,Cat,0,500,374
PetImages/Cat/6932.jpg,Cat,0,338,270
PetImages/Cat/6933.jpg,Cat,0,500,375
PetImages/Cat/6934.jpg,Cat,0,500,375
PetImages/Cat/6935.jpg,Cat,0,500,324
PetImages/Cat/6937.jpg,Cat,0,419,411
PetImages/Cat/6938.jpg,Cat,0,500,375
PetImages/Cat/6939.jpg,Cat,0,500,375
PetImages/Cat/694.jpg,Cat,0,200,178
PetImages/Cat/6941.jpg,Cat,0,500,397
PetImages/Cat/6942.jpg,Cat,0,500,375
PetImages/Cat/6943.jpg,Cat,0,500,333
PetImages/Cat/6947.jpg,Cat,0,351,324
PetImages/Cat/6948.jpg,Cat,0,422,480
PetImages/Cat/6949.jpg,Cat,0,500,375
PetImages/Cat/695.jpg,Cat,0,375,500
PetImages/Cat/6950.jpg,Cat,0,360,480
PetImages/Cat/6952.jpg,Cat,0,500,377
PetImages/Cat/6954.jpg,Cat,0,500,375
PetImages/Cat/6955.jpg,Cat,0,500,495
PetImages/Cat/6956.jpg,Cat,0,328,500
PetImages/Cat/6957.jpg,Cat,0,313,448
PetImages/Cat/6958.jpg,Cat,0,500,375
PetImages/Cat/696.jpg,Cat,0,350,223
PetImages/Cat/6961.jpg,Cat,0,500,371
PetImages/Cat/6963.jpg,Cat,0,500,375
PetImages/Cat/6964.jpg,Cat,0,147,167
PetImages/Cat/6966.jpg,Cat,0,448,254
PetImages/Cat/697.jpg,Cat,0,500,332
PetImages/Cat/6970.jpg,Cat,0,500,375
PetImages/Cat/6973.jpg,Cat,0,500,347
PetImages/Cat/6974.jpg,Cat,0,450,338
PetImages/Cat/6976.jpg,Cat,0,500,375
PetImages/Cat/698.jpg,Cat,0,288,256
PetImages/Cat/6980.jpg,Cat,0,480,360
PetImages/Cat/6981.jpg,Cat,0,277,500
PetImages/Cat/6982.jpg,Cat,0,276,226
PetImages/Cat/6983.jpg,Cat,0,500,374
PetImages/Cat/6984.jpg,Cat,0,480,228
PetImages/Cat/6985.jpg,Cat,0,500,375
PetImages/Cat/6986.jpg,Cat,0,500,360
PetImages/Cat/6987.jpg,Cat,0,500,375
PetImages/Cat/6988.jpg,Cat,0,500,414
PetImages/Cat/6992.jpg,Cat,0,500,375
PetImages/Cat/6993.jpg,Cat,0,500,375
PetImages/Cat/6994.jpg,Cat,0,414,436
PetImages/Cat/6995.jpg,Cat,0,500,335
PetImages/Cat/6996.jpg,Cat,0,150,301
PetImages/Cat/6997.jpg,Cat,0,500,375
PetImages/Cat/6998.jpg,Cat,0,500,333
PetImages/Cat/6999.jpg,Cat,0,500,375
PetImages/Cat/7.jpg,Cat,0,495,500
PetImages/Cat/700.jpg,Cat,0,300,279
PetImages/Cat/7000.jpg,Cat,0,366,341
PetImages/Cat/7001.jpg,Cat,0,432,288
PetImages/Cat/7002.jpg,Cat,0,500,375
PetImages/Cat/7005.jpg,Cat,0,500,354
PetImages/Cat/7007.jpg,Cat,0,499,500
PetImages/Cat/7008.jpg,Cat,0,500,310
PetImages/Cat/7009.jpg,Cat,0,500,375
PetImages/Cat/701.jpg,Cat,0,500,375
PetImages/Cat/7010.jpg,Cat,0,150,214
PetImages/Cat/7011.jpg,Cat,0,299,246
PetImages/Cat/7012.jpg,Cat,0,500,375
PetImages/Cat/7014.jpg,Cat,0,379,500
PetImages/Cat/7015.jpg,Cat,0,500,375
PetImages/Cat/7016.jpg,Cat,0,500,375
PetImages/Cat/7017.jpg,Cat,0,500,375
PetImages/Cat/7018.jpg,Cat,0,262,500
PetImages/Cat/7020.jpg,Cat,0,500,375
PetImages/Cat/7021.jpg,Cat,0,500,375
PetImages/Cat/7022.jpg,Cat,0,350,312
PetImages/Cat/7023.jpg,Cat,0,500,371
PetImages/Cat/7025.jpg,Cat,0,500,251
PetImages/Cat/7028.jpg,Cat,0,280,207
PetImages/Cat/7031.jpg,Cat,0,158,106
PetImages/Cat/7033.jpg,Cat,0,500,375
PetImages/Cat/7034.jpg,Cat,0,98,150
PetImages/Cat/7035.jpg,Cat,0,500,375
PetImages/Cat/7037.jpg,Cat,0,500,426
PetImages/Cat/7038.jpg,Cat,0,500,375
PetImages/Cat/7039.jpg,Cat,0,419,500
PetImages/Cat/704.jpg,Cat,0,500,375
PetImages/Cat/7040.jpg,Cat,0,342,480
PetImages/Cat/7042.jpg,Cat,0,500,391
PetImages/Cat/7044.jpg,Cat,0,500,375
PetImages/Cat/7045.jpg,Cat,0,500,375
PetImages/Cat/7046.jpg,Cat,0,373,494
PetImages/Cat/7047.jpg,Cat,0,500,375
PetImages/Cat/705.jpg,Cat,0,400,315
PetImages/Cat/7051.jpg,Cat,0,500,382
PetImages/Cat/7052.jpg,Cat,0,500,375
PetImages/Cat/7054.jpg,Cat,0,500,375
PetImages/Cat/7056.jpg,Cat,0,372,500
PetImages/Cat/7057.jpg,Cat,0,293,500
PetImages/Cat/7060.jpg,Cat,0,500,375
PetImages/Cat/7062.jpg,Cat,0,411,252
PetImages/Cat/7066.jpg,Cat,0,479,500
PetImages/Cat/7067.jpg,Cat,0,500,373
PetImages/Cat/7069.jpg,Cat,0,500,375
PetImages/Cat/707.jpg,Cat,0,500,383
PetImages/Cat/7071.jpg,Cat,0,300,200
PetImages/Cat/7073.jpg,Cat,0,500,375
PetImages/Cat/7075.jpg,Cat,0,500,375
PetImages/Cat/7076.jpg,Cat,0,500,375
PetImages/Cat/7077.jpg,Cat,0,288,348
PetImages/Cat/7078.jpg,Cat,0,304,270
PetImages/Cat/7079.jpg,Cat,0,427,500
PetImages/Cat/7080.jpg,Cat,0,350,466
PetImages/Cat/7081.jpg,Cat,0,500,375
PetImages/Cat/7082.jpg,Cat,0,300,297
PetImages/Cat/7084.jpg,Cat,0,500,416
PetImages/Cat/7085.jpg,Cat,0,500,375
PetImages/Cat/7086.jpg,Cat,0,384,256
PetImages/Cat/7087.jpg,Cat,0,500,375
PetImages/Cat/7088.jpg,Cat,0,320,320
PetImages/Cat/7089.jpg,Cat,0,500,375
PetImages/Cat/709.jpg,Cat,0,320,240
PetImages/Cat/7090.jpg,Cat,0,372,500
PetImages/Cat/7093.jpg,Cat,0,187,252
PetImages/Cat/7095.jpg,Cat,0,500,375
PetImages/Cat/7096.jpg,Cat,0,500,375
PetImages/Cat/7097.jpg,Cat,0,500,334
PetImages/Cat/7098.jpg,Cat,0,249,500
PetImages/Cat/7099.jpg,Cat,0,300,225
PetImages/Cat/710.jpg,Cat,0,350,274
PetImages/Cat/7100.jpg,Cat,0,500,375
PetImages/Cat/7101.jpg,Cat,0,500,375
PetImages/Cat/7102.jpg,Cat,0,300,225
PetImages/Cat/7103.jpg,Cat,0,441,500
PetImages/Cat/7105.jpg,Cat,0,500,375
PetImages/Cat/7107.jpg,Cat,0,380,274
PetImages/Cat/7108.jpg,Cat,0,314,448
PetImages/Cat/711.jpg,Cat,0,500,375
PetImages/Cat/7110.jpg,Cat,0,159,235
PetImages/Cat/7113.jpg,Cat,0,448,336
PetImages/Cat/7115.jpg,Cat,0,230,173
PetImages/Cat/7116.jpg,Cat,0,500,375
PetImages/Cat/7117.jpg,Cat,0,188,250
PetImages/Cat/7119.jpg,Cat,0,200,374
PetImages/Cat/712.jpg,Cat,0,202,500
PetImages/Cat/7121.jpg,Cat,0,500,333
PetImages/Cat/7122.jpg,Cat,0,480,360
PetImages/Cat/7124.jpg,Cat,0,410,308
PetImages/Cat/7125.jpg,Cat,0,378,377
PetImages/Cat/7126.jpg,Cat,0,500,334
PetImages/Cat/7127.jpg,Cat,0,500,476
PetImages/Cat/7129.jpg,Cat,0,500,375
PetImages/Cat/713.jpg,Cat,0,500,382
PetImages/Cat/7130.jpg,Cat,0,350,262
PetImages/Cat/7131.jpg,Cat,0,500,375
PetImages/Cat/7132.jpg,Cat,0,167,200
PetImages/Cat/7134.jpg,Cat,0,500,375
PetImages/Cat/7135.jpg,Cat,0,320,480
PetImages/Cat/7136.jpg,Cat,0,500,378
PetImages/Cat/7137.jpg,Cat,0,500,375
PetImages/Cat/7138.jpg,Cat,0,200,150
PetImages/Cat/7139.jpg,Cat,0,500,375
PetImages/Cat/714.jpg,Cat,0,500,375
PetImages/Cat/7142.jpg,Cat,0,398,336
PetImages/Cat/7144.jpg,Cat,0,300,225
PetImages/Cat/7145.jpg,Cat,0,500,407
PetImages/Cat/7146.jpg,Cat,0,480,305
PetImages/Cat/7147.jpg,Cat,0,332,500
PetImages/Cat/7148.jpg,Cat,0,171,194
PetImages/Cat/715.jpg,Cat,0,500,333
PetImages/Cat/7152.jpg,Cat,0,225,222
PetImages/Cat/7154.jpg,Cat,0,500,332
PetImages/Cat/7155.jpg,Cat,0,400,300
PetImages/Cat/7156.jpg,Cat,0,400,300
PetImages/Cat/7157.jpg,Cat,0,500,390
PetImages/Cat/7159.jpg,Cat,0,439,500
PetImages/Cat/7160.jpg,Cat,0,448,336
PetImages/Cat/7161.jpg,Cat,0,500,375
PetImages/Cat/7162.jpg,Cat,0,450,432
PetImages/Cat/7164.jpg,Cat,0,364,336
PetImages/Cat/7165.jpg,Cat,0,183,180
PetImages/Cat/7166.jpg,Cat,0,500,358
PetImages/Cat/7167.jpg,Cat,0,374,336
PetImages/Cat/7168.jpg,Cat,0,500,374
PetImages/Cat/717.jpg,Cat,0,500,375
PetImages/Cat/7170.jpg,Cat,0,500,358
PetImages/Cat/7171.jpg,Cat,0,108,184
PetImages/Cat/7172.jpg,Cat,0,200,133
PetImages/Cat/7173.jpg,Cat,0,500,485
PetImages/Cat/7174.jpg,Cat,0,447,500
PetImages/Cat/7175.jpg,Cat,0,500,375
PetImages/Cat/7177.jpg,Cat,0,339,500
PetImages/Cat/7178.jpg,Cat,0,360,480
PetImages/Cat/718.jpg,Cat,0,284,366
PetImages/Cat/7181.jpg,Cat,0,500,375
PetImages/Cat/7183.jpg,Cat,0,444,260
PetImages/Cat/7184.jpg,Cat,0,150,143
PetImages/Cat/7186.jpg,Cat,0,449,500
PetImages/Cat/7187.jpg,Cat,0,500,375
PetImages/Cat/7189.jpg,Cat,0,162,162
PetImages/Cat/719.jpg,Cat,0,200,150
PetImages/Cat/7190.jpg,Cat,0,500,375
PetImages/Cat/7192.jpg,Cat,0,500,375
PetImages/Cat/7193.jpg,Cat,0,347,500
PetImages/Cat/7195.jpg,Cat,0,286,320
PetImages/Cat/7196.jpg,Cat,0,150,150
PetImages/Cat/7198.jpg,Cat,0,500,374
PetImages/Cat/7199.jpg,Cat,0,375,500
PetImages/Cat/72.jpg,Cat,0,480,333
PetImages/Cat/720.jpg,Cat,0,348,176
PetImages/Cat/7201.jpg,Cat,0,320,240
PetImages/Cat/7202.jpg,Cat,0,500,457
PetImages/Cat/7205.jpg,Cat,0,334,500
PetImages/Cat/7208.jpg,Cat,0,125,124
PetImages/Cat/721.jpg,Cat,0,500,375
PetImages/Cat/7210.jpg,Cat,0,199,296
PetImages/Cat/7212.jpg,Cat,0,332,500
PetImages/Cat/7215.jpg,Cat,0,500,375
PetImages/Cat/7216.jpg,Cat,0,400,366
PetImages/Cat/7217.jpg,Cat,0,210,355
PetImages/Cat/7218.jpg,Cat,0,143,179
PetImages/Cat/7219.jpg,Cat,0,479,371
PetImages/Cat/722.jpg,Cat,0,350,500
PetImages/Cat/7220.jpg,Cat,0,500,404
PetImages/Cat/7221.jpg,Cat,0,500,500
PetImages/Cat/7222.jpg,Cat,0,356,500
PetImages/Cat/7223.jpg,Cat,0,500,336
PetImages/Cat/7225.jpg,Cat,0,500,375
PetImages/Cat/7227.jpg,Cat,0,500,375
PetImages/Cat/7229.jpg,Cat,0,500,375
PetImages/Cat/723.jpg,Cat,0,500,296
PetImages/Cat/7231.jpg,Cat,0,308,335
PetImages/Cat/7232.jpg,Cat,0,348,500
PetImages/Cat/7233.jpg,Cat,0,500,375
PetImages/Cat/7234.jpg,Cat,0,500,375
PetImages/Cat/7235.jpg,Cat,0,500,490
PetImages/Cat/7236.jpg,Cat,0,500,375
PetImages/Cat/724.jpg,Cat,0,368,456
PetImages/Cat/7241.jpg,Cat,0,250,269
PetImages/Cat/7242.jpg,Cat,0,500,330
PetImages/Cat/7244.jpg,Cat,0,500,375
PetImages/Cat/7247.jpg,Cat,0,480,360
PetImages/Cat/7248.jpg,Cat,0,469,500
PetImages/Cat/7249.jpg,Cat,0,269,298
PetImages/Cat/7251.jpg,Cat,0,500,374
PetImages/Cat/7252.jpg,Cat,0,252,202
PetImages/Cat/7254.jpg,Cat,0,300,225
PetImages/Cat/7255.jpg,Cat,0,400,457
PetImages/Cat/7256.jpg,Cat,0,500,356
PetImages/Cat/7258.jpg,Cat,0,500,375
PetImages/Cat/7259.jpg,Cat,0,350,383
PetImages/Cat/726.jpg,Cat,0,500,375
PetImages/Cat/7260.jpg,Cat,0,360,489
PetImages/Cat/7261.jpg,Cat,0,500,375
PetImages/Cat/7263.jpg,Cat,0,429,490
PetImages/Cat/7265.jpg,Cat,0,500,375
PetImages/Cat/7268.jpg,Cat,0,261,500
PetImages/Cat/727.jpg,Cat,0,300,270
PetImages/Cat/7271.jpg,Cat,0,361,500
PetImages/Cat/7272.jpg,Cat,0,500,375
PetImages/Cat/7273.jpg,Cat,0,500,375
PetImages/Cat/7274.jpg,Cat,0,500,375
PetImages/Cat/7275.jpg,Cat,0,425,314
PetImages/Cat/7276.jpg,Cat,0,295,226
PetImages/Cat/7278.jpg,Cat,0,500,448
PetImages/Cat/728.jpg,Cat,0,500,180
PetImages/Cat/7280.jpg,Cat,0,500,218
PetImages/Cat/7281.jpg,Cat,0,500,375
PetImages/Cat/7283.jpg,Cat,0,332,270
PetImages/Cat/7284.jpg,Cat,0,500,375
PetImages/Cat/7287.jpg,Cat,0,270,320
PetImages/Cat/7288.jpg,Cat,0,450,390
PetImages/Cat/7290.jpg,Cat,0,375,500
PetImages/Cat/7291.jpg,Cat,0,333,197
PetImages/Cat/7292.jpg,Cat,0,500,460
PetImages/Cat/7293.jpg,Cat,0,199,358
PetImages/Cat/7296.jpg,Cat,0,500,240
PetImages/Cat/7297.jpg,Cat,0,500,414
PetImages/Cat/7298.jpg,Cat,0,453,400
PetImages/Cat/7299.jpg,Cat,0,300,213
PetImages/Cat/73.jpg,Cat,0,500,375
PetImages/Cat/7301.jpg,Cat,0,300,294
PetImages/Cat/7302.jpg,Cat,0,192,176
PetImages/Cat/7303.jpg,Cat,0,500,375
PetImages/Cat/7304.jpg,Cat,0,480,360
PetImages/Cat/7305.jpg,Cat,0,199,122
PetImages/Cat/7307.jpg,Cat,0,303,500
PetImages/Cat/7308.jpg,Cat,0,500,375
PetImages/Cat/7309.jpg,Cat,0,500,333
PetImages/Cat/7311.jpg,Cat,0,346,202
PetImages/Cat/7312.jpg,Cat,0,140,93
PetImages/Cat/7313.jpg,Cat,0,376,275
PetImages/Cat/7314.jpg,Cat,0,60,70
PetImages/Cat/7315.jpg,Cat,0,400,360
PetImages/Cat/7316.jpg,Cat,0,300,225
PetImages/Cat/7317.jpg,Cat,0,100,112
PetImages/Cat/7318.jpg,Cat,0,402,403
PetImages/Cat/7319.jpg,Cat,0,500,375
PetImages/Cat/732.jpg,Cat,0,288,384
PetImages/Cat/7320.jpg,Cat,0,500,467
PetImages/Cat/7321.jpg,Cat,0,500,375
PetImages/Cat/7322.jpg,Cat,0,500,375
PetImages/Cat/7323.jpg,Cat,0,200,200
PetImages/Cat/7325.jpg,Cat,0,242,304
PetImages/Cat/7326.jpg,Cat,0,243,300
PetImages/Cat/7328.jpg,Cat,0,500,375
PetImages/Cat/733.jpg,Cat,0,415,500
PetImages/Cat/7330.jpg,Cat,0,500,375
PetImages/Cat/7331.jpg,Cat,0,500,330
PetImages/Cat/7332.jpg,Cat,0,500,375
PetImages/Cat/7333.jpg,Cat,0,500,338
PetImages/Cat/7334.jpg,Cat,0,500,375
PetImages/Cat/7335.jpg,Cat,0,269,219
PetImages/Cat/7336.jpg,Cat,0,185,204
PetImages/Cat/7337.jpg,Cat,0,500,375
PetImages/Cat/7339.jpg,Cat,0,317,500
PetImages/Cat/734.jpg,Cat,0,348,500
PetImages/Cat/7340.jpg,Cat,0,336,350
PetImages/Cat/7342.jpg,Cat,0,500,338
PetImages/Cat/7343.jpg,Cat,0,300,292
PetImages/Cat/7344.jpg,Cat,0,500,375
PetImages/Cat/7345.jpg,Cat,0,426,456
PetImages/Cat/7346.jpg,Cat,0,205,232
PetImages/Cat/7347.jpg,Cat,0,500,447
PetImages/Cat/7349.jpg,Cat,0,120,153
PetImages/Cat/735.jpg,Cat,0,220,189
PetImages/Cat/7351.jpg,Cat,0,364,432
PetImages/Cat/7352.jpg,Cat,0,305,229
PetImages/Cat/7354.jpg,Cat,0,164,201
PetImages/Cat/7357.jpg,Cat,0,336,391
PetImages/Cat/7358.jpg,Cat,0,188,142
PetImages/Cat/7359.jpg,Cat,0,500,375
PetImages/Cat/7362.jpg,Cat,0,288,217
PetImages/Cat/7364.jpg,Cat,0,500,379
PetImages/Cat/7365.jpg,Cat,0,364,500
PetImages/Cat/7366.jpg,Cat,0,400,258
PetImages/Cat/7367.jpg,Cat,0,500,395
PetImages/Cat/7368.jpg,Cat,0,500,374
PetImages/Cat/737.jpg,Cat,0,200,150
PetImages/Cat/7370.jpg,Cat,0,449,500
PetImages/Cat/7371.jpg,Cat,0,454,283
PetImages/Cat/7372.jpg,Cat,0,500,375
PetImages/Cat/7373.jpg,Cat,0,433,500
PetImages/Cat/7374.jpg,Cat,0,381,500
PetImages/Cat/7375.jpg,Cat,0,176,153
PetImages/Cat/7376.jpg,Cat,0,180,209
PetImages/Cat/7377.jpg,Cat,0,411,500
PetImages/Cat/7379.jpg,Cat,0,500,395
PetImages/Cat/738.jpg,Cat,0,500,334
PetImages/Cat/7381.jpg,Cat,0,500,434
PetImages/Cat/7382.jpg,Cat,0,500,296
PetImages/Cat/7383.jpg,Cat,0,500,496
PetImages/Cat/7384.jpg,Cat,0,500,384
PetImages/Cat/7385.jpg,Cat,0,500,375
PetImages/Cat/7386.jpg,Cat,0,253,407
PetImages/Cat/7387.jpg,Cat,0,500,438
PetImages/Cat/7388.jpg,Cat,0,474,500
PetImages/Cat/7389.jpg,Cat,0,360,270
PetImages/Cat/739.jpg,Cat,0,500,400
PetImages/Cat/7390.jpg,Cat,0,500,375
PetImages/Cat/7391.jpg,Cat,0,320,240
PetImages/Cat/7392.jpg,Cat,0,360,480
PetImages/Cat/7393.jpg,Cat,0,477,348
PetImages/Cat/7394.jpg,Cat,0,242,283
PetImages/Cat/7398.jpg,Cat,0,494,500
PetImages/Cat/7399.jpg,Cat,0,451,412
PetImages/Cat/74.jpg,Cat,0,200,187
PetImages/Cat/740.jpg,Cat,0,500,375
PetImages/Cat/7400.jpg,Cat,0,360,270
PetImages/Cat/7402.jpg,Cat,0,237,148
PetImages/Cat/7404.jpg,Cat,0,492,500
PetImages/Cat/7405.jpg,Cat,0,470,500
PetImages/Cat/7407.jpg,Cat,0,500,375
PetImages/Cat/7408.jpg,Cat,0,500,375
PetImages/Cat/741.jpg,Cat,0,500,333
PetImages/Cat/7410.jpg,Cat,0,454,500
PetImages/Cat/7411.jpg,Cat,0,500,375
PetImages/Cat/7413.jpg,Cat,0,325,500
PetImages/Cat/7414.jpg,Cat,0,500,378
PetImages/Cat/7415.jpg,Cat,0,320,240
PetImages/Cat/7417.jpg,Cat,0,437,235
PetImages/Cat/7418.jpg,Cat,0,350,226
PetImages/Cat/7419.jpg,Cat,0,500,500
PetImages/Cat/742.jpg,Cat,0,500,375
PetImages/Cat/7421.jpg,Cat,0,375,500
PetImages/Cat/7422.jpg,Cat,0,143,120
PetImages/Cat/7424.jpg,Cat,0,286,320
PetImages/Cat/7425.jpg,Cat,0,256,323
PetImages/Cat/7428.jpg,Cat,0,500,304
PetImages/Cat/7429.jpg,Cat,0,500,253
PetImages/Cat/743.jpg,Cat,0,320,240
PetImages/Cat/7433.jpg,Cat,0,331,264
PetImages/Cat/7434.jpg,Cat,0,469,388
PetImages/Cat/7435.jpg,Cat,0,500,375
PetImages/Cat/7436.jpg,Cat,0,500,375
PetImages/Cat/7437.jpg,Cat,0,500,460
PetImages/Cat/7439.jpg,Cat,0,297,500
PetImages/Cat/7440.jpg,Cat,0,500,375
PetImages/Cat/7441.jpg,Cat,0,480,360
PetImages/Cat/7443.jpg,Cat,0,500,347
PetImages/Cat/7444.jpg,Cat,0,500,375
PetImages/Cat/7445.jpg,Cat,0,500,413
PetImages/Cat/7447.jpg,Cat,0,500,375
PetImages/Cat/7448.jpg,Cat,0,500,293
PetImages/Cat/7450.jpg,Cat,0,500,375
PetImages/Cat/7452.jpg,Cat,0,360,240
PetImages/Cat/7453.jpg,Cat,0,320,188
PetImages/Cat/7454.jpg,Cat,0,375,500
PetImages/Cat/7455.jpg,Cat,0,500,375
PetImages/Cat/7457.jpg,Cat,0,500,375
PetImages/Cat/7458.jpg,Cat,0,500,375
PetImages/Cat/746.jpg,Cat,0,500,375
PetImages/Cat/7460.jpg,Cat,0,300,500
PetImages/Cat/7461.jpg,Cat,0,320,240
PetImages/Cat/7463.jpg,Cat,0,408,400
PetImages/Cat/7464.jpg,Cat,0,500,375
PetImages/Cat/7465.jpg,Cat,0,500,375
PetImages/Cat/7466.jpg,Cat,0,500,253
PetImages/Cat/7467.jpg,Cat,0,419,500
PetImages/Cat/7468.jpg,Cat,0,333,500
PetImages/Cat/7469.jpg,Cat,0,250,188
PetImages/Cat/7470.jpg,Cat,0,500,357
PetImages/Cat/7474.jpg,Cat,0,500,375
PetImages/Cat/7475.jpg,Cat,0,303,448
PetImages/Cat/7478.jpg,Cat,0,500,312
PetImages/Cat/7480.jpg,Cat,0,500,375
PetImages/Cat/7481.jpg,Cat,0,500,425
PetImages/Cat/7483.jpg,Cat,0,500,375
PetImages/Cat/7485.jpg,Cat,0,500,434
PetImages/Cat/7488.jpg,Cat,0,411,436
PetImages/Cat/7489.jpg,Cat,0,500,375
PetImages/Cat/749.jpg,Cat,0,500,340
PetImages/Cat/7491.jpg,Cat,0,320,240
PetImages/Cat/7492.jpg,Cat,0,500,375
PetImages/Cat/7493.jpg,Cat,0,300,500
PetImages/Cat/7494.jpg,Cat,0,333,500
PetImages/Cat/7496.jpg,Cat,0,500,375
PetImages/Cat/7497.jpg,Cat,0,336,448
PetImages/Cat/7498.jpg,Cat,0,500,375
PetImages/Cat/7499.jpg,Cat,0,500,375
PetImages/Cat/75.jpg,Cat,0,495,397
PetImages/Cat/750.jpg,Cat,0,500,375
PetImages/Cat/7501.jpg,Cat,0,349,500
PetImages/Cat/7504.jpg,Cat,0,500,375
PetImages/Cat/7506.jpg,Cat,0,500,333
PetImages/Cat/7508.jpg,Cat,0,380,500
PetImages/Cat/751.jpg,Cat,0,500,375
PetImages/Cat/7510.jpg,Cat,0,400,356
PetImages/Cat/7511.jpg,Cat,0,500,357
PetImages/Cat/7513.jpg,Cat,0,257,300
PetImages/Cat/7514.jpg,Cat,0,500,375
PetImages/Cat/7516.jpg,Cat,0,441,480
PetImages/Cat/7517.jpg,Cat,0,480,360
PetImages/Cat/7518.jpg,Cat,0,500,431
PetImages/Cat/7519.jpg,Cat,0,380,268
PetImages/Cat/7520.jpg,Cat,0,275,500
PetImages/Cat/7521.jpg,Cat,0,177,161
PetImages/Cat/7522.jpg,Cat,0,480,360
PetImages/Cat/7524.jpg,Cat,0,400,265
PetImages/Cat/7525.jpg,Cat,0,389,500
PetImages/Cat/7526.jpg,Cat,0,200,91
PetImages/Cat/7527.jpg,Cat,0,500,226
PetImages/Cat/7528.jpg,Cat,0,231,300
PetImages/Cat/753.jpg,Cat,0,500,422
PetImages/Cat/7530.jpg,Cat,0,440,336
PetImages/Cat/7531.jpg,Cat,0,401,488
PetImages/Cat/7532.jpg,Cat,0,500,333
PetImages/Cat/7533.jpg,Cat,0,500,375
PetImages/Cat/7535.jpg,Cat,0,386,379
PetImages/Cat/7538.jpg,Cat,0,500,332
PetImages/Cat/7541.jpg,Cat,0,240,200
PetImages/Cat/7542.jpg,Cat,0,500,332
PetImages/Cat/7544.jpg,Cat,0,417,366
PetImages/Cat/7547.jpg,Cat,0,320,240
PetImages/Cat/7552.jpg,Cat,0,333,500
PetImages/Cat/7555.jpg,Cat,0,448,299
PetImages/Cat/7557.jpg,Cat,0,428,487
PetImages/Cat/7559.jpg,Cat,0,170,132
PetImages/Cat/7560.jpg,Cat,0,353,500
PetImages/Cat/7562.jpg,Cat,0,250,215
PetImages/Cat/7563.jpg,Cat,0,320,473
PetImages/Cat/7566.jpg,Cat,0,500,375
PetImages/Cat/7567.jpg,Cat,0,373,500
PetImages/Cat/7569.jpg,Cat,0,500,238
PetImages/Cat/757.jpg,Cat,0,500,375
PetImages/Cat/7570.jpg,Cat,0,438,500
PetImages/Cat/7571.jpg,Cat,0,500,375
PetImages/Cat/7574.jpg,Cat,0,200,150
PetImages/Cat/7575.jpg,Cat,0,500,333
PetImages/Cat/7576.jpg,Cat,0,500,375
PetImages/Cat/7577.jpg,Cat,0,500,375
PetImages/Cat/7578.jpg,Cat,0,227,320
PetImages/Cat/7579.jpg,Cat,0,500,375
PetImages/Cat/758.jpg,Cat,0,300,224
PetImages/Cat/7582.jpg,Cat,0,500,375
PetImages/Cat/7583.jpg,Cat,0,500,423
PetImages/Cat/7584.jpg,Cat,0,500,375
PetImages/Cat/7585.jpg,Cat,0,500,375
PetImages/Cat/7586.jpg,Cat,0,393,330
PetImages/Cat/7589.jpg,Cat,0,248,246
PetImages/Cat/759.jpg,Cat,0,500,389
PetImages/Cat/7590.jpg,Cat,0,500,376
PetImages/Cat/7591.jpg,Cat,0,349,500
PetImages/Cat/7592.jpg,Cat,0,500,375
PetImages/Cat/7593.jpg,Cat,0,500,453
PetImages/Cat/7594.jpg,Cat,0,500,374
PetImages/Cat/7595.jpg,Cat,0,500,375
PetImages/Cat/7596.jpg,Cat,0,500,375
PetImages/Cat/7597.jpg,Cat,0,298,374
PetImages/Cat/7598.jpg,Cat,0,350,233
PetImages/Cat/7599.jpg,Cat,0,356,500
PetImages/Cat/76.jpg,Cat,0,500,258
PetImages/Cat/760.jpg,Cat,0,340,260
PetImages/Cat/7600.jpg,Cat,0,500,375
PetImages/Cat/7603.jpg,Cat,0,500,375
PetImages/Cat/7604.jpg,Cat,0,400,300
PetImages/Cat/7605.jpg,Cat,0,266,333
PetImages/Cat/7606.jpg,Cat,0,320,279
PetImages/Cat/7607.jpg,Cat,0,500,375
PetImages/Cat/7609.jpg,Cat,0,341,229
PetImages/Cat/761.jpg,Cat,0,151,200
PetImages/Cat/7610.jpg,Cat,0,467,500
PetImages/Cat/7611.jpg,Cat,0,500,287
PetImages/Cat/7612.jpg,Cat,0,500,284
PetImages/Cat/7613.jpg,Cat,0,260,480
PetImages/Cat/7614.jpg,Cat,0,500,334
PetImages/Cat/7615.jpg,Cat,0,500,375
PetImages/Cat/7616.jpg,Cat,0,500,375
PetImages/Cat/7617.jpg,Cat,0,500,375
PetImages/Cat/7618.jpg,Cat,0,315,450
PetImages/Cat/7619.jpg,Cat,0,500,375
PetImages/Cat/762.jpg,Cat,0,500,437
PetImages/Cat/7620.jpg,Cat,0,500,374
PetImages/Cat/7621.jpg,Cat,0,500,375
PetImages/Cat/7622.jpg,Cat,0,233,500
PetImages/Cat/7623.jpg,Cat,0,273,305
PetImages/Cat/7624.jpg,Cat,0,500,266
PetImages/Cat/7625.jpg,Cat,0,500,375
PetImages/Cat/7627.jpg,Cat,0,490,500
PetImages/Cat/7629.jpg,Cat,0,203,300
PetImages/Cat/7630.jpg,Cat,0,120,90
PetImages/Cat/7633.jpg,Cat,0,250,250
PetImages/Cat/7634.jpg,Cat,0,496,462
PetImages/Cat/7638.jpg,Cat,0,300,225
PetImages/Cat/7639.jpg,Cat,0,500,375
PetImages/Cat/764.jpg,Cat,0,500,375
PetImages/Cat/7640.jpg,Cat,0,500,375
PetImages/Cat/7641.jpg,Cat,0,500,334
PetImages/Cat/7642.jpg,Cat,0,260,195
PetImages/Cat/7643.jpg,Cat,0,400,362
PetImages/Cat/7645.jpg,Cat,0,240,219
PetImages/Cat/7647.jpg,Cat,0,396,249
PetImages/Cat/7648.jpg,Cat,0,500,375
PetImages/Cat/7649.jpg,Cat,0,500,381
PetImages/Cat/765.jpg,Cat,0,419,500
PetImages/Cat/7650.jpg,Cat,0,500,366
PetImages/Cat/7653.jpg,Cat,0,500,375
PetImages/Cat/7654.jpg,Cat,0,500,375
PetImages/Cat/7655.jpg,Cat,0,500,402
PetImages/Cat/7656.jpg,Cat,0,160,102
PetImages/Cat/7657.jpg,Cat,0,334,269
PetImages/Cat/7658.jpg,Cat,0,500,471
PetImages/Cat/7659.jpg,Cat,0,212,252
PetImages/Cat/766.jpg,Cat,0,433,285
PetImages/Cat/7660.jpg,Cat,0,500,387
PetImages/Cat/7661.jpg,Cat,0,500,375
PetImages/Cat/7662.jpg,Cat,0,500,375
PetImages/Cat/7663.jpg,Cat,0,500,393
PetImages/Cat/7664.jpg,Cat,0,500,375
PetImages/Cat/7666.jpg,Cat,0,360,450
PetImages/Cat/7667.jpg,Cat,0,500,451
PetImages/Cat/7669.jpg,Cat,0,400,400
PetImages/Cat/767.jpg,Cat,0,446,500
PetImages/Cat/7673.jpg,Cat,0,476,433
PetImages/Cat/7674.jpg,Cat,0,380,413
PetImages/Cat/7675.jpg,Cat,0,298,400
PetImages/Cat/7676.jpg,Cat,0,355,400
PetImages/Cat/7678.jpg,Cat,0,500,375
PetImages/Cat/7679.jpg,Cat,0,375,500
PetImages/Cat/7681.jpg,Cat,0,500,377
PetImages/Cat/7682.jpg,Cat,0,300,225
PetImages/Cat/7684.jpg,Cat,0,500,375
PetImages/Cat/7685.jpg,Cat,0,409,500
PetImages/Cat/7686.jpg,Cat,0,500,375
PetImages/Cat/7688.jpg,Cat,0,448,336
PetImages/Cat/7690.jpg,Cat,0,350,321
PetImages/Cat/7692.jpg,Cat,0,286,312
PetImages/Cat/7693.jpg,Cat,0,253,325
PetImages/Cat/7697.jpg,Cat,0,480,360
PetImages/Cat/7698.jpg,Cat,0,448,336
PetImages/Cat/7699.jpg,Cat,0,500,416
PetImages/Cat/77.jpg,Cat,0,350,233
PetImages/Cat/770.jpg,Cat,0,320,270
PetImages/Cat/7701.jpg,Cat,0,500,446
PetImages/Cat/7702.jpg,Cat,0,500,500
PetImages/Cat/7705.jpg,Cat,0,357,500
PetImages/Cat/7706.jpg,Cat,0,500,375
PetImages/Cat/7707.jpg,Cat,0,333,260
PetImages/Cat/7709.jpg,Cat,0,500,371
PetImages/Cat/771.jpg,Cat,0,500,368
PetImages/Cat/7710.jpg,Cat,0,400,345
PetImages/Cat/7711.jpg,Cat,0,500,375
PetImages/Cat/7712.jpg,Cat,0,500,375
PetImages/Cat/7713.jpg,Cat,0,500,333
PetImages/Cat/7714.jpg,Cat,0,480,360
PetImages/Cat/7715.jpg,Cat,0,200,174
PetImages/Cat/7716.jpg,Cat,0,376,500
PetImages/Cat/7717.jpg,Cat,0,500,331
PetImages/Cat/7718.jpg,Cat,0,400,300
PetImages/Cat/772.jpg,Cat,0,484,500
PetImages/Cat/7720.jpg,Cat,0,500,375
PetImages/Cat/7721.jpg,Cat,0,253,211
PetImages/Cat/7722.jpg,Cat,0,500,386
PetImages/Cat/7723.jpg,Cat,0,180,200
PetImages/Cat/7726.jpg,Cat,0,500,278
PetImages/Cat/7728.jpg,Cat,0,500,333
PetImages/Cat/773.jpg,Cat,0,500,375
PetImages/Cat/7730.jpg,Cat,0,320,240
PetImages/Cat/7732.jpg,Cat,0,300,400
PetImages/Cat/7733.jpg,Cat,0,336,362
PetImages/Cat/7734.jpg,Cat,0,320,240
PetImages/Cat/7735.jpg,Cat,0,300,225
PetImages/Cat/7737.jpg,Cat,0,200,267
PetImages/Cat/7738.jpg,Cat,0,500,375
PetImages/Cat/774.jpg,Cat,0,500,375
PetImages/Cat/7740.jpg,Cat,0,500,375
PetImages/Cat/7742.jpg,Cat,0,482,500
PetImages/Cat/7746.jpg,Cat,0,200,139
PetImages/Cat/7747.jpg,Cat,0,320,240
PetImages/Cat/7748.jpg,Cat,0,500,375
PetImages/Cat/7750.jpg,Cat,0,375,500
PetImages/Cat/7751.jpg,Cat,0,500,394
PetImages/Cat/7753.jpg,Cat,0,500,375
PetImages/Cat/7754.jpg,Cat,0,500,468
PetImages/Cat/7755.jpg,Cat,0,500,375
PetImages/Cat/7756.jpg,Cat,0,480,321
PetImages/Cat/7757.jpg,Cat,0,500,360
PetImages/Cat/7758.jpg,Cat,0,300,140
PetImages/Cat/7759.jpg,Cat,0,400,266
PetImages/Cat/7760.jpg,Cat,0,500,376
PetImages/Cat/7761.jpg,Cat,0,500,479
PetImages/Cat/7762.jpg,Cat,0,371,273
PetImages/Cat/7764.jpg,Cat,0,448,358
PetImages/Cat/7765.jpg,Cat,0,500,333
PetImages/Cat/7767.jpg,Cat,0,500,375
PetImages/Cat/7768.jpg,Cat,0,500,400
PetImages/Cat/777.jpg,Cat,0,500,332
PetImages/Cat/7770.jpg,Cat,0,500,375
PetImages/Cat/7772.jpg,Cat,0,500,375
PetImages/Cat/7774.jpg,Cat,0,500,300
PetImages/Cat/7775.jpg,Cat,0,500,478
PetImages/Cat/7776.jpg,Cat,0,309,374
PetImages/Cat/7777.jpg,Cat,0,250,174
PetImages/Cat/7778.jpg,Cat,0,500,375
PetImages/Cat/7779.jpg,Cat,0,500,375
PetImages/Cat/778.jpg,Cat,0,500,375
PetImages/Cat/7780.jpg,Cat,0,500,375
PetImages/Cat/7781.jpg,Cat,0,338,268
PetImages/Cat/7782.jpg,Cat,0,500,375
PetImages/Cat/7784.jpg,Cat,0,500,375
PetImages/Cat/7785.jpg,Cat,0,475,500
PetImages/Cat/7786.jpg,Cat,0,428,500
PetImages/Cat/7787.jpg,Cat,0,500,375
PetImages/Cat/7788.jpg,Cat,0,357,500
PetImages/Cat/7789.jpg,Cat,0,350,262
PetImages/Cat/7790.jpg,Cat,0,321,320
PetImages/Cat/7791.jpg,Cat,0,419,500
PetImages/Cat/7792.jpg,Cat,0,500,375
PetImages/Cat/7793.jpg,Cat,0,318,349
PetImages/Cat/7794.jpg,Cat,0,500,375
PetImages/Cat/7795.jpg,Cat,0,480,360
PetImages/Cat/7796.jpg,Cat,0,250,188
PetImages/Cat/7798.jpg,Cat,0,361,238
PetImages/Cat/7799.jpg,Cat,0,500,375
PetImages/Cat/78.jpg,Cat,0,499,500
PetImages/Cat/780.jpg,Cat,0,320,240
PetImages/Cat/7800.jpg,Cat,0,400,252
PetImages/Cat/7801.jpg,Cat,0,500,362
PetImages/Cat/7802.jpg,Cat,0,500,375
PetImages/Cat/7803.jpg,Cat,0,500,483
PetImages/Cat/7804.jpg,Cat,0,500,429
PetImages/Cat/7805.jpg,Cat,0,300,204
PetImages/Cat/7806.jpg,Cat,0,176,142
PetImages/Cat/7808.jpg,Cat,0,500,375
PetImages/Cat/781.jpg,Cat,0,500,430
PetImages/Cat/7810.jpg,Cat,0,387,500
PetImages/Cat/7811.jpg,Cat,0,365,500
PetImages/Cat/7812.jpg,Cat,0,360,270
PetImages/Cat/7814.jpg,Cat,0,498,426
PetImages/Cat/7816.jpg,Cat,0,479,490
PetImages/Cat/7817.jpg,Cat,0,500,375
PetImages/Cat/782.jpg,Cat,0,200,150
PetImages/Cat/7820.jpg,Cat,0,500,375
PetImages/Cat/7821.jpg,Cat,0,275,218
PetImages/Cat/7824.jpg,Cat,0,175,188
PetImages/Cat/7826.jpg,Cat,0,322,323
PetImages/Cat/7828.jpg,Cat,0,168,240
PetImages/Cat/7829.jpg,Cat,0,400,355
PetImages/Cat/783.jpg,Cat,0,300,316
PetImages/Cat/7830.jpg,Cat,0,500,383
PetImages/Cat/7832.jpg,Cat,0,500,375
PetImages/Cat/7833.jpg,Cat,0,277,500
PetImages/Cat/7834.jpg,Cat,0,240,257
PetImages/Cat/7835.jpg,Cat,0,420,426
PetImages/Cat/7836.jpg,Cat,0,500,332
PetImages/Cat/7837.jpg,Cat,0,419,363
PetImages/Cat/7838.jpg,Cat,0,384,500
PetImages/Cat/7839.jpg,Cat,0,400,251
PetImages/Cat/7840.jpg,Cat,0,148,187
PetImages/Cat/7841.jpg,Cat,0,336,447
PetImages/Cat/7842.jpg,Cat,0,500,412
PetImages/Cat/7844.jpg,Cat,0,500,375
PetImages/Cat/7846.jpg,Cat,0,500,500
PetImages/Cat/7847.jpg,Cat,0,250,187
PetImages/Cat/7848.jpg,Cat,0,375,500
PetImages/Cat/785.jpg,Cat,0,500,375
PetImages/Cat/7850.jpg,Cat,0,500,375
PetImages/Cat/7851.jpg,Cat,0,275,210
PetImages/Cat/7852.jpg,Cat,0,500,375
PetImages/Cat/7853.jpg,Cat,0,500,375
PetImages/Cat/7855.jpg,Cat,0,242,500
PetImages/Cat/7860.jpg,Cat,0,500,371
PetImages/Cat/7861.jpg,Cat,0,499,454
PetImages/Cat/7863.jpg,Cat,0,500,375
PetImages/Cat/7865.jpg,Cat,0,420,468
PetImages/Cat/7866.jpg,Cat,0,200,348
PetImages/Cat/7867.jpg,Cat,0,329,335
PetImages/Cat/7868.jpg,Cat,0,200,180
PetImages/Cat/7870.jpg,Cat,0,449,500
PetImages/Cat/7872.jpg,Cat,0,500,375
PetImages/Cat/7873.jpg,Cat,0,500,364
PetImages/Cat/7874.jpg,Cat,0,499,380
PetImages/Cat/7875.jpg,Cat,0,387,495
PetImages/Cat/7876.jpg,Cat,0,500,474
PetImages/Cat/7877.jpg,Cat,0,341,500
PetImages/Cat/7878.jpg,Cat,0,500,375
PetImages/Cat/7879.jpg,Cat,0,320,240
PetImages/Cat/788.jpg,Cat,0,500,375
PetImages/Cat/7883.jpg,Cat,0,500,333
PetImages/Cat/7884.jpg,Cat,0,363,400
PetImages/Cat/7886.jpg,Cat,0,201,200
PetImages/Cat/7887.jpg,Cat,0,407,336
PetImages/Cat/7889.jpg,Cat,0,484,421
PetImages/Cat/7890.jpg,Cat,0,401,500
PetImages/Cat/7892.jpg,Cat,0,495,481
PetImages/Cat/7893.jpg,Cat,0,480,360
PetImages/Cat/7894.jpg,Cat,0,500,375
PetImages/Cat/7895.jpg,Cat,0,500,486
PetImages/Cat/7896.jpg,Cat,0,500,382
PetImages/Cat/7897.jpg,Cat,0,500,333
PetImages/Cat/7898.jpg,Cat,0,500,371
PetImages/Cat/79.jpg,Cat,0,500,346
PetImages/Cat/790.jpg,Cat,0,450,450
PetImages/Cat/7901.jpg,Cat,0,345,335
PetImages/Cat/7902.jpg,Cat,0,500,460
PetImages/Cat/7905.jpg,Cat,0,448,299
PetImages/Cat/7907.jpg,Cat,0,400,339
PetImages/Cat/7908.jpg,Cat,0,221,190
PetImages/Cat/791.jpg,Cat,0,500,375
PetImages/Cat/7911.jpg,Cat,0,375,500
PetImages/Cat/7912.jpg,Cat,0,500,375
PetImages/Cat/7914.jpg,Cat,0,500,375
PetImages/Cat/7915.jpg,Cat,0,500,476
PetImages/Cat/7916.jpg,Cat,0,500,375
PetImages/Cat/7918.jpg,Cat,0,500,375
PetImages/Cat/792.jpg,Cat,0,500,375
PetImages/Cat/7920.jpg,Cat,0,500,371
PetImages/Cat/7921.jpg,Cat,0,284,325
PetImages/Cat/7922.jpg,Cat,0,500,378
PetImages/Cat/7923.jpg,Cat,0,300,447
PetImages/Cat/7924.jpg,Cat,0,300,330
PetImages/Cat/7926.jpg,Cat,0,500,375
PetImages/Cat/7927.jpg,Cat,0,300,225
PetImages/Cat/7928.jpg,Cat,0,407,500
PetImages/Cat/7929.jpg,Cat,0,437,500
PetImages/Cat/793.jpg,Cat,0,500,421
PetImages/Cat/7931.jpg,Cat,0,500,375
PetImages/Cat/7934.jpg,Cat,0,456,500
PetImages/Cat/7935.jpg,Cat,0,350,467
PetImages/Cat/7936.jpg,Cat,0,500,400
PetImages/Cat/7937.jpg,Cat,0,500,375
PetImages/Cat/7939.jpg,Cat,0,500,375
PetImages/Cat/7940.jpg,Cat,0,245,201
PetImages/Cat/7941.jpg,Cat,0,475,356
PetImages/Cat/7942.jpg,Cat,0,500,308
PetImages/Cat/7944.jpg,Cat,0,500,375
PetImages/Cat/7945.jpg,Cat,0,500,375
PetImages/Cat/7947.jpg,Cat,0,500,375
PetImages/Cat/7948.jpg,Cat,0,500,375
PetImages/Cat/7949.jpg,Cat,0,414,416
PetImages/Cat/795.jpg,Cat,0,500,375
PetImages/Cat/7950.jpg,Cat,0,450,364
PetImages/Cat/7951.jpg,Cat,0,160,120
PetImages/Cat/7952.jpg,Cat,0,500,375
PetImages/Cat/7953.jpg,Cat,0,365,500
PetImages/Cat/7954.jpg,Cat,0,333,208
PetImages/Cat/7956.jpg,Cat,0,500,375
PetImages/Cat/7957.jpg,Cat,0,350,228
PetImages/Cat/7962.jpg,Cat,0,411,500
PetImages/Cat/7965.jpg,Cat,0,449,500
PetImages/Cat/7967.jpg,Cat,0,466,500
PetImages/Cat/7968.jpg,Cat,0,100,93
PetImages/Cat/7970.jpg,Cat,0,371,458
PetImages/Cat/7972.jpg,Cat,0,500,464
PetImages/Cat/7974.jpg,Cat,0,300,374
PetImages/Cat/7975.jpg,Cat,0,500,375
PetImages/Cat/7976.jpg,Cat,0,354,336
PetImages/Cat/7977.jpg,Cat,0,500,356
PetImages/Cat/7978.jpg,Cat,0,213,280
PetImages/Cat/798.jpg,Cat,0,500,375
PetImages/Cat/7980.jpg,Cat,0,349,347
PetImages/Cat/7981.jpg,Cat,0,500,418
PetImages/Cat/7982.jpg,Cat,0,500,375
PetImages/Cat/7983.jpg,Cat,0,500,375
PetImages/Cat/7984.jpg,Cat,0,500,407
PetImages/Cat/7985.jpg,Cat,0,500,375
PetImages/Cat/7986.jpg,Cat,0,151,180
PetImages/Cat/7987.jpg,Cat,0,193,222
PetImages/Cat/7989.jpg,Cat,0,500,390
PetImages/Cat/799.jpg,Cat,0,500,333
PetImages/Cat/7990.jpg,Cat,0,500,375
PetImages/Cat/7993.jpg,Cat,0,500,375
PetImages/Cat/7994.jpg,Cat,0,377,293
PetImages/Cat/7997.jpg,Cat,0,494,500
PetImages/Cat/7998.jpg,Cat,0,350,262
PetImages/Cat/8.jpg,Cat,0,461,346
PetImages/Cat/80.jpg,Cat,0,320,234
PetImages/Cat/800.jpg,Cat,0,480,360
PetImages/Cat/8001.jpg,Cat,0,500,373
PetImages/Cat/8002.jpg,Cat,0,284,500
PetImages/Cat/8003.jpg,Cat,0,432,484
PetImages/Cat/8004.jpg,Cat,0,350,262
PetImages/Cat/8005.jpg,Cat,0,374,500
PetImages/Cat/8006.jpg,Cat,0,500,375
PetImages/Cat/8007.jpg,Cat,0,150,136
PetImages/Cat/8009.jpg,Cat,0,500,375
PetImages/Cat/801.jpg,Cat,0,306,360
PetImages/Cat/8010.jpg,Cat,0,280,187
PetImages/Cat/8011.jpg,Cat,0,399,400
PetImages/Cat/8013.jpg,Cat,0,320,307
PetImages/Cat/8014.jpg,Cat,0,234,347
PetImages/Cat/8015.jpg,Cat,0,500,454
PetImages/Cat/8016.jpg,Cat,0,500,411
PetImages/Cat/8017.jpg,Cat,0,200,208
PetImages/Cat/8019.jpg,Cat,0,500,273
PetImages/Cat/802.jpg,Cat,0,500,315
PetImages/Cat/8020.jpg,Cat,0,500,461
PetImages/Cat/8021.jpg,Cat,0,450,338
PetImages/Cat/8023.jpg,Cat,0,432,500
PetImages/Cat/8024.jpg,Cat,0,500,375
PetImages/Cat/8026.jpg,Cat,0,500,375
PetImages/Cat/8027.jpg,Cat,0,150,140
PetImages/Cat/8028.jpg,Cat,0,470,403
PetImages/Cat/8029.jpg,Cat,0,350,263
PetImages/Cat/8031.jpg,Cat,0,240,354
PetImages/Cat/8034.jpg,Cat,0,305,432
PetImages/Cat/8036.jpg,Cat,0,275,401
PetImages/Cat/8038.jpg,Cat,0,320,240
PetImages/Cat/804.jpg,Cat,0,500,375
PetImages/Cat/8041.jpg,Cat,0,303,288
PetImages/Cat/8042.jpg,Cat,0,500,367
PetImages/Cat/8043.jpg,Cat,0,462,425
PetImages/Cat/8044.jpg,Cat,0,140,92
PetImages/Cat/8045.jpg,Cat,0,500,426
PetImages/Cat/8046.jpg,Cat,0,500,375
PetImages/Cat/8047.jpg,Cat,0,200,157
PetImages/Cat/8048.jpg,Cat,0,339,400
PetImages/Cat/8049.jpg,Cat,0,500,490
PetImages/Cat/805.jpg,Cat,0,320,240
PetImages/Cat/8053.jpg,Cat,0,398,500
PetImages/Cat/8056.jpg,Cat,0,333,500
PetImages/Cat/8057.jpg,Cat,0,175,180
PetImages/Cat/8058.jpg,Cat,0,500,427
PetImages/Cat/806.jpg,Cat,0,500,482
PetImages/Cat/8060.jpg,Cat,0,288,288
PetImages/Cat/8061.jpg,Cat,0,240,160
PetImages/Cat/8062.jpg,Cat,0,500,375
PetImages/Cat/8063.jpg,Cat,0,500,375
PetImages/Cat/8065.jpg,Cat,0,400,300
PetImages/Cat/8066.jpg,Cat,0,500,430
PetImages/Cat/8068.jpg,Cat,0,500,375
PetImages/Cat/8069.jpg,Cat,0,476,491
PetImages/Cat/807.jpg,Cat,0,214,230
PetImages/Cat/8070.jpg,Cat,0,500,400
PetImages/Cat/8072.jpg,Cat,0,432,327
PetImages/Cat/8074.jpg,Cat,0,350,212
PetImages/Cat/8075.jpg,Cat,0,350,221
PetImages/Cat/8076.jpg,Cat,0,500,375
PetImages/Cat/8077.jpg,Cat,0,500,466
PetImages/Cat/8078.jpg,Cat,0,176,144
PetImages/Cat/8079.jpg,Cat,0,480,360
PetImages/Cat/808.jpg,Cat,0,500,375
PetImages/Cat/8080.jpg,Cat,0,480,404
PetImages/Cat/8081.jpg,Cat,0,450,377
PetImages/Cat/8083.jpg,Cat,0,400,335
PetImages/Cat/8087.jpg,Cat,0,96,71
PetImages/Cat/8088.jpg,Cat,0,200,150
PetImages/Cat/8089.jpg,Cat,0,454,288
PetImages/Cat/809.jpg,Cat,0,382,500
PetImages/Cat/8090.jpg,Cat,0,428,338
PetImages/Cat/8091.jpg,Cat,0,500,375
PetImages/Cat/8092.jpg,Cat,0,400,300
PetImages/Cat/8093.jpg,Cat,0,500,375
PetImages/Cat/8095.jpg,Cat,0,414,500
PetImages/Cat/8096.jpg,Cat,0,427,399
PetImages/Cat/8097.jpg,Cat,0,334,500
PetImages/Cat/8098.jpg,Cat,0,500,434
PetImages/Cat/8099.jpg,Cat,0,442,480
PetImages/Cat/81.jpg,Cat,0,500,375
PetImages/Cat/810.jpg,Cat,0,500,467
PetImages/Cat/8102.jpg,Cat,0,303,350
PetImages/Cat/8103.jpg,Cat,0,236,250
PetImages/Cat/8104.jpg,Cat,0,500,375
PetImages/Cat/8105.jpg,Cat,0,500,364
PetImages/Cat/8106.jpg,Cat,0,500,375
PetImages/Cat/8107.jpg,Cat,0,500,378
PetImages/Cat/8108.jpg,Cat,0,440,413
PetImages/Cat/811.jpg,Cat,0,500,434
PetImages/Cat/8110.jpg,Cat,0,360,270
PetImages/Cat/8112.jpg,Cat,0,428,500
PetImages/Cat/8115.jpg,Cat,0,320,224
PetImages/Cat/8117.jpg,Cat,0,500,375
PetImages/Cat/8119.jpg,Cat,0,500,400
PetImages/Cat/812.jpg,Cat,0,500,375
PetImages/Cat/8124.jpg,Cat,0,500,375
PetImages/Cat/8125.jpg,Cat,0,418,450
PetImages/Cat/8126.jpg,Cat,0,500,375
PetImages/Cat/8129.jpg,Cat,0,375,500
PetImages/Cat/813.jpg,Cat,0,500,344
PetImages/Cat/8130.jpg,Cat,0,500,333
PetImages/Cat/8131.jpg,Cat,0,500,375
PetImages/Cat/8132.jpg,Cat,0,317,211
PetImages/Cat/8133.jpg,Cat,0,500,375
PetImages/Cat/8134.jpg,Cat,0,500,375
PetImages/Cat/8135.jpg,Cat,0,207,194
PetImages/Cat/8137.jpg,Cat,0,500,375
PetImages/Cat/8138.jpg,Cat,0,96,71
PetImages/Cat/8139.jpg,Cat,0,500,375
PetImages/Cat/814.jpg,Cat,0,500,333
PetImages/Cat/8140.jpg,Cat,0,300,257
PetImages/Cat/8141.jpg,Cat,0,375,418
PetImages/Cat/8142.jpg,Cat,0,500,341
PetImages/Cat/8144.jpg,Cat,0,136,160
PetImages/Cat/8145.jpg,Cat,0,500,375
PetImages/Cat/8146.jpg,Cat,0,500,334
PetImages/Cat/8147.jpg,Cat,0,500,375
PetImages/Cat/8148.jpg,Cat,0,333,500
PetImages/Cat/8149.jpg,Cat,0,500,371
PetImages/Cat/815.jpg,Cat,0,500,375
PetImages/Cat/8150.jpg,Cat,0,500,362
PetImages/Cat/8153.jpg,Cat,0,261,400
PetImages/Cat/8156.jpg,Cat,0,500,375
PetImages/Cat/8157.jpg,Cat,0,480,360
PetImages/Cat/8158.jpg,Cat,0,426,500
PetImages/Cat/8159.jpg,Cat,0,500,375
PetImages/Cat/816.jpg,Cat,0,500,376
PetImages/Cat/8160.jpg,Cat,0,500,375
PetImages/Cat/8161.jpg,Cat,0,500,375
PetImages/Cat/8162.jpg,Cat,0,250,271
PetImages/Cat/8163.jpg,Cat,0,404,500
PetImages/Cat/8165.jpg,Cat,0,500,450
PetImages/Cat/8166.jpg,Cat,0,307,480
PetImages/Cat/8167.jpg,Cat,0,150,151
PetImages/Cat/8169.jpg,Cat,0,500,375
PetImages/Cat/817.jpg,Cat,0,394,500
PetImages/Cat/8171.jpg,Cat,0,500,375
PetImages/Cat/8172.jpg,Cat,0,500,375
PetImages/Cat/8173.jpg,Cat,0,350,350
PetImages/Cat/8174.jpg,Cat,0,500,375
PetImages/Cat/8175.jpg,Cat,0,500,453
PetImages/Cat/8176.jpg,Cat,0,500,383
PetImages/Cat/8177.jpg,Cat,0,500,375
PetImages/Cat/818.jpg,Cat,0,500,375
PetImages/Cat/8181.jpg,Cat,0,500,477
PetImages/Cat/8183.jpg,Cat,0,400,300
PetImages/Cat/8184.jpg,Cat,0,160,120
PetImages/Cat/8185.jpg,Cat,0,421,500
PetImages/Cat/8187.jpg,Cat,0,500,375
PetImages/Cat/8188.jpg,Cat,0,500,375
PetImages/Cat/819.jpg,Cat,0,350,265
PetImages/Cat/8190.jpg,Cat,0,500,363
PetImages/Cat/8191.jpg,Cat,0,180,146
PetImages/Cat/8192.jpg,Cat,0,500,375
PetImages/Cat/8193.jpg,Cat,0,294,500
PetImages/Cat/8194.jpg,Cat,0,500,334
PetImages/Cat/8195.jpg,Cat,0,410,308
PetImages/Cat/8196.jpg,Cat,0,500,375
PetImages/Cat/8197.jpg,Cat,0,263,448
PetImages/Cat/8199.jpg,Cat,0,390,480
PetImages/Cat/82.jpg,Cat,0,500,333
PetImages/Cat/8201.jpg,Cat,0,381,322
PetImages/Cat/8204.jpg,Cat,0,390,250
PetImages/Cat/8205.jpg,Cat,0,500,375
PetImages/Cat/8206.jpg,Cat,0,299,500
PetImages/Cat/8207.jpg,Cat,0,500,375
PetImages/Cat/8209.jpg,Cat,0,400,325
PetImages/Cat/821.jpg,Cat,0,500,487
PetImages/Cat/8212.jpg,Cat,0,500,312
PetImages/Cat/8213.jpg,Cat,0,200,200
PetImages/Cat/8214.jpg,Cat,0,464,500
PetImages/Cat/8216.jpg,Cat,0,500,378
PetImages/Cat/8218.jpg,Cat,0,500,300
PetImages/Cat/8219.jpg,Cat,0,430,421
PetImages/Cat/8220.jpg,Cat,0,398,500
PetImages/Cat/8221.jpg,Cat,0,150,140
PetImages/Cat/8222.jpg,Cat,0,209,266
PetImages/Cat/8223.jpg,Cat,0,500,334
PetImages/Cat/8224.jpg,Cat,0,450,339
PetImages/Cat/8227.jpg,Cat,0,500,392
PetImages/Cat/8229.jpg,Cat,0,500,366
PetImages/Cat/8230.jpg,Cat,0,500,404
PetImages/Cat/8231.jpg,Cat,0,500,375
PetImages/Cat/8232.jpg,Cat,0,500,375
PetImages/Cat/8233.jpg,Cat,0,499,333
PetImages/Cat/8234.jpg,Cat,0,202,194
PetImages/Cat/8236.jpg,Cat,0,500,375
PetImages/Cat/8238.jpg,Cat,0,240,258
PetImages/Cat/8239.jpg,Cat,0,237,400
PetImages/Cat/824.jpg,Cat,0,500,340
PetImages/Cat/8240.jpg,Cat,0,469,500
PetImages/Cat/8241.jpg,Cat,0,500,375
PetImages/Cat/8242.jpg,Cat,0,500,332
PetImages/Cat/8243.jpg,Cat,0,500,375
PetImages/Cat/8244.jpg,Cat,0,379,500
PetImages/Cat/8246.jpg,Cat,0,500,375
PetImages/Cat/8247.jpg,Cat,0,500,375
PetImages/Cat/8248.jpg,Cat,0,487,482
PetImages/Cat/8249.jpg,Cat,0,500,302
PetImages/Cat/825.jpg,Cat,0,424,500
PetImages/Cat/8250.jpg,Cat,0,500,333
PetImages/Cat/8251.jpg,Cat,0,500,280
PetImages/Cat/8252.jpg,Cat,0,375,500
PetImages/Cat/8253.jpg,Cat,0,500,467
PetImages/Cat/8256.jpg,Cat,0,360,270
PetImages/Cat/8258.jpg,Cat,0,375,500
PetImages/Cat/826.jpg,Cat,0,350,262
PetImages/Cat/8260.jpg,Cat,0,500,375
PetImages/Cat/8261.jpg,Cat,0,150,118
PetImages/Cat/8262.jpg,Cat,0,281,369
PetImages/Cat/8263.jpg,Cat,0,278,334
PetImages/Cat/8264.jpg,Cat,0,256,432
PetImages/Cat/8265.jpg,Cat,0,410,331
PetImages/Cat/8269.jpg,Cat,0,448,336
PetImages/Cat/827.jpg,Cat,0,300,225
PetImages/Cat/8270.jpg,Cat,0,500,375
PetImages/Cat/8271.jpg,Cat,0,500,335
PetImages/Cat/8272.jpg,Cat,0,350,263
PetImages/Cat/8274.jpg,Cat,0,300,225
PetImages/Cat/8276.jpg,Cat,0,448,336
PetImages/Cat/8279.jpg,Cat,0,410,500
PetImages/Cat/8280.jpg,Cat,0,180,127
PetImages/Cat/8281.jpg,Cat,0,500,335
PetImages/Cat/8282.jpg,Cat,0,448,336
PetImages/Cat/8283.jpg,Cat,0,400,360
PetImages/Cat/8284.jpg,Cat,0,399,389
PetImages/Cat/8285.jpg,Cat,0,500,374
PetImages/Cat/8286.jpg,Cat,0,500,375
PetImages/Cat/8287.jpg,Cat,0,400,378
PetImages/Cat/8288.jpg,Cat,0,308,263
PetImages/Cat/8289.jpg,Cat,0,320,417
PetImages/Cat/829.jpg,Cat,0,150,174
PetImages/Cat/8290.jpg,Cat,0,500,376
PetImages/Cat/8291.jpg,Cat,0,349,440
PetImages/Cat/8295.jpg,Cat,0,315,323
PetImages/Cat/8296.jpg,Cat,0,429,480
PetImages/Cat/8297.jpg,Cat,0,500,375
PetImages/Cat/8300.jpg,Cat,0,350,261
PetImages/Cat/8301.jpg,Cat,0,500,375
PetImages/Cat/8303.jpg,Cat,0,500,375
PetImages/Cat/8305.jpg,Cat,0,500,375
PetImages/Cat/8307.jpg,Cat,0,160,120
PetImages/Cat/8308.jpg,Cat,0,500,423
PetImages/Cat/8309.jpg,Cat,0,500,375
PetImages/Cat/8310.jpg,Cat,0,500,375
PetImages/Cat/8311.jpg,Cat,0,500,375
PetImages/Cat/8312.jpg,Cat,0,383,363
PetImages/Cat/8313.jpg,Cat,0,336,417
PetImages/Cat/8314.jpg,Cat,0,400,424
PetImages/Cat/8315.jpg,Cat,0,461,500
PetImages/Cat/8316.jpg,Cat,0,350,262
PetImages/Cat/8317.jpg,Cat,0,350,273
PetImages/Cat/8318.jpg,Cat,0,432,500
PetImages/Cat/8319.jpg,Cat,0,180,135
PetImages/Cat/832.jpg,Cat,0,500,479
PetImages/Cat/8320.jpg,Cat,0,500,333
PetImages/Cat/8321.jpg,Cat,0,500,465
PetImages/Cat/8323.jpg,Cat,0,500,375
PetImages/Cat/8324.jpg,Cat,0,200,150
PetImages/Cat/8325.jpg,Cat,0,237,295
PetImages/Cat/8326.jpg,Cat,0,336,360
PetImages/Cat/8327.jpg,Cat,0,320,240
PetImages/Cat/8329.jpg,Cat,0,315,448
PetImages/Cat/833.jpg,Cat,0,500,333
PetImages/Cat/8332.jpg,Cat,0,500,433
PetImages/Cat/8333.jpg,Cat,0,500,375
PetImages/Cat/8334.jpg,Cat,0,362,500
PetImages/Cat/8337.jpg,Cat,0,500,375
PetImages/Cat/8338.jpg,Cat,0,222,394
PetImages/Cat/8339.jpg,Cat,0,300,500
PetImages/Cat/834.jpg,Cat,0,492,457
PetImages/Cat/8341.jpg,Cat,0,288,287
PetImages/Cat/8342.jpg,Cat,0,500,375
PetImages/Cat/8343.jpg,Cat,0,500,333
PetImages/Cat/8344.jpg,Cat,0,300,199
PetImages/Cat/8345.jpg,Cat,0,500,443
PetImages/Cat/8346.jpg,Cat,0,216,216
PetImages/Cat/8348.jpg,Cat,0,500,334
PetImages/Cat/8349.jpg,Cat,0,500,374
PetImages/Cat/835.jpg,Cat,0,60,60
PetImages/Cat/8350.jpg,Cat,0,490,433
PetImages/Cat/8351.jpg,Cat,0,222,222
PetImages/Cat/8352.jpg,Cat,0,186,240
PetImages/Cat/8353.jpg,Cat,0,500,375
PetImages/Cat/8354.jpg,Cat,0,436,500
PetImages/Cat/8355.jpg,Cat,0,500,339
PetImages/Cat/8357.jpg,Cat,0,500,375
PetImages/Cat/8358.jpg,Cat,0,320,427
PetImages/Cat/8359.jpg,Cat,0,155,189
PetImages/Cat/8361.jpg,Cat,0,500,375
PetImages/Cat/8362.jpg,Cat,0,500,375
PetImages/Cat/8364.jpg,Cat,0,430,363
PetImages/Cat/8366.jpg,Cat,0,429,500
PetImages/Cat/8367.jpg,Cat,0,350,349
PetImages/Cat/8369.jpg,Cat,0,500,375
PetImages/Cat/837.jpg,Cat,0,451,437
PetImages/Cat/8370.jpg,Cat,0,250,290
PetImages/Cat/8371.jpg,Cat,0,371,424
PetImages/Cat/8372.jpg,Cat,0,500,497
PetImages/Cat/8373.jpg,Cat,0,320,153
PetImages/Cat/8374.jpg,Cat,0,500,375
PetImages/Cat/8376.jpg,Cat,0,500,374
PetImages/Cat/8377.jpg,Cat,0,120,165
PetImages/Cat/8378.jpg,Cat,0,500,375
PetImages/Cat/8379.jpg,Cat,0,500,375
PetImages/Cat/8380.jpg,Cat,0,500,375
PetImages/Cat/8381.jpg,Cat,0,500,416
PetImages/Cat/8383.jpg,Cat,0,350,262
PetImages/Cat/8386.jpg,Cat,0,180,240
PetImages/Cat/8387.jpg,Cat,0,500,375
PetImages/Cat/8388.jpg,Cat,0,379,387
PetImages/Cat/8389.jpg,Cat,0,500,340
PetImages/Cat/839.jpg,Cat,0,500,439
PetImages/Cat/8390.jpg,Cat,0,221,166
PetImages/Cat/8391.jpg,Cat,0,500,375
PetImages/Cat/8393.jpg,Cat,0,500,350
PetImages/Cat/8394.jpg,Cat,0,500,399
PetImages/Cat/8396.jpg,Cat,0,500,366
PetImages/Cat/8397.jpg,Cat,0,500,375
PetImages/Cat/8398.jpg,Cat,0,500,375
PetImages/Cat/84.jpg,Cat,0,426,287
PetImages/Cat/840.jpg,Cat,0,400,438
PetImages/Cat/8404.jpg,Cat,0,300,330
PetImages/Cat/8405.jpg,Cat,0,250,254
PetImages/Cat/8407.jpg,Cat,0,500,338
PetImages/Cat/8408.jpg,Cat,0,320,208
PetImages/Cat/8409.jpg,Cat,0,500,375
PetImages/Cat/841.jpg,Cat,0,320,224
PetImages/Cat/8410.jpg,Cat,0,375,500
PetImages/Cat/8411.jpg,Cat,0,500,435
PetImages/Cat/8412.jpg,Cat,0,206,275
PetImages/Cat/8415.jpg,Cat,0,300,210
PetImages/Cat/8416.jpg,Cat,0,500,375
PetImages/Cat/8417.jpg,Cat,0,500,375
PetImages/Cat/8419.jpg,Cat,0,500,333
PetImages/Cat/842.jpg,Cat,0,500,427
PetImages/Cat/8420.jpg,Cat,0,500,379
PetImages/Cat/8421.jpg,Cat,0,399,500
PetImages/Cat/8423.jpg,Cat,0,450,300
PetImages/Cat/8424.jpg,Cat,0,500,375
PetImages/Cat/8425.jpg,Cat,0,245,279
PetImages/Cat/8426.jpg,Cat,0,500,444
PetImages/Cat/8427.jpg,Cat,0,433,239
PetImages/Cat/8428.jpg,Cat,0,166,230
PetImages/Cat/8429.jpg,Cat,0,500,500
PetImages/Cat/8434.jpg,Cat,0,375,500
PetImages/Cat/8435.jpg,Cat,0,292,283
PetImages/Cat/8436.jpg,Cat,0,500,328
PetImages/Cat/8437.jpg,Cat,0,177,207
PetImages/Cat/8438.jpg,Cat,0,500,375
PetImages/Cat/8439.jpg,Cat,0,500,375
PetImages/Cat/844.jpg,Cat,0,500,500
PetImages/Cat/8440.jpg,Cat,0,500,401
PetImages/Cat/8443.jpg,Cat,0,500,375
PetImages/Cat/8444.jpg,Cat,0,500,377
PetImages/Cat/8446.jpg,Cat,0,500,375
PetImages/Cat/8448.jpg,Cat,0,160,84
PetImages/Cat/845.jpg,Cat,0,240,229
PetImages/Cat/8451.jpg,Cat,0,500,500
PetImages/Cat/8452.jpg,Cat,0,428,480
PetImages/Cat/8453.jpg,Cat,0,468,500
PetImages/Cat/8454.jpg,Cat,0,377,500
PetImages/Cat/8456.jpg,Cat,0,288,288
PetImages/Cat/8457.jpg,Cat,0,500,375
PetImages/Cat/8459.jpg,Cat,0,500,384
PetImages/Cat/8460.jpg,Cat,0,500,375
PetImages/Cat/8461.jpg,Cat,0,500,375
PetImages/Cat/8462.jpg,Cat,0,495,426
PetImages/Cat/8468.jpg,Cat,0,180,170
PetImages/Cat/8469.jpg,Cat,0,178,185
PetImages/Cat/8470.jpg,Cat,0,75,80
PetImages/Cat/8471.jpg,Cat,0,500,375
PetImages/Cat/8472.jpg,Cat,0,300,265
PetImages/Cat/8473.jpg,Cat,0,500,482
PetImages/Cat/8474.jpg,Cat,0,500,375
PetImages/Cat/8475.jpg,Cat,0,500,412
PetImages/Cat/8477.jpg,Cat,0,500,375
PetImages/Cat/8479.jpg,Cat,0,499,336
PetImages/Cat/8482.jpg,Cat,0,500,371
PetImages/Cat/8484.jpg,Cat,0,500,272
PetImages/Cat/8485.jpg,Cat,0,500,375
PetImages/Cat/8487.jpg,Cat,0,500,500
PetImages/Cat/8489.jpg,Cat,0,375,500
PetImages/Cat/8491.jpg,Cat,0,400,267
PetImages/Cat/8493.jpg,Cat,0,361,500
PetImages/Cat/8494.jpg,Cat,0,375,500
PetImages/Cat/8495.jpg,Cat,0,500,375
PetImages/Cat/8496.jpg,Cat,0,375,500
PetImages/Cat/8498.jpg,Cat,0,500,375
PetImages/Cat/85.jpg,Cat,0,448,336
PetImages/Cat/8501.jpg,Cat,0,500,375
PetImages/Cat/8502.jpg,Cat,0,500,375
PetImages/Cat/8504.jpg,Cat,0,67,50
PetImages/Cat/8506.jpg,Cat,0,500,431
PetImages/Cat/8507.jpg,Cat,0,139,103
PetImages/Cat/8508.jpg,Cat,0,321,500
PetImages/Cat/8510.jpg,Cat,0,416,274
PetImages/Cat/8511.jpg,Cat,0,375,500
PetImages/Cat/8512.jpg,Cat,0,331,348
PetImages/Cat/8513.jpg,Cat,0,500,375
PetImages/Cat/8514.jpg,Cat,0,182,194
PetImages/Cat/8515.jpg,Cat,0,492,500
PetImages/Cat/8516.jpg,Cat,0,333,500
PetImages/Cat/8517.jpg,Cat,0,500,335
PetImages/Cat/8518.jpg,Cat,0,500,361
PetImages/Cat/852.jpg,Cat,0,320,286
PetImages/Cat/8520.jpg,Cat,0,320,239
PetImages/Cat/8522.jpg,Cat,0,500,406
PetImages/Cat/8523.jpg,Cat,0,326,500
PetImages/Cat/8526.jpg,Cat,0,271,270
PetImages/Cat/8527.jpg,Cat,0,267,248
PetImages/Cat/8528.jpg,Cat,0,360,284
PetImages/Cat/8529.jpg,Cat,0,432,432
PetImages/Cat/853.jpg,Cat,0,276,226
PetImages/Cat/8531.jpg,Cat,0,500,301
PetImages/Cat/8533.jpg,Cat,0,410,310
PetImages/Cat/8536.jpg,Cat,0,500,375
PetImages/Cat/8537.jpg,Cat,0,500,375
PetImages/Cat/8539.jpg,Cat,0,307,409
PetImages/Cat/8541.jpg,Cat,0,374,499
PetImages/Cat/8542.jpg,Cat,0,500,186
PetImages/Cat/8544.jpg,Cat,0,288,343
PetImages/Cat/8545.jpg,Cat,0,500,375
PetImages/Cat/8546.jpg,Cat,0,500,456
PetImages/Cat/8547.jpg,Cat,0,225,374
PetImages/Cat/8548.jpg,Cat,0,375,500
PetImages/Cat/8549.jpg,Cat,0,500,333
PetImages/Cat/855.jpg,Cat,0,450,338
PetImages/Cat/8550.jpg,Cat,0,422,434
PetImages/Cat/8551.jpg,Cat,0,500,375
PetImages/Cat/8552.jpg,Cat,0,500,375
PetImages/Cat/8553.jpg,Cat,0,384,288
PetImages/Cat/8556.jpg,Cat,0,500,333
PetImages/Cat/8558.jpg,Cat,0,358,449
PetImages/Cat/8559.jpg,Cat,0,239,250
PetImages/Cat/8562.jpg,Cat,0,356,500
PetImages/Cat/8563.jpg,Cat,0,290,205
PetImages/Cat/8565.jpg,Cat,0,500,371
PetImages/Cat/8566.jpg,Cat,0,500,375
PetImages/Cat/8567.jpg,Cat,0,400,353
PetImages/Cat/8568.jpg,Cat,0,500,375
PetImages/Cat/8569.jpg,Cat,0,500,375
PetImages/Cat/857.jpg,Cat,0,500,375
PetImages/Cat/8570.jpg,Cat,0,500,375
PetImages/Cat/8571.jpg,Cat,0,498,269
PetImages/Cat/8572.jpg,Cat,0,300,350
PetImages/Cat/8573.jpg,Cat,0,500,375
PetImages/Cat/8574.jpg,Cat,0,500,286
PetImages/Cat/8575.jpg,Cat,0,500,375
PetImages/Cat/8576.jpg,Cat,0,500,375
PetImages/Cat/8577.jpg,Cat,0,400,259
PetImages/Cat/8579.jpg,Cat,0,500,375
PetImages/Cat/858.jpg,Cat,0,320,240
PetImages/Cat/8580.jpg,Cat,0,488,500
PetImages/Cat/8581.jpg,Cat,0,500,337
PetImages/Cat/8586.jpg,Cat,0,419,319
PetImages/Cat/8587.jpg,Cat,0,500,334
PetImages/Cat/8588.jpg,Cat,0,500,436
PetImages/Cat/8589.jpg,Cat,0,400,329
PetImages/Cat/859.jpg,Cat,0,490,369
PetImages/Cat/8590.jpg,Cat,0,188,245
PetImages/Cat/8591.jpg,Cat,0,261,308
PetImages/Cat/8594.jpg,Cat,0,125,97
PetImages/Cat/8596.jpg,Cat,0,400,391
PetImages/Cat/8597.jpg,Cat,0,500,375
PetImages/Cat/8599.jpg,Cat,0,490,459
PetImages/Cat/86.jpg,Cat,0,499,494
PetImages/Cat/860.jpg,Cat,0,412,500
PetImages/Cat/8600.jpg,Cat,0,300,225
PetImages/Cat/8603.jpg,Cat,0,200,200
PetImages/Cat/8607.jpg,Cat,0,322,379
PetImages/Cat/8609.jpg,Cat,0,375,426
PetImages/Cat/861.jpg,Cat,0,500,375
PetImages/Cat/8610.jpg,Cat,0,500,375
PetImages/Cat/8612.jpg,Cat,0,200,179
PetImages/Cat/8615.jpg,Cat,0,309,270
PetImages/Cat/8616.jpg,Cat,0,301,161
PetImages/Cat/8617.jpg,Cat,0,126,200
PetImages/Cat/8618.jpg,Cat,0,500,329
PetImages/Cat/8619.jpg,Cat,0,500,375
PetImages/Cat/862.jpg,Cat,0,140,96
PetImages/Cat/8621.jpg,Cat,0,374,336
PetImages/Cat/8623.jpg,Cat,0,500,465
PetImages/Cat/8625.jpg,Cat,0,300,314
PetImages/Cat/8626.jpg,Cat,0,302,500
PetImages/Cat/8628.jpg,Cat,0,500,433
PetImages/Cat/863.jpg,Cat,0,448,336
PetImages/Cat/8632.jpg,Cat,0,294,500
PetImages/Cat/8634.jpg,Cat,0,400,400
PetImages/Cat/8637.jpg,Cat,0,320,240
PetImages/Cat/8639.jpg,Cat,0,500,375
PetImages/Cat/864.jpg,Cat,0,320,418
PetImages/Cat/8640.jpg,Cat,0,500,351
PetImages/Cat/8641.jpg,Cat,0,256,448
PetImages/Cat/8643.jpg,Cat,0,325,285
PetImages/Cat/8644.jpg,Cat,0,500,375
PetImages/Cat/8645.jpg,Cat,0,500,375
PetImages/Cat/8646.jpg,Cat,0,206,160
PetImages/Cat/8647.jpg,Cat,0,500,375
PetImages/Cat/8648.jpg,Cat,0,294,500
PetImages/Cat/8649.jpg,Cat,0,500,385
PetImages/Cat/865.jpg,Cat,0,200,200
PetImages/Cat/8650.jpg,Cat,0,377,385
PetImages/Cat/8652.jpg,Cat,0,500,375
PetImages/Cat/8654.jpg,Cat,0,448,336
PetImages/Cat/8655.jpg,Cat,0,375,500
PetImages/Cat/8656.jpg,Cat,0,375,500
PetImages/Cat/8657.jpg,Cat,0,450,241
PetImages/Cat/8658.jpg,Cat,0,227,266
PetImages/Cat/8659.jpg,Cat,0,500,375
PetImages/Cat/866.jpg,Cat,0,500,428
PetImages/Cat/8660.jpg,Cat,0,346,426
PetImages/Cat/8661.jpg,Cat,0,500,477
PetImages/Cat/8664.jpg,Cat,0,288,432
PetImages/Cat/8665.jpg,Cat,0,500,390
PetImages/Cat/8666.jpg,Cat,0,332,500
PetImages/Cat/8667.jpg,Cat,0,500,352
PetImages/Cat/8668.jpg,Cat,0,167,125
PetImages/Cat/867.jpg,Cat,0,200,266
PetImages/Cat/8671.jpg,Cat,0,382,500
PetImages/Cat/8672.jpg,Cat,0,500,375
PetImages/Cat/8673.jpg,Cat,0,500,375
PetImages/Cat/8675.jpg,Cat,0,500,377
PetImages/Cat/8676.jpg,Cat,0,500,375
PetImages/Cat/8677.jpg,Cat,0,500,375
PetImages/Cat/8678.jpg,Cat,0,240,350
PetImages/Cat/868.jpg,Cat,0,499,500
PetImages/Cat/8680.jpg,Cat,0,250,250
PetImages/Cat/8681.jpg,Cat,0,500,375
PetImages/Cat/8682.jpg,Cat,0,308,335
PetImages/Cat/8684.jpg,Cat,0,320,352
PetImages/Cat/8685.jpg,Cat,0,400,300
PetImages/Cat/8688.jpg,Cat,0,500,375
PetImages/Cat/8689.jpg,Cat,0,300,241
PetImages/Cat/869.jpg,Cat,0,500,360
PetImages/Cat/8690.jpg,Cat,0,350,300
PetImages/Cat/8691.jpg,Cat,0,307,349
PetImages/Cat/8695.jpg,Cat,0,500,314
PetImages/Cat/8697.jpg,Cat,0,350,346
PetImages/Cat/8698.jpg,Cat,0,382,452
PetImages/Cat/8699.jpg,Cat,0,277,500
PetImages/Cat/87.jpg,Cat,0,500,375
PetImages/Cat/8700.jpg,Cat,0,375,500
PetImages/Cat/8701.jpg,Cat,0,233,191
PetImages/Cat/8702.jpg,Cat,0,500,375
PetImages/Cat/8704.jpg,Cat,0,448,336
PetImages/Cat/8709.jpg,Cat,0,150,97
PetImages/Cat/871.jpg,Cat,0,400,332
PetImages/Cat/8710.jpg,Cat,0,382,342
PetImages/Cat/8712.jpg,Cat,0,375,279
PetImages/Cat/8715.jpg,Cat,0,500,375
PetImages/Cat/8717.jpg,Cat,0,500,375
PetImages/Cat/8718.jpg,Cat,0,375,500
PetImages/Cat/8719.jpg,Cat,0,500,348
PetImages/Cat/872.jpg,Cat,0,375,500
PetImages/Cat/8722.jpg,Cat,0,250,368
PetImages/Cat/8723.jpg,Cat,0,468,500
PetImages/Cat/8724.jpg,Cat,0,180,113
PetImages/Cat/8726.jpg,Cat,0,153,215
PetImages/Cat/8727.jpg,Cat,0,285,362
PetImages/Cat/873.jpg,Cat,0,500,375
PetImages/Cat/8730.jpg,Cat,0,286,500
PetImages/Cat/8731.jpg,Cat,0,500,375
PetImages/Cat/8732.jpg,Cat,0,500,375
PetImages/Cat/8733.jpg,Cat,0,500,375
PetImages/Cat/8734.jpg,Cat,0,492,500
PetImages/Cat/8735.jpg,Cat,0,448,313
PetImages/Cat/8736.jpg,Cat,0,500,492
PetImages/Cat/8739.jpg,Cat,0,320,324
PetImages/Cat/874.jpg,Cat,0,250,250
PetImages/Cat/8741.jpg,Cat,0,500,370
PetImages/Cat/8742.jpg,Cat,0,500,375
PetImages/Cat/8744.jpg,Cat,0,192,90
PetImages/Cat/8745.jpg,Cat,0,320,240
PetImages/Cat/8746.jpg,Cat,0,360,240
PetImages/Cat/8748.jpg,Cat,0,294,360
PetImages/Cat/8749.jpg,Cat,0,120,89
PetImages/Cat/875.jpg,Cat,0,480,480
PetImages/Cat/8750.jpg,Cat,0,500,375
PetImages/Cat/8751.jpg,Cat,0,500,375
PetImages/Cat/8752.jpg,Cat,0,325,480
PetImages/Cat/8753.jpg,Cat,0,288,211
PetImages/Cat/8754.jpg,Cat,0,500,318
PetImages/Cat/8755.jpg,Cat,0,79,214
PetImages/Cat/8756.jpg,Cat,0,450,358
PetImages/Cat/8757.jpg,Cat,0,125,120
PetImages/Cat/8758.jpg,Cat,0,500,375
PetImages/Cat/876.jpg,Cat,0,500,375
PetImages/Cat/8760.jpg,Cat,0,394,315
PetImages/Cat/8761.jpg,Cat,0,336,360
PetImages/Cat/8762.jpg,Cat,0,500,302
PetImages/Cat/8763.jpg,Cat,0,358,500
PetImages/Cat/8765.jpg,Cat,0,500,390
PetImages/Cat/8766.jpg,Cat,0,326,270
PetImages/Cat/8770.jpg,Cat,0,189,202
PetImages/Cat/8771.jpg,Cat,0,373,426
PetImages/Cat/8773.jpg,Cat,0,500,369
PetImages/Cat/8774.jpg,Cat,0,400,437
PetImages/Cat/8775.jpg,Cat,0,343,500
PetImages/Cat/8776.jpg,Cat,0,500,333
PetImages/Cat/8777.jpg,Cat,0,500,375
PetImages/Cat/8778.jpg,Cat,0,500,434
PetImages/Cat/878.jpg,Cat,0,430,500
PetImages/Cat/8782.jpg,Cat,0,448,279
PetImages/Cat/8785.jpg,Cat,0,200,251
PetImages/Cat/8786.jpg,Cat,0,249,200
PetImages/Cat/8788.jpg,Cat,0,500,405
PetImages/Cat/8790.jpg,Cat,0,500,358
PetImages/Cat/8792.jpg,Cat,0,200,187
PetImages/Cat/8793.jpg,Cat,0,246,421
PetImages/Cat/8794.jpg,Cat,0,500,375
PetImages/Cat/8796.jpg,Cat,0,300,225
PetImages/Cat/8797.jpg,Cat,0,500,375
PetImages/Cat/8798.jpg,Cat,0,500,450
PetImages/Cat/8799.jpg,Cat,0,500,375
PetImages/Cat/88.jpg,Cat,0,400,267
PetImages/Cat/880.jpg,Cat,0,134,127
PetImages/Cat/8800.jpg,Cat,0,500,375
PetImages/Cat/8803.jpg,Cat,0,456,451
PetImages/Cat/8804.jpg,Cat,0,500,305
PetImages/Cat/8805.jpg,Cat,0,252,267
PetImages/Cat/8807.jpg,Cat,0,124,106
PetImages/Cat/8808.jpg,Cat,0,413,500
PetImages/Cat/8809.jpg,Cat,0,350,262
PetImages/Cat/8813.jpg,Cat,0,450,500
PetImages/Cat/8814.jpg,Cat,0,500,486
PetImages/Cat/8815.jpg,Cat,0,432,500
PetImages/Cat/8816.jpg,Cat,0,248,250
PetImages/Cat/8817.jpg,Cat,0,500,491
PetImages/Cat/8819.jpg,Cat,0,500,375
PetImages/Cat/8820.jpg,Cat,0,500,375
PetImages/Cat/8821.jpg,Cat,0,350,266
PetImages/Cat/8823.jpg,Cat,0,500,375
PetImages/Cat/8824.jpg,Cat,0,500,375
PetImages/Cat/8825.jpg,Cat,0,500,375
PetImages/Cat/8827.jpg,Cat,0,461,450
PetImages/Cat/8828.jpg,Cat,0,208,338
PetImages/Cat/8830.jpg,Cat,0,360,299
PetImages/Cat/8831.jpg,Cat,0,320,240
PetImages/Cat/8834.jpg,Cat,0,350,262
PetImages/Cat/8835.jpg,Cat,0,300,266
PetImages/Cat/8837.jpg,Cat,0,463,387
PetImages/Cat/884.jpg,Cat,0,308,500
PetImages/Cat/8840.jpg,Cat,0,500,375
PetImages/Cat/8842.jpg,Cat,0,500,375
PetImages/Cat/8843.jpg,Cat,0,500,398
PetImages/Cat/8845.jpg,Cat,0,350,369
PetImages/Cat/8846.jpg,Cat,0,500,375
PetImages/Cat/8848.jpg,Cat,0,124,87
PetImages/Cat/885.jpg,Cat,0,500,410
PetImages/Cat/8850.jpg,Cat,0,375,500
PetImages/Cat/8851.jpg,Cat,0,500,500
PetImages/Cat/8853.jpg,Cat,0,500,333
PetImages/Cat/8855.jpg,Cat,0,500,500
PetImages/Cat/8856.jpg,Cat,0,216,203
PetImages/Cat/8857.jpg,Cat,0,384,352
PetImages/Cat/8858.jpg,Cat,0,500,437
PetImages/Cat/8859.jpg,Cat,0,348,453
PetImages/Cat/886.jpg,Cat,0,400,263
PetImages/Cat/8862.jpg,Cat,0,500,500
PetImages/Cat/8863.jpg,Cat,0,412,336
PetImages/Cat/8864.jpg,Cat,0,500,375
PetImages/Cat/8866.jpg,Cat,0,176,144
PetImages/Cat/8867.jpg,Cat,0,500,460
PetImages/Cat/8868.jpg,Cat,0,500,204
PetImages/Cat/8869.jpg,Cat,0,500,334
PetImages/Cat/887.jpg,Cat,0,360,500
PetImages/Cat/8870.jpg,Cat,0,173,175
PetImages/Cat/8872.jpg,Cat,0,500,389
PetImages/Cat/8877.jpg,Cat,0,200,150
PetImages/Cat/8879.jpg,Cat,0,451,442
PetImages/Cat/8880.jpg,Cat,0,288,357
PetImages/Cat/8881.jpg,Cat,0,400,400
PetImages/Cat/8882.jpg,Cat,0,266,500
PetImages/Cat/8883.jpg,Cat,0,364,311
PetImages/Cat/8884.jpg,Cat,0,500,375
PetImages/Cat/8885.jpg,Cat,0,500,401
PetImages/Cat/8889.jpg,Cat,0,500,375
PetImages/Cat/8890.jpg,Cat,0,320,240
PetImages/Cat/8891.jpg,Cat,0,500,402
PetImages/Cat/8892.jpg,Cat,0,500,375
PetImages/Cat/8893.jpg,Cat,0,500,350
PetImages/Cat/8895.jpg,Cat,0,500,375
PetImages/Cat/8896.jpg,Cat,0,349,500
PetImages/Cat/8899.jpg,Cat,0,450,338
PetImages/Cat/89.jpg,Cat,0,500,493
PetImages/Cat/890.jpg,Cat,0,375,450
PetImages/Cat/8900.jpg,Cat,0,500,421
PetImages/Cat/8902.jpg,Cat,0,211,500
PetImages/Cat/8905.jpg,Cat,0,500,375
PetImages/Cat/8906.jpg,Cat,0,350,382
PetImages/Cat/8907.jpg,Cat,0,485,360
PetImages/Cat/8908.jpg,Cat,0,308,339
PetImages/Cat/891.jpg,Cat,0,500,375
PetImages/Cat/8910.jpg,Cat,0,500,322
PetImages/Cat/8911.jpg,Cat,0,500,355
PetImages/Cat/8912.jpg,Cat,0,412,500
PetImages/Cat/8913.jpg,Cat,0,350,318
PetImages/Cat/8915.jpg,Cat,0,500,335
PetImages/Cat/8916.jpg,Cat,0,500,290
PetImages/Cat/8918.jpg,Cat,0,410,500
PetImages/Cat/892.jpg,Cat,0,331,276
PetImages/Cat/8920.jpg,Cat,0,500,323
PetImages/Cat/8922.jpg,Cat,0,350,262
PetImages/Cat/8923.jpg,Cat,0,500,375
PetImages/Cat/8924.jpg,Cat,0,348,312
PetImages/Cat/8925.jpg,Cat,0,320,240
PetImages/Cat/8928.jpg,Cat,0,400,349
PetImages/Cat/893.jpg,Cat,0,500,375
PetImages/Cat/8930.jpg,Cat,0,400,254
PetImages/Cat/8934.jpg,Cat,0,500,458
PetImages/Cat/8935.jpg,Cat,0,88,121
PetImages/Cat/8937.jpg,Cat,0,500,434
PetImages/Cat/8940.jpg,Cat,0,237,250
PetImages/Cat/8941.jpg,Cat,0,500,468
PetImages/Cat/8943.jpg,Cat,0,500,464
PetImages/Cat/8944.jpg,Cat,0,500,375
PetImages/Cat/8945.jpg,Cat,0,320,240
PetImages/Cat/8946.jpg,Cat,0,500,375
PetImages/Cat/8949.jpg,Cat,0,500,426
PetImages/Cat/895.jpg,Cat,0,400,497
PetImages/Cat/8951.jpg,Cat,0,240,240
PetImages/Cat/8952.jpg,Cat,0,500,435
PetImages/Cat/8953.jpg,Cat,0,500,375
PetImages/Cat/8955.jpg,Cat,0,500,377
PetImages/Cat/8956.jpg,Cat,0,500,375
PetImages/Cat/8957.jpg,Cat,0,300,225
PetImages/Cat/8959.jpg,Cat,0,132,150
PetImages/Cat/896.jpg,Cat,0,400,348
PetImages/Cat/8961.jpg,Cat,0,278,400
PetImages/Cat/8962.jpg,Cat,0,200,270
PetImages/Cat/8963.jpg,Cat,0,320,224
PetImages/Cat/8965.jpg,Cat,0,500,458
PetImages/Cat/8966.jpg,Cat,0,500,379
PetImages/Cat/8968.jpg,Cat,0,296,500
PetImages/Cat/8969.jpg,Cat,0,339,350
PetImages/Cat/897.jpg,Cat,0,500,417
PetImages/Cat/8970.jpg,Cat,0,378,480
PetImages/Cat/8971.jpg,Cat,0,500,457
PetImages/Cat/8973.jpg,Cat,0,500,380
PetImages/Cat/8975.jpg,Cat,0,500,375
PetImages/Cat/8976.jpg,Cat,0,500,333
PetImages/Cat/8977.jpg,Cat,0,365,339
PetImages/Cat/898.jpg,Cat,0,288,290
PetImages/Cat/8983.jpg,Cat,0,450,338
PetImages/Cat/8985.jpg,Cat,0,500,375
PetImages/Cat/8987.jpg,Cat,0,423,334
PetImages/Cat/8988.jpg,Cat,0,490,490
PetImages/Cat/899.jpg,Cat,0,500,432
PetImages/Cat/8990.jpg,Cat,0,500,375
PetImages/Cat/8991.jpg,Cat,0,384,500
PetImages/Cat/8993.jpg,Cat,0,500,431
PetImages/Cat/8994.jpg,Cat,0,350,263
PetImages/Cat/8995.jpg,Cat,0,500,415
PetImages/Cat/8997.jpg,Cat,0,375,500
PetImages/Cat/8998.jpg,Cat,0,110,155
PetImages/Cat/8999.jpg,Cat,0,500,375
PetImages/Cat/9.jpg,Cat,0,320,426
PetImages/Cat/90.jpg,Cat,0,448,336
PetImages/Cat/900.jpg,Cat,0,500,375
PetImages/Cat/9000.jpg,Cat,0,320,240
PetImages/Cat/9001.jpg,Cat,0,458,500
PetImages/Cat/9002.jpg,Cat,0,390,288
PetImages/Cat/9003.jpg,Cat,0,452,500
PetImages/Cat/9005.jpg,Cat,0,396,400
PetImages/Cat/9007.jpg,Cat,0,364,500
PetImages/Cat/9008.jpg,Cat,0,435,500
PetImages/Cat/9011.jpg,Cat,0,500,375
PetImages/Cat/9012.jpg,Cat,0,500,374
PetImages/Cat/9013.jpg,Cat,0,394,263
PetImages/Cat/9014.jpg,Cat,0,226,208
PetImages/Cat/9015.jpg,Cat,0,333,500
PetImages/Cat/9016.jpg,Cat,0,200,180
PetImages/Cat/9018.jpg,Cat,0,500,392
PetImages/Cat/9019.jpg,Cat,0,300,278
PetImages/Cat/9020.jpg,Cat,0,431,413
PetImages/Cat/9021.jpg,Cat,0,216,252
PetImages/Cat/9022.jpg,Cat,0,450,338
PetImages/Cat/9024.jpg,Cat,0,263,269
PetImages/Cat/9028.jpg,Cat,0,500,375
PetImages/Cat/9030.jpg,Cat,0,500,496
PetImages/Cat/9033.jpg,Cat,0,117,175
PetImages/Cat/9034.jpg,Cat,0,350,460
PetImages/Cat/9035.jpg,Cat,0,500,375
PetImages/Cat/9037.jpg,Cat,0,418,500
PetImages/Cat/9038.jpg,Cat,0,500,388
PetImages/Cat/9039.jpg,Cat,0,500,375
PetImages/Cat/904.jpg,Cat,0,500,357
PetImages/Cat/9040.jpg,Cat,0,320,240
PetImages/Cat/9041.jpg,Cat,0,500,427
PetImages/Cat/9042.jpg,Cat,0,500,375
PetImages/Cat/9044.jpg,Cat,0,433,500
PetImages/Cat/9045.jpg,Cat,0,500,375
PetImages/Cat/9047.jpg,Cat,0,283,270
PetImages/Cat/9048.jpg,Cat,0,320,240
PetImages/Cat/9049.jpg,Cat,0,500,375
PetImages/Cat/905.jpg,Cat,0,500,375
PetImages/Cat/9050.jpg,Cat,0,487,500
PetImages/Cat/9051.jpg,Cat,0,400,354
PetImages/Cat/9053.jpg,Cat,0,500,397
PetImages/Cat/9054.jpg,Cat,0,350,263
PetImages/Cat/9056.jpg,Cat,0,100,150
PetImages/Cat/9057.jpg,Cat,0,375,500
PetImages/Cat/9059.jpg,Cat,0,367,345
PetImages/Cat/906.jpg,Cat,0,200,200
PetImages/Cat/9060.jpg,Cat,0,320,240
PetImages/Cat/9061.jpg,Cat,0,500,342
PetImages/Cat/9065.jpg,Cat,0,447,500
PetImages/Cat/9066.jpg,Cat,0,500,333
PetImages/Cat/9067.jpg,Cat,0,500,375
PetImages/Cat/9068.jpg,Cat,0,500,466
PetImages/Cat/9069.jpg,Cat,0,400,300
PetImages/Cat/907.jpg,Cat,0,500,311
PetImages/Cat/9070.jpg,Cat,0,500,414
PetImages/Cat/9071.jpg,Cat,0,400,216
PetImages/Cat/9073.jpg,Cat,0,500,331
PetImages/Cat/9074.jpg,Cat,0,500,412
PetImages/Cat/9076.jpg,Cat,0,363,295
PetImages/Cat/9077.jpg,Cat,0,500,375
PetImages/Cat/9078.jpg,Cat,0,500,333
PetImages/Cat/908.jpg,Cat,0,500,338
PetImages/Cat/9080.jpg,Cat,0,500,375
PetImages/Cat/9082.jpg,Cat,0,500,375
PetImages/Cat/9083.jpg,Cat,0,500,375
PetImages/Cat/9084.jpg,Cat,0,500,421
PetImages/Cat/9087.jpg,Cat,0,320,240
PetImages/Cat/9088.jpg,Cat,0,500,260
PetImages/Cat/9092.jpg,Cat,0,475,500
PetImages/Cat/9093.jpg,Cat,0,167,125
PetImages/Cat/9094.jpg,Cat,0,276,376
PetImages/Cat/9096.jpg,Cat,0,500,375
PetImages/Cat/9097.jpg,Cat,0,185,220
PetImages/Cat/9099.jpg,Cat,0,381,500
PetImages/Cat/910.jpg,Cat,0,360,315
PetImages/Cat/9100.jpg,Cat,0,280,210
PetImages/Cat/9101.jpg,Cat,0,243,315
PetImages/Cat/9102.jpg,Cat,0,500,375
PetImages/Cat/9103.jpg,Cat,0,333,500
PetImages/Cat/9104.jpg,Cat,0,406,424
PetImages/Cat/9105.jpg,Cat,0,500,373
PetImages/Cat/9106.jpg,Cat,0,250,188
PetImages/Cat/9107.jpg,Cat,0,500,332
PetImages/Cat/9108.jpg,Cat,0,500,333
PetImages/Cat/911.jpg,Cat,0,371,495
PetImages/Cat/9110.jpg,Cat,0,500,375
PetImages/Cat/9111.jpg,Cat,0,500,375
PetImages/Cat/9114.jpg,Cat,0,253,235
PetImages/Cat/9115.jpg,Cat,0,500,400
PetImages/Cat/9117.jpg,Cat,0,375,500
PetImages/Cat/9118.jpg,Cat,0,383,500
PetImages/Cat/912.jpg,Cat,0,316,378
PetImages/Cat/9121.jpg,Cat,0,500,403
PetImages/Cat/9123.jpg,Cat,0,255,288
PetImages/Cat/9124.jpg,Cat,0,500,375
PetImages/Cat/9125.jpg,Cat,0,327,304
PetImages/Cat/9127.jpg,Cat,0,320,239
PetImages/Cat/9129.jpg,Cat,0,400,300
PetImages/Cat/913.jpg,Cat,0,254,500
PetImages/Cat/9130.jpg,Cat,0,360,361
PetImages/Cat/9133.jpg,Cat,0,431,500
PetImages/Cat/9134.jpg,Cat,0,500,496
PetImages/Cat/9135.jpg,Cat,0,500,391
PetImages/Cat/9136.jpg,Cat,0,500,375
PetImages/Cat/9137.jpg,Cat,0,481,500
PetImages/Cat/9139.jpg,Cat,0,320,240
PetImages/Cat/914.jpg,Cat,0,500,375
PetImages/Cat/9140.jpg,Cat,0,380,362
PetImages/Cat/9141.jpg,Cat,0,336,448
PetImages/Cat/9142.jpg,Cat,0,500,333
PetImages/Cat/9143.jpg,Cat,0,450,484
PetImages/Cat/9145.jpg,Cat,0,500,380
PetImages/Cat/9147.jpg,Cat,0,500,375
PetImages/Cat/9148.jpg,Cat,0,350,412
PetImages/Cat/915.jpg,Cat,0,500,384
PetImages/Cat/9150.jpg,Cat,0,500,369
PetImages/Cat/9152.jpg,Cat,0,336,377
PetImages/Cat/9153.jpg,Cat,0,500,375
PetImages/Cat/9155.jpg,Cat,0,440,500
PetImages/Cat/9156.jpg,Cat,0,290,406
PetImages/Cat/9157.jpg,Cat,0,500,375
PetImages/Cat/9158.jpg,Cat,0,500,375
PetImages/Cat/9159.jpg,Cat,0,288,262
PetImages/Cat/9161.jpg,Cat,0,500,457
PetImages/Cat/9162.jpg,Cat,0,500,375
PetImages/Cat/9164.jpg,Cat,0,360,270
PetImages/Cat/9166.jpg,Cat,0,500,375
PetImages/Cat/9167.jpg,Cat,0,500,426
PetImages/Cat/9168.jpg,Cat,0,500,331
PetImages/Cat/917.jpg,Cat,0,500,375
PetImages/Cat/9170.jpg,Cat,0,500,283
PetImages/Cat/9171.jpg,Cat,0,145,39
PetImages/Cat/9173.jpg,Cat,0,500,390
PetImages/Cat/9174.jpg,Cat,0,500,375
PetImages/Cat/9175.jpg,Cat,0,500,381
PetImages/Cat/9176.jpg,Cat,0,444,336
PetImages/Cat/9177.jpg,Cat,0,400,382
PetImages/Cat/9178.jpg,Cat,0,215,270
PetImages/Cat/918.jpg,Cat,0,298,500
PetImages/Cat/9180.jpg,Cat,0,500,375
PetImages/Cat/9181.jpg,Cat,0,500,300
PetImages/Cat/9182.jpg,Cat,0,272,288
PetImages/Cat/9183.jpg,Cat,0,500,333
PetImages/Cat/9184.jpg,Cat,0,500,375
PetImages/Cat/9185.jpg,Cat,0,416,500
PetImages/Cat/9186.jpg,Cat,0,474,450
PetImages/Cat/9188.jpg,Cat,0,500,375
PetImages/Cat/9189.jpg,Cat,0,462,293
PetImages/Cat/919.jpg,Cat,0,500,368
PetImages/Cat/9191.jpg,Cat,0,500,357
PetImages/Cat/9192.jpg,Cat,0,353,370
PetImages/Cat/9193.jpg,Cat,0,500,375
PetImages/Cat/9195.jpg,Cat,0,500,375
PetImages/Cat/9198.jpg,Cat,0,500,397
PetImages/Cat/92.jpg,Cat,0,500,375
PetImages/Cat/9200.jpg,Cat,0,388,500
PetImages/Cat/9201.jpg,Cat,0,500,360
PetImages/Cat/9202.jpg,Cat,0,288,355
PetImages/Cat/9204.jpg,Cat,0,500,375
PetImages/Cat/9205.jpg,Cat,0,350,262
PetImages/Cat/9206.jpg,Cat,0,331,488
PetImages/Cat/9207.jpg,Cat,0,500,334
PetImages/Cat/9208.jpg,Cat,0,300,186
PetImages/Cat/921.jpg,Cat,0,216,175
PetImages/Cat/9210.jpg,Cat,0,239,264
PetImages/Cat/9211.jpg,Cat,0,296,314
PetImages/Cat/9212.jpg,Cat,0,500,375
PetImages/Cat/9214.jpg,Cat,0,200,210
PetImages/Cat/9215.jpg,Cat,0,300,328
PetImages/Cat/9216.jpg,Cat,0,280,187
PetImages/Cat/9217.jpg,Cat,0,500,375
PetImages/Cat/9218.jpg,Cat,0,433,375
PetImages/Cat/9219.jpg,Cat,0,150,150
PetImages/Cat/9220.jpg,Cat,0,500,388
PetImages/Cat/9221.jpg,Cat,0,500,500
PetImages/Cat/9223.jpg,Cat,0,500,476
PetImages/Cat/9224.jpg,Cat,0,500,375
PetImages/Cat/9226.jpg,Cat,0,320,240
PetImages/Cat/9227.jpg,Cat,0,350,262
PetImages/Cat/9228.jpg,Cat,0,441,500
PetImages/Cat/923.jpg,Cat,0,326,500
PetImages/Cat/9230.jpg,Cat,0,500,340
PetImages/Cat/9231.jpg,Cat,0,500,333
PetImages/Cat/9232.jpg,Cat,0,500,332
PetImages/Cat/9233.jpg,Cat,0,355,266
PetImages/Cat/9234.jpg,Cat,0,500,374
PetImages/Cat/9237.jpg,Cat,0,320,240
PetImages/Cat/9238.jpg,Cat,0,500,375
PetImages/Cat/9239.jpg,Cat,0,427,500
PetImages/Cat/924.jpg,Cat,0,500,375
PetImages/Cat/9240.jpg,Cat,0,303,347
PetImages/Cat/9241.jpg,Cat,0,350,252
PetImages/Cat/9242.jpg,Cat,0,500,332
PetImages/Cat/9243.jpg,Cat,0,500,375
PetImages/Cat/9244.jpg,Cat,0,500,375
PetImages/Cat/9245.jpg,Cat,0,500,400
PetImages/Cat/9246.jpg,Cat,0,500,490
PetImages/Cat/9247.jpg,Cat,0,500,375
PetImages/Cat/9248.jpg,Cat,0,451,300
PetImages/Cat/9250.jpg,Cat,0,295,198
PetImages/Cat/9251.jpg,Cat,0,500,375
PetImages/Cat/9252.jpg,Cat,0,450,338
PetImages/Cat/9253.jpg,Cat,0,399,500
PetImages/Cat/9254.jpg,Cat,0,500,333
PetImages/Cat/9256.jpg,Cat,0,340,429
PetImages/Cat/9257.jpg,Cat,0,358,270
PetImages/Cat/9258.jpg,Cat,0,202,320
PetImages/Cat/926.jpg,Cat,0,320,309
PetImages/Cat/9260.jpg,Cat,0,500,375
PetImages/Cat/9262.jpg,Cat,0,350,262
PetImages/Cat/9263.jpg,Cat,0,320,240
PetImages/Cat/9266.jpg,Cat,0,250,250
PetImages/Cat/9268.jpg,Cat,0,500,338
PetImages/Cat/9274.jpg,Cat,0,360,239
PetImages/Cat/9276.jpg,Cat,0,479,500
PetImages/Cat/9278.jpg,Cat,0,447,500
PetImages/Cat/9280.jpg,Cat,0,400,400
PetImages/Cat/9281.jpg,Cat,0,500,375
PetImages/Cat/9282.jpg,Cat,0,500,375
PetImages/Cat/9283.jpg,Cat,0,280,296
PetImages/Cat/9284.jpg,Cat,0,320,240
PetImages/Cat/9285.jpg,Cat,0,300,200
PetImages/Cat/9286.jpg,Cat,0,151,180
PetImages/Cat/9287.jpg,Cat,0,400,300
PetImages/Cat/9288.jpg,Cat,0,500,375
PetImages/Cat/9289.jpg,Cat,0,495,500
PetImages/Cat/929.jpg,Cat,0,400,300
PetImages/Cat/9290.jpg,Cat,0,500,374
PetImages/Cat/9291.jpg,Cat,0,500,253
PetImages/Cat/9292.jpg,Cat,0,500,375
PetImages/Cat/9293.jpg,Cat,0,500,337
PetImages/Cat/9294.jpg,Cat,0,500,475
PetImages/Cat/9296.jpg,Cat,0,500,375
PetImages/Cat/93.jpg,Cat,0,346,346
PetImages/Cat/9301.jpg,Cat,0,200,150
PetImages/Cat/9302.jpg,Cat,0,500,333
PetImages/Cat/9303.jpg,Cat,0,500,375
PetImages/Cat/9305.jpg,Cat,0,360,270
PetImages/Cat/9309.jpg,Cat,0,375,500
PetImages/Cat/9311.jpg,Cat,0,462,500
PetImages/Cat/9312.jpg,Cat,0,500,395
PetImages/Cat/9314.jpg,Cat,0,500,375
PetImages/Cat/9315.jpg,Cat,0,500,375
PetImages/Cat/9317.jpg,Cat,0,500,330
PetImages/Cat/9318.jpg,Cat,0,500,375
PetImages/Cat/9319.jpg,Cat,0,258,270
PetImages/Cat/9320.jpg,Cat,0,500,375
PetImages/Cat/9321.jpg,Cat,0,280,220
PetImages/Cat/9324.jpg,Cat,0,500,375
PetImages/Cat/9325.jpg,Cat,0,500,333
PetImages/Cat/9328.jpg,Cat,0,278,386
PetImages/Cat/9329.jpg,Cat,0,288,302
PetImages/Cat/933.jpg,Cat,0,160,120
PetImages/Cat/9331.jpg,Cat,0,500,333
PetImages/Cat/9332.jpg,Cat,0,250,298
PetImages/Cat/9333.jpg,Cat,0,250,301
PetImages/Cat/9334.jpg,Cat,0,187,253
PetImages/Cat/9337.jpg,Cat,0,500,375
PetImages/Cat/9338.jpg,Cat,0,500,290
PetImages/Cat/934.jpg,Cat,0,180,137
PetImages/Cat/9340.jpg,Cat,0,432,500
PetImages/Cat/9343.jpg,Cat,0,477,445
PetImages/Cat/9344.jpg,Cat,0,500,468
PetImages/Cat/9345.jpg,Cat,0,500,476
PetImages/Cat/9346.jpg,Cat,0,500,333
PetImages/Cat/9347.jpg,Cat,0,500,375
PetImages/Cat/9348.jpg,Cat,0,454,450
PetImages/Cat/9349.jpg,Cat,0,280,240
PetImages/Cat/935.jpg,Cat,0,376,347
PetImages/Cat/9351.jpg,Cat,0,500,333
PetImages/Cat/9352.jpg,Cat,0,450,279
PetImages/Cat/9353.jpg,Cat,0,500,375
PetImages/Cat/9354.jpg,Cat,0,364,500
PetImages/Cat/9356.jpg,Cat,0,366,292
PetImages/Cat/9357.jpg,Cat,0,500,403
PetImages/Cat/9359.jpg,Cat,0,380,188
PetImages/Cat/9360.jpg,Cat,0,500,375
PetImages/Cat/9363.jpg,Cat,0,500,375
PetImages/Cat/9364.jpg,Cat,0,293,350
PetImages/Cat/9365.jpg,Cat,0,500,333
PetImages/Cat/9366.jpg,Cat,0,500,197
PetImages/Cat/9368.jpg,Cat,0,500,375
PetImages/Cat/9369.jpg,Cat,0,500,375
PetImages/Cat/937.jpg,Cat,0,500,375
PetImages/Cat/9370.jpg,Cat,0,500,375
PetImages/Cat/9371.jpg,Cat,0,321,500
PetImages/Cat/9373.jpg,Cat,0,300,164
PetImages/Cat/9375.jpg,Cat,0,336,448
PetImages/Cat/9376.jpg,Cat,0,109,157
PetImages/Cat/9379.jpg,Cat,0,500,374
PetImages/Cat/9382.jpg,Cat,0,500,375
PetImages/Cat/9383.jpg,Cat,0,500,332
PetImages/Cat/9384.jpg,Cat,0,377,500
PetImages/Cat/9385.jpg,Cat,0,448,336
PetImages/Cat/9386.jpg,Cat,0,500,375
PetImages/Cat/9389.jpg,Cat,0,490,347
PetImages/Cat/939.jpg,Cat,0,400,231
PetImages/Cat/9390.jpg,Cat,0,500,414
PetImages/Cat/9391.jpg,Cat,0,500,375
PetImages/Cat/9392.jpg,Cat,0,500,375
PetImages/Cat/9398.jpg,Cat,0,500,492
PetImages/Cat/9399.jpg,Cat,0,500,375
PetImages/Cat/94.jpg,Cat,0,350,345
PetImages/Cat/940.jpg,Cat,0,301,247
PetImages/Cat/9401.jpg,Cat,0,500,354
PetImages/Cat/9402.jpg,Cat,0,500,375
PetImages/Cat/9403.jpg,Cat,0,500,375
PetImages/Cat/9404.jpg,Cat,0,500,285
PetImages/Cat/9405.jpg,Cat,0,216,131
PetImages/Cat/9406.jpg,Cat,0,350,466
PetImages/Cat/9407.jpg,Cat,0,500,375
PetImages/Cat/9408.jpg,Cat,0,170,149
PetImages/Cat/9410.jpg,Cat,0,250,241
PetImages/Cat/9412.jpg,Cat,0,305,500
PetImages/Cat/9413.jpg,Cat,0,181,136
PetImages/Cat/9416.jpg,Cat,0,500,375
PetImages/Cat/9417.jpg,Cat,0,357,500
PetImages/Cat/9418.jpg,Cat,0,500,377
PetImages/Cat/9419.jpg,Cat,0,500,375
PetImages/Cat/942.jpg,Cat,0,500,375
PetImages/Cat/9420.jpg,Cat,0,500,375
PetImages/Cat/9421.jpg,Cat,0,500,375
PetImages/Cat/9423.jpg,Cat,0,270,251
PetImages/Cat/9424.jpg,Cat,0,500,256
PetImages/Cat/9425.jpg,Cat,0,320,500
PetImages/Cat/9426.jpg,Cat,0,500,329
PetImages/Cat/9428.jpg,Cat,0,450,337
PetImages/Cat/943.jpg,Cat,0,500,375
PetImages/Cat/9431.jpg,Cat,0,320,240
PetImages/Cat/9433.jpg,Cat,0,500,375
PetImages/Cat/9434.jpg,Cat,0,358,288
PetImages/Cat/9436.jpg,Cat,0,500,413
PetImages/Cat/9437.jpg,Cat,0,500,400
PetImages/Cat/9438.jpg,Cat,0,500,375
PetImages/Cat/9439.jpg,Cat,0,369,399
PetImages/Cat/944.jpg,Cat,0,500,447
PetImages/Cat/9440.jpg,Cat,0,350,235
PetImages/Cat/9441.jpg,Cat,0,500,375
PetImages/Cat/9442.jpg,Cat,0,200,133
PetImages/Cat/9444.jpg,Cat,0,300,225
PetImages/Cat/9445.jpg,Cat,0,235,100
PetImages/Cat/9448.jpg,Cat,0,500,375
PetImages/Cat/945.jpg,Cat,0,500,375
PetImages/Cat/9450.jpg,Cat,0,200,199
PetImages/Cat/9452.jpg,Cat,0,500,375
PetImages/Cat/9453.jpg,Cat,0,486,500
PetImages/Cat/9454.jpg,Cat,0,500,332
PetImages/Cat/9455.jpg,Cat,0,458,233
PetImages/Cat/9456.jpg,Cat,0,500,375
PetImages/Cat/9457.jpg,Cat,0,200,267
PetImages/Cat/9458.jpg,Cat,0,500,333
PetImages/Cat/9459.jpg,Cat,0,441,480
PetImages/Cat/946.jpg,Cat,0,500,375
PetImages/Cat/9460.jpg,Cat,0,220,282
PetImages/Cat/9461.jpg,Cat,0,500,375
PetImages/Cat/9462.jpg,Cat,0,350,238
PetImages/Cat/9463.jpg,Cat,0,224,320
PetImages/Cat/9464.jpg,Cat,0,500,377
PetImages/Cat/9467.jpg,Cat,0,448,218
PetImages/Cat/9469.jpg,Cat,0,174,259
PetImages/Cat/9471.jpg,Cat,0,216,216
PetImages/Cat/9472.jpg,Cat,0,300,190
PetImages/Cat/9474.jpg,Cat,0,500,375
PetImages/Cat/9475.jpg,Cat,0,500,375
PetImages/Cat/9476.jpg,Cat,0,375,500
PetImages/Cat/9477.jpg,Cat,0,456,326
PetImages/Cat/9480.jpg,Cat,0,500,335
PetImages/Cat/9481.jpg,Cat,0,415,250
PetImages/Cat/9482.jpg,Cat,0,500,375
PetImages/Cat/9483.jpg,Cat,0,500,375
PetImages/Cat/9484.jpg,Cat,0,500,443
PetImages/Cat/9485.jpg,Cat,0,500,375
PetImages/Cat/9486.jpg,Cat,0,500,332
PetImages/Cat/9487.jpg,Cat,0,276,226
PetImages/Cat/9489.jpg,Cat,0,500,410
PetImages/Cat/9490.jpg,Cat,0,368,491
PetImages/Cat/9491.jpg,Cat,0,500,375
PetImages/Cat/9493.jpg,Cat,0,297,220
PetImages/Cat/9494.jpg,Cat,0,200,150
PetImages/Cat/9495.jpg,Cat,0,325,292
PetImages/Cat/9497.jpg,Cat,0,301,330
PetImages/Cat/9499.jpg,Cat,0,500,375
PetImages/Cat/95.jpg,Cat,0,320,239
PetImages/Cat/9501.jpg,Cat,0,314,500
PetImages/Cat/9502.jpg,Cat,0,500,333
PetImages/Cat/9504.jpg,Cat,0,350,216
PetImages/Cat/9505.jpg,Cat,0,320,240
PetImages/Cat/9506.jpg,Cat,0,276,500
PetImages/Cat/9507.jpg,Cat,0,300,246
PetImages/Cat/9508.jpg,Cat,0,500,375
PetImages/Cat/951.jpg,Cat,0,413,500
PetImages/Cat/9510.jpg,Cat,0,350,197
PetImages/Cat/9511.jpg,Cat,0,500,357
PetImages/Cat/9513.jpg,Cat,0,500,375
PetImages/Cat/9514.jpg,Cat,0,500,375
PetImages/Cat/9516.jpg,Cat,0,500,375
PetImages/Cat/9518.jpg,Cat,0,135,135
PetImages/Cat/9519.jpg,Cat,0,277,288
PetImages/Cat/952.jpg,Cat,0,500,375
PetImages/Cat/9521.jpg,Cat,0,500,375
PetImages/Cat/9522.jpg,Cat,0,500,360
PetImages/Cat/9523.jpg,Cat,0,320,240
PetImages/Cat/9524.jpg,Cat,0,240,225
PetImages/Cat/9525.jpg,Cat,0,500,375
PetImages/Cat/9526.jpg,Cat,0,500,375
PetImages/Cat/9528.jpg,Cat,0,500,375
PetImages/Cat/9529.jpg,Cat,0,499,306
PetImages/Cat/953.jpg,Cat,0,500,477
PetImages/Cat/9530.jpg,Cat,0,500,363
PetImages/Cat/9531.jpg,Cat,0,500,332
PetImages/Cat/9532.jpg,Cat,0,350,377
PetImages/Cat/9533.jpg,Cat,0,291,328
PetImages/Cat/9535.jpg,Cat,0,346,500
PetImages/Cat/9536.jpg,Cat,0,500,416
PetImages/Cat/9538.jpg,Cat,0,500,375
PetImages/Cat/9539.jpg,Cat,0,500,375
PetImages/Cat/9540.jpg,Cat,0,350,350
PetImages/Cat/9542.jpg,Cat,0,480,360
PetImages/Cat/9544.jpg,Cat,0,500,375
PetImages/Cat/9545.jpg,Cat,0,180,135
PetImages/Cat/9546.jpg,Cat,0,500,333
PetImages/Cat/9547.jpg,Cat,0,500,375
PetImages/Cat/9548.jpg,Cat,0,500,366
PetImages/Cat/9549.jpg,Cat,0,500,375
PetImages/Cat/955.jpg,Cat,0,400,236
PetImages/Cat/9552.jpg,Cat,0,500,184
PetImages/Cat/9553.jpg,Cat,0,500,494
PetImages/Cat/9554.jpg,Cat,0,500,375
PetImages/Cat/9556.jpg,Cat,0,500,375
PetImages/Cat/9558.jpg,Cat,0,156,166
PetImages/Cat/956.jpg,Cat,0,350,263
PetImages/Cat/9560.jpg,Cat,0,500,375
PetImages/Cat/9561.jpg,Cat,0,424,500
PetImages/Cat/9564.jpg,Cat,0,462,500
PetImages/Cat/9565.jpg,Cat,0,250,187
PetImages/Cat/9567.jpg,Cat,0,500,375
PetImages/Cat/9568.jpg,Cat,0,365,500
PetImages/Cat/9570.jpg,Cat,0,386,464
PetImages/Cat/9572.jpg,Cat,0,500,375
PetImages/Cat/9573.jpg,Cat,0,500,454
PetImages/Cat/9575.jpg,Cat,0,320,224
PetImages/Cat/9577.jpg,Cat,0,350,385
PetImages/Cat/9578.jpg,Cat,0,120,120
PetImages/Cat/9579.jpg,Cat,0,230,259
PetImages/Cat/958.jpg,Cat,0,425,202
PetImages/Cat/9580.jpg,Cat,0,500,375
PetImages/Cat/9582.jpg,Cat,0,500,476
PetImages/Cat/9583.jpg,Cat,0,320,240
PetImages/Cat/9585.jpg,Cat,0,481,477
PetImages/Cat/9586.jpg,Cat,0,500,375
PetImages/Cat/9587.jpg,Cat,0,480,317
PetImages/Cat/9588.jpg,Cat,0,320,228
PetImages/Cat/9589.jpg,Cat,0,140,93
PetImages/Cat/9591.jpg,Cat,0,300,396
PetImages/Cat/9594.jpg,Cat,0,500,334
PetImages/Cat/9595.jpg,Cat,0,100,125
PetImages/Cat/9596.jpg,Cat,0,200,150
PetImages/Cat/9597.jpg,Cat,0,350,300
PetImages/Cat/96.jpg,Cat,0,500,375
PetImages/Cat/960.jpg,Cat,0,500,333
PetImages/Cat/9601.jpg,Cat,0,500,481
PetImages/Cat/9602.jpg,Cat,0,500,375
PetImages/Cat/9603.jpg,Cat,0,480,500
PetImages/Cat/9604.jpg,Cat,0,447,500
PetImages/Cat/9607.jpg,Cat,0,500,342
PetImages/Cat/9608.jpg,Cat,0,500,451
PetImages/Cat/9610.jpg,Cat,0,500,375
PetImages/Cat/9611.jpg,Cat,0,500,375
PetImages/Cat/9612.jpg,Cat,0,500,418
PetImages/Cat/9613.jpg,Cat,0,500,375
PetImages/Cat/9615.jpg,Cat,0,149,112
PetImages/Cat/9619.jpg,Cat,0,400,300
PetImages/Cat/9620.jpg,Cat,0,500,303
PetImages/Cat/9623.jpg,Cat,0,320,240
PetImages/Cat/9624.jpg,Cat,0,150,113
PetImages/Cat/9625.jpg,Cat,0,360,270
PetImages/Cat/9626.jpg,Cat,0,500,375
PetImages/Cat/9627.jpg,Cat,0,240,240
PetImages/Cat/9628.jpg,Cat,0,401,287
PetImages/Cat/9629.jpg,Cat,0,500,375
PetImages/Cat/963.jpg,Cat,0,500,375
PetImages/Cat/9631.jpg,Cat,0,500,375
PetImages/Cat/9633.jpg,Cat,0,500,409
PetImages/Cat/9634.jpg,Cat,0,500,375
PetImages/Cat/9635.jpg,Cat,0,100,111
PetImages/Cat/9636.jpg,Cat,0,500,375
PetImages/Cat/9637.jpg,Cat,0,500,394
PetImages/Cat/9638.jpg,Cat,0,500,500
PetImages/Cat/964.jpg,Cat,0,199,288
PetImages/Cat/9640.jpg,Cat,0,500,365
PetImages/Cat/9641.jpg,Cat,0,500,333
PetImages/Cat/9643.jpg,Cat,0,253,239
PetImages/Cat/9644.jpg,Cat,0,500,375
PetImages/Cat/9645.jpg,Cat,0,318,270
PetImages/Cat/9646.jpg,Cat,0,319,500
PetImages/Cat/9647.jpg,Cat,0,500,409
PetImages/Cat/9649.jpg,Cat,0,400,300
PetImages/Cat/965.jpg,Cat,0,402,432
PetImages/Cat/9651.jpg,Cat,0,181,122
PetImages/Cat/9652.jpg,Cat,0,500,308
PetImages/Cat/9653.jpg,Cat,0,500,437
PetImages/Cat/9654.jpg,Cat,0,500,375
PetImages/Cat/9656.jpg,Cat,0,500,375
PetImages/Cat/9657.jpg,Cat,0,459,313
PetImages/Cat/9659.jpg,Cat,0,500,375
PetImages/Cat/966.jpg,Cat,0,500,377
PetImages/Cat/9660.jpg,Cat,0,500,465
PetImages/Cat/9662.jpg,Cat,0,140,119
PetImages/Cat/9663.jpg,Cat,0,500,465
PetImages/Cat/9664.jpg,Cat,0,250,188
PetImages/Cat/9666.jpg,Cat,0,200,300
PetImages/Cat/9668.jpg,Cat,0,500,375
PetImages/Cat/9669.jpg,Cat,0,500,375
PetImages/Cat/967.jpg,Cat,0,320,215
PetImages/Cat/9670.jpg,Cat,0,350,262
PetImages/Cat/9672.jpg,Cat,0,216,224
PetImages/Cat/9673.jpg,Cat,0,500,375
PetImages/Cat/9675.jpg,Cat,0,450,171
PetImages/Cat/9676.jpg,Cat,0,500,375
PetImages/Cat/9677.jpg,Cat,0,500,375
PetImages/Cat/968.jpg,Cat,0,500,375
PetImages/Cat/9680.jpg,Cat,0,416,500
PetImages/Cat/9681.jpg,Cat,0,500,468
PetImages/Cat/9682.jpg,Cat,0,500,375
PetImages/Cat/9683.jpg,Cat,0,466,384
PetImages/Cat/9685.jpg,Cat,0,500,375
PetImages/Cat/9687.jpg,Cat,0,500,375
PetImages/Cat/9688.jpg,Cat,0,354,289
PetImages/Cat/9689.jpg,Cat,0,400,283
PetImages/Cat/969.jpg,Cat,0,320,240
PetImages/Cat/9690.jpg,Cat,0,500,333
PetImages/Cat/9692.jpg,Cat,0,500,439
PetImages/Cat/9693.jpg,Cat,0,500,375
PetImages/Cat/9694.jpg,Cat,0,319,500
PetImages/Cat/9695.jpg,Cat,0,500,374
PetImages/Cat/9696.jpg,Cat,0,500,375
PetImages/Cat/9697.jpg,Cat,0,500,331
PetImages/Cat/9698.jpg,Cat,0,500,329
PetImages/Cat/9699.jpg,Cat,0,500,375
PetImages/Cat/9700.jpg,Cat,0,448,360
PetImages/Cat/9701.jpg,Cat,0,275,228
PetImages/Cat/9702.jpg,Cat,0,333,500
PetImages/Cat/9703.jpg,Cat,0,150,97
PetImages/Cat/9704.jpg,Cat,0,375,500
PetImages/Cat/9705.jpg,Cat,0,434,361
PetImages/Cat/9708.jpg,Cat,0,500,500
PetImages/Cat/9709.jpg,Cat,0,500,321
PetImages/Cat/9711.jpg,Cat,0,500,375
PetImages/Cat/9712.jpg,Cat,0,360,270
PetImages/Cat/9713.jpg,Cat,0,440,308
PetImages/Cat/9714.jpg,Cat,0,500,375
PetImages/Cat/9717.jpg,Cat,0,500,464
PetImages/Cat/9718.jpg,Cat,0,500,375
PetImages/Cat/9719.jpg,Cat,0,500,375
PetImages/Cat/972.jpg,Cat,0,240,180
PetImages/Cat/9721.jpg,Cat,0,500,375
PetImages/Cat/9723.jpg,Cat,0,500,375
PetImages/Cat/9725.jpg,Cat,0,400,408
PetImages/Cat/9726.jpg,Cat,0,500,447
PetImages/Cat/9727.jpg,Cat,0,500,375
PetImages/Cat/9728.jpg,Cat,0,500,375
PetImages/Cat/9729.jpg,Cat,0,500,319
PetImages/Cat/973.jpg,Cat,0,500,333
PetImages/Cat/9730.jpg,Cat,0,451,338
PetImages/Cat/9731.jpg,Cat,0,500,375
PetImages/Cat/9732.jpg,Cat,0,500,375
PetImages/Cat/9733.jpg,Cat,0,365,500
PetImages/Cat/9735.jpg,Cat,0,170,123
PetImages/Cat/9736.jpg,Cat,0,500,375
PetImages/Cat/9737.jpg,Cat,0,500,375
PetImages/Cat/9738.jpg,Cat,0,500,333
PetImages/Cat/9739.jpg,Cat,0,375,500
PetImages/Cat/974.jpg,Cat,0,200,267
PetImages/Cat/9740.jpg,Cat,0,500,480
PetImages/Cat/9742.jpg,Cat,0,432,324
PetImages/Cat/9743.jpg,Cat,0,500,375
PetImages/Cat/9744.jpg,Cat,0,350,365
PetImages/Cat/9745.jpg,Cat,0,320,240
PetImages/Cat/9746.jpg,Cat,0,466,500
PetImages/Cat/9747.jpg,Cat,0,500,332
PetImages/Cat/9748.jpg,Cat,0,500,494
PetImages/Cat/9750.jpg,Cat,0,318,500
PetImages/Cat/9751.jpg,Cat,0,300,225
PetImages/Cat/9752.jpg,Cat,0,400,365
PetImages/Cat/9753.jpg,Cat,0,200,126
PetImages/Cat/9754.jpg,Cat,0,279,500
PetImages/Cat/9755.jpg,Cat,0,500,375
PetImages/Cat/9757.jpg,Cat,0,500,375
PetImages/Cat/9758.jpg,Cat,0,200,150
PetImages/Cat/9759.jpg,Cat,0,500,375
PetImages/Cat/976.jpg,Cat,0,500,375
PetImages/Cat/9761.jpg,Cat,0,448,210
PetImages/Cat/9762.jpg,Cat,0,375,500
PetImages/Cat/9763.jpg,Cat,0,285,381
PetImages/Cat/9764.jpg,Cat,0,500,375
PetImages/Cat/9766.jpg,Cat,0,500,375
PetImages/Cat/9767.jpg,Cat,0,200,121
PetImages/Cat/9768.jpg,Cat,0,500,375
PetImages/Cat/977.jpg,Cat,0,278,285
PetImages/Cat/9770.jpg,Cat,0,500,375
PetImages/Cat/9771.jpg,Cat,0,447,500
PetImages/Cat/9773.jpg,Cat,0,350,242
PetImages/Cat/9774.jpg,Cat,0,400,377
PetImages/Cat/9775.jpg,Cat,0,500,375
PetImages/Cat/9777.jpg,Cat,0,500,375
PetImages/Cat/9778.jpg,Cat,0,408,342
PetImages/Cat/9779.jpg,Cat,0,500,375
PetImages/Cat/9780.jpg,Cat,0,425,499
PetImages/Cat/9781.jpg,Cat,0,500,375
PetImages/Cat/9782.jpg,Cat,0,295,498
PetImages/Cat/9783.jpg,Cat,0,194,118
PetImages/Cat/9784.jpg,Cat,0,479,402
PetImages/Cat/9787.jpg,Cat,0,500,375
PetImages/Cat/9788.jpg,Cat,0,500,426
PetImages/Cat/9789.jpg,Cat,0,500,375
PetImages/Cat/979.jpg,Cat,0,330,456
PetImages/Cat/9790.jpg,Cat,0,500,375
PetImages/Cat/9791.jpg,Cat,0,387,360
PetImages/Cat/9793.jpg,Cat,0,500,333
PetImages/Cat/9794.jpg,Cat,0,451,300
PetImages/Cat/9795.jpg,Cat,0,500,375
PetImages/Cat/9796.jpg,Cat,0,500,375
PetImages/Cat/9800.jpg,Cat,0,432,398
PetImages/Cat/9801.jpg,Cat,0,210,232
PetImages/Cat/9803.jpg,Cat,0,256,500
PetImages/Cat/9804.jpg,Cat,0,180,270
PetImages/Cat/9805.jpg,Cat,0,435,480
PetImages/Cat/9806.jpg,Cat,0,448,336
PetImages/Cat/9807.jpg,Cat,0,368,336
PetImages/Cat/9808.jpg,Cat,0,500,334
PetImages/Cat/9809.jpg,Cat,0,500,375
PetImages/Cat/9810.jpg,Cat,0,500,343
PetImages/Cat/9811.jpg,Cat,0,313,440
PetImages/Cat/9812.jpg,Cat,0,500,375
PetImages/Cat/9813.jpg,Cat,0,500,375
PetImages/Cat/9814.jpg,Cat,0,500,381
PetImages/Cat/9815.jpg,Cat,0,358,400
PetImages/Cat/9816.jpg,Cat,0,446,334
PetImages/Cat/9817.jpg,Cat,0,500,375
PetImages/Cat/9819.jpg,Cat,0,500,183
PetImages/Cat/9822.jpg,Cat,0,290,400
PetImages/Cat/9823.jpg,Cat,0,500,375
PetImages/Cat/9824.jpg,Cat,0,465,400
PetImages/Cat/9825.jpg,Cat,0,500,350
PetImages/Cat/9827.jpg,Cat,0,480,360
PetImages/Cat/983.jpg,Cat,0,309,500
PetImages/Cat/9833.jpg,Cat,0,500,375
PetImages/Cat/9834.jpg,Cat,0,149,192
PetImages/Cat/9835.jpg,Cat,0,447,500
PetImages/Cat/9837.jpg,Cat,0,121,124
PetImages/Cat/9838.jpg,Cat,0,462,479
PetImages/Cat/9839.jpg,Cat,0,500,474
PetImages/Cat/984.jpg,Cat,0,500,334
PetImages/Cat/9840.jpg,Cat,0,500,375
PetImages/Cat/9841.jpg,Cat,0,500,375
PetImages/Cat/9843.jpg,Cat,0,452,432
PetImages/Cat/9844.jpg,Cat,0,400,299
PetImages/Cat/9845.jpg,Cat,0,500,375
PetImages/Cat/9846.jpg,Cat,0,276,226
PetImages/Cat/9848.jpg,Cat,0,126,188
PetImages/Cat/9850.jpg,Cat,0,500,338
PetImages/Cat/9853.jpg,Cat,0,373,356
PetImages/Cat/9854.jpg,Cat,0,500,354
PetImages/Cat/9855.jpg,Cat,0,375,500
PetImages/Cat/9857.jpg,Cat,0,500,375
PetImages/Cat/9858.jpg,Cat,0,500,388
PetImages/Cat/986.jpg,Cat,0,500,375
PetImages/Cat/9860.jpg,Cat,0,291,378
PetImages/Cat/9861.jpg,Cat,0,386,360
PetImages/Cat/9862.jpg,Cat,0,375,500
PetImages/Cat/9863.jpg,Cat,0,500,375
PetImages/Cat/9864.jpg,Cat,0,200,170
PetImages/Cat/9865.jpg,Cat,0,272,270
PetImages/Cat/9869.jpg,Cat,0,450,299
PetImages/Cat/987.jpg,Cat,0,500,375
PetImages/Cat/9871.jpg,Cat,0,450,338
PetImages/Cat/9873.jpg,Cat,0,418,500
PetImages/Cat/9874.jpg,Cat,0,274,320
PetImages/Cat/9875.jpg,Cat,0,500,232
PetImages/Cat/9876.jpg,Cat,0,500,375
PetImages/Cat/9878.jpg,Cat,0,375,500
PetImages/Cat/988.jpg,Cat,0,500,441
PetImages/Cat/9880.jpg,Cat,0,500,430
PetImages/Cat/9881.jpg,Cat,0,301,301
PetImages/Cat/9882.jpg,Cat,0,500,476
PetImages/Cat/9883.jpg,Cat,0,500,480
PetImages/Cat/9885.jpg,Cat,0,500,375
PetImages/Cat/9886.jpg,Cat,0,500,333
PetImages/Cat/9888.jpg,Cat,0,380,385
PetImages/Cat/9889.jpg,Cat,0,320,319
PetImages/Cat/989.jpg,Cat,0,500,307
PetImages/Cat/9890.jpg,Cat,0,460,256
PetImages/Cat/9891.jpg,Cat,0,350,479
PetImages/Cat/9892.jpg,Cat,0,500,375
PetImages/Cat/9893.jpg,Cat,0,216,216
PetImages/Cat/9894.jpg,Cat,0,500,331
PetImages/Cat/9895.jpg,Cat,0,410,500
PetImages/Cat/9896.jpg,Cat,0,446,500
PetImages/Cat/9897.jpg,Cat,0,340,334
PetImages/Cat/9898.jpg,Cat,0,500,375
PetImages/Cat/9899.jpg,Cat,0,500,375
PetImages/Cat/99.jpg,Cat,0,226,175
PetImages/Cat/990.jpg,Cat,0,500,375
PetImages/Cat/9900.jpg,Cat,0,305,500
PetImages/Cat/9902.jpg,Cat,0,447,402
PetImages/Cat/9904.jpg,Cat,0,500,375
PetImages/Cat/9907.jpg,Cat,0,500,419
PetImages/Cat/9908.jpg,Cat,0,352,500
PetImages/Cat/9909.jpg,Cat,0,193,277
PetImages/Cat/991.jpg,Cat,0,500,375
PetImages/Cat/9910.jpg,Cat,0,500,374
PetImages/Cat/9911.jpg,Cat,0,290,235
PetImages/Cat/9914.jpg,Cat,0,258,500
PetImages/Cat/9915.jpg,Cat,0,500,308
PetImages/Cat/9916.jpg,Cat,0,200,352
PetImages/Cat/9918.jpg,Cat,0,500,375
PetImages/Cat/9919.jpg,Cat,0,500,420
PetImages/Cat/992.jpg,Cat,0,448,500
PetImages/Cat/9922.jpg,Cat,0,500,375
PetImages/Cat/9923.jpg,Cat,0,308,500
PetImages/Cat/9924.jpg,Cat,0,500,375
PetImages/Cat/9925.jpg,Cat,0,250,187
PetImages/Cat/9927.jpg,Cat,0,139,188
PetImages/Cat/9929.jpg,Cat,0,380,343
PetImages/Cat/9930.jpg,Cat,0,206,360
PetImages/Cat/9932.jpg,Cat,0,427,322
PetImages/Cat/9933.jpg,Cat,0,448,336
PetImages/Cat/9934.jpg,Cat,0,496,437
PetImages/Cat/9936.jpg,Cat,0,113,150
PetImages/Cat/9937.jpg,Cat,0,500,382
PetImages/Cat/994.jpg,Cat,0,500,371
PetImages/Cat/9940.jpg,Cat,0,500,375
PetImages/Cat/9941.jpg,Cat,0,500,375
PetImages/Cat/9943.jpg,Cat,0,480,480
PetImages/Cat/9944.jpg,Cat,0,348,373
PetImages/Cat/9945.jpg,Cat,0,200,200
PetImages/Cat/9946.jpg,Cat,0,336,376
PetImages/Cat/9947.jpg,Cat,0,320,240
PetImages/Cat/9949.jpg,Cat,0,500,375
PetImages/Cat/995.jpg,Cat,0,267,186
PetImages/Cat/9950.jpg,Cat,0,198,198
PetImages/Cat/9953.jpg,Cat,0,381,500
PetImages/Cat/9957.jpg,Cat,0,500,341
PetImages/Cat/9959.jpg,Cat,0,500,399
PetImages/Cat/996.jpg,Cat,0,444,300
PetImages/Cat/9960.jpg,Cat,0,320,240
PetImages/Cat/9961.jpg,Cat,0,300,278
PetImages/Cat/9962.jpg,Cat,0,500,375
PetImages/Cat/9963.jpg,Cat,0,396,288
PetImages/Cat/9964.jpg,Cat,0,450,500
PetImages/Cat/9967.jpg,Cat,0,100,100
PetImages/Cat/9969.jpg,Cat,0,484,338
PetImages/Cat/997.jpg,Cat,0,500,321
PetImages/Cat/9970.jpg,Cat,0,500,375
PetImages/Cat/9971.jpg,Cat,0,500,375
PetImages/Cat/9972.jpg,Cat,0,432,298
PetImages/Cat/9973.jpg,Cat,0,230,325
PetImages/Cat/9976.jpg,Cat,0,300,204
PetImages/Cat/9978.jpg,Cat,0,156,147
PetImages/Cat/998.jpg,Cat,0,375,500
PetImages/Cat/9980.jpg,Cat,0,500,500
PetImages/Cat/9981.jpg,Cat,0,373,500
PetImages/Cat/9982.jpg,Cat,0,450,446
PetImages/Cat/9983.jpg,Cat,0,413,500
PetImages/Cat/9984.jpg,Cat,0,275,350
PetImages/Cat/9986.jpg,Cat,0,300,225
PetImages/Cat/9987.jpg,Cat,0,500,333
PetImages/Cat/9988.jpg,Cat,0,500,362
PetImages/Cat/9989.jpg,Cat,0,500,500
PetImages/Cat/9990.jpg,Cat,0,390,404
PetImages/Cat/9991.jpg,Cat,0,444,500
PetImages/Cat/9992.jpg,Cat,0,500,375
PetImages/Cat/9993.jpg,Cat,0,393,500
PetImages/Cat/9995.jpg,Cat,0,350,218
PetImages/Cat/9997.jpg,Cat,0,350,277
PetImages/Cat/9998.jpg,Cat,0,340,260
PetImages/Cat/9999.jpg,Cat,0,500,500
PetImages/Dog/1.jpg,Dog,1,327,500
PetImages/Dog/10.jpg,Dog,1,269,293
PetImages/Dog/100.jpg,Dog,1,500,398
PetImages/Dog/10001.jpg,Dog,1,110,151
PetImages/Dog/10002.jpg,Dog,1,500,375
PetImages/Dog/10004.jpg,Dog,1,500,375
PetImages/Dog/10007.jpg,Dog,1,429,500
PetImages/Dog/10009.jpg,Dog,1,500,333
PetImages/Dog/1001.jpg,Dog,1,348,500
PetImages/Dog/10011.jpg,Dog,1,450,415
PetImages/Dog/10012.jpg,Dog,1,500,403
PetImages/Dog/10013.jpg,Dog,1,500,375
PetImages/Dog/10014.jpg,Dog,1,400,490
PetImages/Dog/10015.jpg,Dog,1,479,356
PetImages/Dog/10016.jpg,Dog,1,348,500
PetImages/Dog/10017.jpg,Dog,1,500,375
PetImages/Dog/10018.jpg,Dog,1,500,375
PetImages/Dog/10019.jpg,Dog,1,500,375
PetImages/Dog/10020.jpg,Dog,1,335,256
PetImages/Dog/10021.jpg,Dog,1,500,473
PetImages/Dog/10022.jpg,Dog,1,500,375
PetImages/Dog/10023.jpg,Dog,1,432,363
PetImages/Dog/10024.jpg,Dog,1,400,300
PetImages/Dog/10025.jpg,Dog,1,500,375
PetImages/Dog/10026.jpg,Dog,1,500,282
PetImages/Dog/10027.jpg,Dog,1,500,375
PetImages/Dog/10028.jpg,Dog,1,500,375
PetImages/Dog/10029.jpg,Dog,1,350,326
PetImages/Dog/1003.jpg,Dog,1,221,166
PetImages/Dog/10030.jpg,Dog,1,250,250
PetImages/Dog/10031.jpg,Dog,1,500,375
PetImages/Dog/10032.jpg,Dog,1,500,375
PetImages/Dog/10033.jpg,Dog,1,490,397
PetImages/Dog/10034.jpg,Dog,1,500,285
PetImages/Dog/10036.jpg,Dog,1,500,375
PetImages/Dog/10037.jpg,Dog,1,395,500
PetImages/Dog/10038.jpg,Dog,1,500,476
PetImages/Dog/10039.jpg,Dog,1,500,375
PetImages/Dog/1004.jpg,Dog,1,236,333
PetImages/Dog/10040.jpg,Dog,1,319,500
PetImages/Dog/10042.jpg,Dog,1,500,456
PetImages/Dog/10044.jpg,Dog,1,500,329
PetImages/Dog/10046.jpg,Dog,1,500,333
PetImages/Dog/10047.jpg,Dog,1,182,182
PetImages/Dog/10048.jpg,Dog,1,436,500
PetImages/Dog/10049.jpg,Dog,1,407,500
PetImages/Dog/1005.jpg,Dog,1,500,356
PetImages/Dog/10051.jpg,Dog,1,500,374
PetImages/Dog/10052.jpg,Dog,1,363,500
PetImages/Dog/10053.jpg,Dog,1,500,332
PetImages/Dog/10054.jpg,Dog,1,500,375
PetImages/Dog/10055.jpg,Dog,1,500,375
PetImages/Dog/10056.jpg,Dog,1,264,500
PetImages/Dog/10057.jpg,Dog,1,500,375
PetImages/Dog/10059.jpg,Dog,1,341,500
PetImages/Dog/1006.jpg,Dog,1,500,500
PetImages/Dog/10060.jpg,Dog,1,500,375
PetImages/Dog/10061.jpg,Dog,1,500,375
PetImages/Dog/10062.jpg,Dog,1,462,500
PetImages/Dog/10063.jpg,Dog,1,500,375
PetImages/Dog/10064.jpg,Dog,1,432,342
PetImages/Dog/10066.jpg,Dog,1,500,375
PetImages/Dog/10067.jpg,Dog,1,500,488
PetImages/Dog/10068.jpg,Dog,1,200,300
PetImages/Dog/10072.jpg,Dog,1,500,375
PetImages/Dog/10074.jpg,Dog,1,500,375
PetImages/Dog/10075.jpg,Dog,1,375,500
PetImages/Dog/10076.jpg,Dog,1,500,375
PetImages/Dog/10077.jpg,Dog,1,500,375
PetImages/Dog/10078.jpg,Dog,1,456,500
PetImages/Dog/10080.jpg,Dog,1,396,500
PetImages/Dog/10081.jpg,Dog,1,250,311
PetImages/Dog/10082.jpg,Dog,1,382,500
PetImages/Dog/10083.jpg,Dog,1,319,182
PetImages/Dog/10085.jpg,Dog,1,500,375
PetImages/Dog/10086.jpg,Dog,1,300,300
PetImages/Dog/10087.jpg,Dog,1,423,480
PetImages/Dog/10088.jpg,Dog,1,500,375
PetImages/Dog/10089.jpg,Dog,1,500,375
PetImages/Dog/1009.jpg,Dog,1,500,480
PetImages/Dog/10093.jpg,Dog,1,500,390
PetImages/Dog/10094.jpg,Dog,1,320,240
PetImages/Dog/10096.jpg,Dog,1,400,327
PetImages/Dog/10097.jpg,Dog,1,448,336
PetImages/Dog/101.jpg,Dog,1,441,500
PetImages/Dog/1010.jpg,Dog,1,360,270
PetImages/Dog/10100.jpg,Dog,1,439,450
PetImages/Dog/10101.jpg,Dog,1,150,200
PetImages/Dog/10103.jpg,Dog,1,500,375
PetImages/Dog/10104.jpg,Dog,1,380,285
PetImages/Dog/10105.jpg,Dog,1,500,375
PetImages/Dog/10106.jpg,Dog,1,350,374
PetImages/Dog/10107.jpg,Dog,1,448,336
PetImages/Dog/10109.jpg,Dog,1,457,500
PetImages/Dog/1011.jpg,Dog,1,300,200
PetImages/Dog/10111.jpg,Dog,1,480,360
PetImages/Dog/10114.jpg,Dog,1,500,425
PetImages/Dog/10115.jpg,Dog,1,180,163
PetImages/Dog/10116.jpg,Dog,1,344,500
PetImages/Dog/10117.jpg,Dog,1,500,333
PetImages/Dog/10118.jpg,Dog,1,500,375
PetImages/Dog/1012.jpg,Dog,1,160,107
PetImages/Dog/10120.jpg,Dog,1,324,433
PetImages/Dog/10122.jpg,Dog,1,288,294
PetImages/Dog/10123.jpg,Dog,1,373,341
PetImages/Dog/10124.jpg,Dog,1,500,375
PetImages/Dog/10125.jpg,Dog,1,335,265
PetImages/Dog/10126.jpg,Dog,1,258,295
PetImages/Dog/10128.jpg,Dog,1,393,264
PetImages/Dog/10129.jpg,Dog,1,500,375
PetImages/Dog/1013.jpg,Dog,1,217,300
PetImages/Dog/10131.jpg,Dog,1,489,500
PetImages/Dog/10133.jpg,Dog,1,320,320
PetImages/Dog/10134.jpg,Dog,1,500,453
PetImages/Dog/10135.jpg,Dog,1,500,371
PetImages/Dog/10136.jpg,Dog,1,300,270
PetImages/Dog/10137.jpg,Dog,1,375,500
PetImages/Dog/10139.jpg,Dog,1,360,361
PetImages/Dog/10141.jpg,Dog,1,435,291
PetImages/Dog/10143.jpg,Dog,1,251,320
PetImages/Dog/10145.jpg,Dog,1,313,431
PetImages/Dog/10147.jpg,Dog,1,300,226
PetImages/Dog/10148.jpg,Dog,1,288,384
PetImages/Dog/10149.jpg,Dog,1,500,398
PetImages/Dog/10151.jpg,Dog,1,500,353
PetImages/Dog/10152.jpg,Dog,1,400,500
PetImages/Dog/10154.jpg,Dog,1,400,370
PetImages/Dog/10156.jpg,Dog,1,294,398
PetImages/Dog/10158.jpg,Dog,1,480,339
PetImages/Dog/1016.jpg,Dog,1,275,336
PetImages/Dog/10160.jpg,Dog,1,500,375
PetImages/Dog/10161.jpg,Dog,1,248,256
PetImages/Dog/10162.jpg,Dog,1,276,225
PetImages/Dog/10163.jpg,Dog,1,319,480
PetImages/Dog/10164.jpg,Dog,1,404,500
PetImages/Dog/10165.jpg,Dog,1,375,500
PetImages/Dog/10166.jpg,Dog,1,500,375
PetImages/Dog/10168.jpg,Dog,1,118,150
PetImages/Dog/1017.jpg,Dog,1,194,299
PetImages/Dog/10170.jpg,Dog,1,500,445
PetImages/Dog/10171.jpg,Dog,1,200,200
PetImages/Dog/10172.jpg,Dog,1,422,499
PetImages/Dog/10173.jpg,Dog,1,480,360
PetImages/Dog/10175.jpg,Dog,1,500,375
PetImages/Dog/10178.jpg,Dog,1,409,500
PetImages/Dog/1018.jpg,Dog,1,500,375
PetImages/Dog/10180.jpg,Dog,1,300,225
PetImages/Dog/10182.jpg,Dog,1,500,375
PetImages/Dog/10183.jpg,Dog,1,160,120
PetImages/Dog/10185.jpg,Dog,1,333,500
PetImages/Dog/10186.jpg,Dog,1,120,160
PetImages/Dog/10189.jpg,Dog,1,432,253
PetImages/Dog/1019.jpg,Dog,1,350,318
PetImages/Dog/10191.jpg,Dog,1,500,400
PetImages/Dog/10192.jpg,Dog,1,398,400
PetImages/Dog/10193.jpg,Dog,1,500,359
PetImages/Dog/10194.jpg,Dog,1,300,300
PetImages/Dog/10195.jpg,Dog,1,285,480
PetImages/Dog/10196.jpg,Dog,1,500,463
PetImages/Dog/10199.jpg,Dog,1,117,254
PetImages/Dog/102.jpg,Dog,1,500,373
PetImages/Dog/1020.jpg,Dog,1,426,402
PetImages/Dog/10200.jpg,Dog,1,480,480
PetImages/Dog/10201.jpg,Dog,1,500,375
PetImages/Dog/10202.jpg,Dog,1,500,472
PetImages/Dog/10203.jpg,Dog,1,284,412
PetImages/Dog/10209.jpg,Dog,1,450,311
PetImages/Dog/1021.jpg,Dog,1,390,500
PetImages/Dog/10210.jpg,Dog,1,500,375
PetImages/Dog/10211.jpg,Dog,1,500,498
PetImages/Dog/10212.jpg,Dog,1,420,500
PetImages/Dog/10214.jpg,Dog,1,303,500
PetImages/Dog/10215.jpg,Dog,1,314,450
PetImages/Dog/10217.jpg,Dog,1,455,500
PetImages/Dog/10218.jpg,Dog,1,339,310
PetImages/Dog/10219.jpg,Dog,1,259,270
PetImages/Dog/10220.jpg,Dog,1,500,375
PetImages/Dog/10221.jpg,Dog,1,500,375
PetImages/Dog/10222.jpg,Dog,1,429,336
PetImages/Dog/10223.jpg,Dog,1,427,451
PetImages/Dog/10224.jpg,Dog,1,500,375
PetImages/Dog/10227.jpg,Dog,1,320,239
PetImages/Dog/10228.jpg,Dog,1,500,375
PetImages/Dog/10229.jpg,Dog,1,500,375
PetImages/Dog/10230.jpg,Dog,1,500,375
PetImages/Dog/10231.jpg,Dog,1,300,256
PetImages/Dog/10232.jpg,Dog,1,395,277
PetImages/Dog/10233.jpg,Dog,1,263,300
PetImages/Dog/10237.jpg,Dog,1,284,192
PetImages/Dog/10238.jpg,Dog,1,375,500
PetImages/Dog/1024.jpg,Dog,1,432,369
PetImages/Dog/10241.jpg,Dog,1,500,375
PetImages/Dog/10243.jpg,Dog,1,400,269
PetImages/Dog/10244.jpg,Dog,1,409,500
PetImages/Dog/10245.jpg,Dog,1,500,375
PetImages/Dog/10246.jpg,Dog,1,238,167
PetImages/Dog/10247.jpg,Dog,1,500,375
PetImages/Dog/10248.jpg,Dog,1,291,364
PetImages/Dog/10249.jpg,Dog,1,238,500
PetImages/Dog/1025.jpg,Dog,1,425,500
PetImages/Dog/10251.jpg,Dog,1,376,207
PetImages/Dog/10253.jpg,Dog,1,500,432
PetImages/Dog/10254.jpg,Dog,1,218,236
PetImages/Dog/10256.jpg,Dog,1,476,350
PetImages/Dog/10257.jpg,Dog,1,500,375
PetImages/Dog/10258.jpg,Dog,1,500,375
PetImages/Dog/10259.jpg,Dog,1,500,375
PetImages/Dog/10260.jpg,Dog,1,480,480
PetImages/Dog/10261.jpg,Dog,1,500,375
PetImages/Dog/10262.jpg,Dog,1,500,412
PetImages/Dog/10264.jpg,Dog,1,500,376
PetImages/Dog/10265.jpg,Dog,1,255,286
PetImages/Dog/10266.jpg,Dog,1,350,233
PetImages/Dog/10267.jpg,Dog,1,358,270
PetImages/Dog/10268.jpg,Dog,1,307,409
PetImages/Dog/10269.jpg,Dog,1,500,375
PetImages/Dog/1027.jpg,Dog,1,333,500
PetImages/Dog/10270.jpg,Dog,1,367,500
PetImages/Dog/10271.jpg,Dog,1,330,330
PetImages/Dog/10273.jpg,Dog,1,456,500
PetImages/Dog/10276.jpg,Dog,1,375,500
PetImages/Dog/10277.jpg,Dog,1,350,262
PetImages/Dog/10278.jpg,Dog,1,350,262
PetImages/Dog/10279.jpg,Dog,1,480,459
PetImages/Dog/1028.jpg,Dog,1,100,100
PetImages/Dog/10280.jpg,Dog,1,240,233
PetImages/Dog/10281.jpg,Dog,1,314,374
PetImages/Dog/10282.jpg,Dog,1,317,318
PetImages/Dog/10283.jpg,Dog,1,500,482
PetImages/Dog/10285.jpg,Dog,1,500,435
PetImages/Dog/10286.jpg,Dog,1,248,294
PetImages/Dog/10287.jpg,Dog,1,479,474
PetImages/Dog/10288.jpg,Dog,1,227,285
PetImages/Dog/10289.jpg,Dog,1,420,281
PetImages/Dog/1029.jpg,Dog,1,249,218
PetImages/Dog/10291.jpg,Dog,1,500,375
PetImages/Dog/10295.jpg,Dog,1,352,288
PetImages/Dog/10296.jpg,Dog,1,375,500
PetImages/Dog/10297.jpg,Dog,1,500,375
PetImages/Dog/10298.jpg,Dog,1,500,313
PetImages/Dog/10299.jpg,Dog,1,440,454
PetImages/Dog/103.jpg,Dog,1,500,433
PetImages/Dog/1030.jpg,Dog,1,500,375
PetImages/Dog/10300.jpg,Dog,1,432,401
PetImages/Dog/10302.jpg,Dog,1,486,387
PetImages/Dog/10304.jpg,Dog,1,500,334
PetImages/Dog/10305.jpg,Dog,1,363,436
PetImages/Dog/10306.jpg,Dog,1,134,223
PetImages/Dog/10308.jpg,Dog,1,375,500
PetImages/Dog/10309.jpg,Dog,1,500,304
PetImages/Dog/10310.jpg,Dog,1,225,166
PetImages/Dog/10311.jpg,Dog,1,500,388
PetImages/Dog/10313.jpg,Dog,1,500,238
PetImages/Dog/10314.jpg,Dog,1,500,375
PetImages/Dog/10316.jpg,Dog,1,500,423
PetImages/Dog/10318.jpg,Dog,1,500,333
PetImages/Dog/10320.jpg,Dog,1,500,476
PetImages/Dog/10321.jpg,Dog,1,400,320
PetImages/Dog/10322.jpg,Dog,1,500,375
PetImages/Dog/10323.jpg,Dog,1,375,500
PetImages/Dog/10324.jpg,Dog,1,180,230
PetImages/Dog/10325.jpg,Dog,1,500,375
PetImages/Dog/10327.jpg,Dog,1,410,307
PetImages/Dog/10328.jpg,Dog,1,500,375
PetImages/Dog/1033.jpg,Dog,1,305,375
PetImages/Dog/10330.jpg,Dog,1,381,390
PetImages/Dog/10332.jpg,Dog,1,471,500
PetImages/Dog/10335.jpg,Dog,1,350,500
PetImages/Dog/10337.jpg,Dog,1,500,431
PetImages/Dog/10339.jpg,Dog,1,500,375
PetImages/Dog/1034.jpg,Dog,1,364,490
PetImages/Dog/10340.jpg,Dog,1,301,343
PetImages/Dog/10342.jpg,Dog,1,480,360
PetImages/Dog/10344.jpg,Dog,1,500,375
PetImages/Dog/10347.jpg,Dog,1,500,375
PetImages/Dog/10348.jpg,Dog,1,500,425
PetImages/Dog/10349.jpg,Dog,1,500,377
PetImages/Dog/10350.jpg,Dog,1,500,375
PetImages/Dog/10351.jpg,Dog,1,253,299
PetImages/Dog/10352.jpg,Dog,1,233,252
PetImages/Dog/10353.jpg,Dog,1,385,397
PetImages/Dog/10355.jpg,Dog,1,500,400
PetImages/Dog/10356.jpg,Dog,1,500,375
PetImages/Dog/10357.jpg,Dog,1,200,300
PetImages/Dog/10358.jpg,Dog,1,500,485
PetImages/Dog/10359.jpg,Dog,1,500,385
PetImages/Dog/10361.jpg,Dog,1,500,364
PetImages/Dog/10362.jpg,Dog,1,288,360
PetImages/Dog/10364.jpg,Dog,1,500,316
PetImages/Dog/10365.jpg,Dog,1,448,336
PetImages/Dog/10366.jpg,Dog,1,500,338
PetImages/Dog/10367.jpg,Dog,1,345,275
PetImages/Dog/10368.jpg,Dog,1,500,471
PetImages/Dog/10369.jpg,Dog,1,350,430
PetImages/Dog/10370.jpg,Dog,1,291,500
PetImages/Dog/10372.jpg,Dog,1,250,300
PetImages/Dog/10374.jpg,Dog,1,500,374
PetImages/Dog/10376.jpg,Dog,1,260,172
PetImages/Dog/10379.jpg,Dog,1,360,480
PetImages/Dog/10380.jpg,Dog,1,350,490
PetImages/Dog/10381.jpg,Dog,1,370,396
PetImages/Dog/10382.jpg,Dog,1,432,349
PetImages/Dog/10387.jpg,Dog,1,408,352
PetImages/Dog/10388.jpg,Dog,1,500,375
PetImages/Dog/10389.jpg,Dog,1,500,375
PetImages/Dog/1039.jpg,Dog,1,479,500
PetImages/Dog/10390.jpg,Dog,1,400,301
PetImages/Dog/10391.jpg,Dog,1,500,375
PetImages/Dog/10392.jpg,Dog,1,500,333
PetImages/Dog/10394.jpg,Dog,1,252,418
PetImages/Dog/10395.jpg,Dog,1,440,432
PetImages/Dog/10396.jpg,Dog,1,350,262
PetImages/Dog/10397.jpg,Dog,1,320,240
PetImages/Dog/10398.jpg,Dog,1,227,209
PetImages/Dog/10399.jpg,Dog,1,500,375
PetImages/Dog/10400.jpg,Dog,1,300,171
PetImages/Dog/10401.jpg,Dog,1,178,160
PetImages/Dog/10402.jpg,Dog,1,451,419
PetImages/Dog/10403.jpg,Dog,1,250,250
PetImages/Dog/10405.jpg,Dog,1,341,213
PetImages/Dog/10407.jpg,Dog,1,350,293
PetImages/Dog/10408.jpg,Dog,1,320,240
PetImages/Dog/1041.jpg,Dog,1,500,466
PetImages/Dog/10410.jpg,Dog,1,500,375
PetImages/Dog/10411.jpg,Dog,1,448,305
PetImages/Dog/10412.jpg,Dog,1,500,375
PetImages/Dog/10413.jpg,Dog,1,316,500
PetImages/Dog/10414.jpg,Dog,1,500,375
PetImages/Dog/10415.jpg,Dog,1,350,262
PetImages/Dog/10419.jpg,Dog,1,241,225
PetImages/Dog/1042.jpg,Dog,1,500,375
PetImages/Dog/10420.jpg,Dog,1,221,270
PetImages/Dog/10422.jpg,Dog,1,358,430
PetImages/Dog/10425.jpg,Dog,1,500,287
PetImages/Dog/10426.jpg,Dog,1,350,350
PetImages/Dog/10427.jpg,Dog,1,500,375
PetImages/Dog/10429.jpg,Dog,1,500,437
PetImages/Dog/1043.jpg,Dog,1,200,117
PetImages/Dog/10433.jpg,Dog,1,500,375
PetImages/Dog/10434.jpg,Dog,1,350,334
PetImages/Dog/10435.jpg,Dog,1,500,375
PetImages/Dog/10436.jpg,Dog,1,288,378
PetImages/Dog/10437.jpg,Dog,1,500,465
PetImages/Dog/1044.jpg,Dog,1,500,375
PetImages/Dog/10440.jpg,Dog,1,418,358
PetImages/Dog/10441.jpg,Dog,1,209,214
PetImages/Dog/10442.jpg,Dog,1,500,380
PetImages/Dog/10443.jpg,Dog,1,114,147
PetImages/Dog/10444.jpg,Dog,1,500,482
PetImages/Dog/10446.jpg,Dog,1,184,150
PetImages/Dog/10447.jpg,Dog,1,300,400
PetImages/Dog/10448.jpg,Dog,1,500,478
PetImages/Dog/10449.jpg,Dog,1,500,500
PetImages/Dog/1045.jpg,Dog,1,380,500
PetImages/Dog/10450.jpg,Dog,1,500,500
PetImages/Dog/10451.jpg,Dog,1,500,375
PetImages/Dog/10453.jpg,Dog,1,320,240
PetImages/Dog/10454.jpg,Dog,1,448,336
PetImages/Dog/10455.jpg,Dog,1,272,500
PetImages/Dog/10457.jpg,Dog,1,493,336
PetImages/Dog/1046.jpg,Dog,1,500,375
PetImages/Dog/10461.jpg,Dog,1,350,262
PetImages/Dog/10462.jpg,Dog,1,500,375
PetImages/Dog/10463.jpg,Dog,1,500,332
PetImages/Dog/10464.jpg,Dog,1,500,375
PetImages/Dog/10465.jpg,Dog,1,500,432
PetImages/Dog/10466.jpg,Dog,1,303,500
PetImages/Dog/10467.jpg,Dog,1,391,419
PetImages/Dog/10468.jpg,Dog,1,500,375
PetImages/Dog/10469.jpg,Dog,1,193,270
PetImages/Dog/10471.jpg,Dog,1,333,500
PetImages/Dog/10474.jpg,Dog,1,500,375
PetImages/Dog/10475.jpg,Dog,1,477,401
PetImages/Dog/10476.jpg,Dog,1,500,332
PetImages/Dog/10477.jpg,Dog,1,467,500
PetImages/Dog/1048.jpg,Dog,1,500,375
PetImages/Dog/10480.jpg,Dog,1,320,240
PetImages/Dog/10482.jpg,Dog,1,350,359
PetImages/Dog/10483.jpg,Dog,1,500,375
PetImages/Dog/10484.jpg,Dog,1,500,375
PetImages/Dog/10485.jpg,Dog,1,500,375
PetImages/Dog/10486.jpg,Dog,1,500,350
PetImages/Dog/10488.jpg,Dog,1,350,268
PetImages/Dog/10489.jpg,Dog,1,500,375
PetImages/Dog/1049.jpg,Dog,1,271,400
PetImages/Dog/10490.jpg,Dog,1,468,386
PetImages/Dog/10492.jpg,Dog,1,457,453
PetImages/Dog/10493.jpg,Dog,1,500,375
PetImages/Dog/10494.jpg,Dog,1,350,262
PetImages/Dog/10497.jpg,Dog,1,500,493
PetImages/Dog/10498.jpg,Dog,1,432,369
PetImages/Dog/10499.jpg,Dog,1,500,333
PetImages/Dog/1050.jpg,Dog,1,394,403
PetImages/Dog/10501.jpg,Dog,1,350,232
PetImages/Dog/10502.jpg,Dog,1,412,500
PetImages/Dog/10503.jpg,Dog,1,500,375
PetImages/Dog/10504.jpg,Dog,1,320,240
PetImages/Dog/10505.jpg,Dog,1,213,308
PetImages/Dog/10506.jpg,Dog,1,410,347
PetImages/Dog/10507.jpg,Dog,1,500,306
PetImages/Dog/10508.jpg,Dog,1,350,387
PetImages/Dog/10509.jpg,Dog,1,176,182
PetImages/Dog/10510.jpg,Dog,1,500,341
PetImages/Dog/10511.jpg,Dog,1,500,333
PetImages/Dog/10512.jpg,Dog,1,480,360
PetImages/Dog/10513.jpg,Dog,1,500,375
PetImages/Dog/10514.jpg,Dog,1,500,362
PetImages/Dog/10515.jpg,Dog,1,500,345
PetImages/Dog/10516.jpg,Dog,1,360,453
PetImages/Dog/10517.jpg,Dog,1,500,375
PetImages/Dog/10519.jpg,Dog,1,500,375
PetImages/Dog/1052.jpg,Dog,1,500,489
PetImages/Dog/10520.jpg,Dog,1,238,178
PetImages/Dog/10524.jpg,Dog,1,500,375
PetImages/Dog/10526.jpg,Dog,1,337,500
PetImages/Dog/10527.jpg,Dog,1,400,437
PetImages/Dog/10528.jpg,Dog,1,500,500
PetImages/Dog/1053.jpg,Dog,1,200,156
PetImages/Dog/10530.jpg,Dog,1,497,500
PetImages/Dog/10531.jpg,Dog,1,235,400
PetImages/Dog/10532.jpg,Dog,1,250,251
PetImages/Dog/10533.jpg,Dog,1,500,375
PetImages/Dog/10537.jpg,Dog,1,396,382
PetImages/Dog/10539.jpg,Dog,1,320,240
PetImages/Dog/1054.jpg,Dog,1,300,288
PetImages/Dog/10540.jpg,Dog,1,280,186
PetImages/Dog/10541.jpg,Dog,1,303,349
PetImages/Dog/10543.jpg,Dog,1,500,331
PetImages/Dog/10544.jpg,Dog,1,336,288
PetImages/Dog/10545.jpg,Dog,1,270,278
PetImages/Dog/10546.jpg,Dog,1,500,416
PetImages/Dog/10547.jpg,Dog,1,481,500
PetImages/Dog/10548.jpg,Dog,1,500,362
PetImages/Dog/1055.jpg,Dog,1,500,375
PetImages/Dog/10550.jpg,Dog,1,309,345
PetImages/Dog/10551.jpg,Dog,1,500,375
PetImages/Dog/10552.jpg,Dog,1,500,333
PetImages/Dog/10553.jpg,Dog,1,500,375
PetImages/Dog/10554.jpg,Dog,1,319,500
PetImages/Dog/10555.jpg,Dog,1,267,400
PetImages/Dog/10556.jpg,Dog,1,244,300
PetImages/Dog/10557.jpg,Dog,1,500,375
PetImages/Dog/10558.jpg,Dog,1,500,374
PetImages/Dog/10559.jpg,Dog,1,443,309
PetImages/Dog/10560.jpg,Dog,1,207,261
PetImages/Dog/10563.jpg,Dog,1,500,375
PetImages/Dog/10565.jpg,Dog,1,497,500
PetImages/Dog/10567.jpg,Dog,1,222,200
PetImages/Dog/10568.jpg,Dog,1,500,375
PetImages/Dog/1057.jpg,Dog,1,375,500
PetImages/Dog/10570.jpg,Dog,1,294,500
PetImages/Dog/10574.jpg,Dog,1,500,377
PetImages/Dog/10575.jpg,Dog,1,500,375
PetImages/Dog/10576.jpg,Dog,1,481,500
PetImages/Dog/10577.jpg,Dog,1,400,300
PetImages/Dog/10578.jpg,Dog,1,333,500
PetImages/Dog/1058.jpg,Dog,1,500,375
PetImages/Dog/10580.jpg,Dog,1,500,375
PetImages/Dog/10581.jpg,Dog,1,448,336
PetImages/Dog/10582.jpg,Dog,1,200,155
PetImages/Dog/10586.jpg,Dog,1,500,375
PetImages/Dog/10587.jpg,Dog,1,240,320
PetImages/Dog/10588.jpg,Dog,1,500,375
PetImages/Dog/1059.jpg,Dog,1,135,180
PetImages/Dog/10591.jpg,Dog,1,500,375
PetImages/Dog/10592.jpg,Dog,1,300,375
PetImages/Dog/10593.jpg,Dog,1,260,322
PetImages/Dog/10594.jpg,Dog,1,450,500
PetImages/Dog/10595.jpg,Dog,1,420,500
PetImages/Dog/10597.jpg,Dog,1,320,240
PetImages/Dog/10598.jpg,Dog,1,158,281
PetImages/Dog/10599.jpg,Dog,1,400,300
PetImages/Dog/106.jpg,Dog,1,500,375
PetImages/Dog/10601.jpg,Dog,1,484,493
PetImages/Dog/10603.jpg,Dog,1,300,366
PetImages/Dog/10604.jpg,Dog,1,321,322
PetImages/Dog/10605.jpg,Dog,1,452,500
PetImages/Dog/10606.jpg,Dog,1,360,240
PetImages/Dog/10607.jpg,Dog,1,500,334
PetImages/Dog/10608.jpg,Dog,1,500,364
PetImages/Dog/10609.jpg,Dog,1,487,500
PetImages/Dog/1061.jpg,Dog,1,500,375
PetImages/Dog/10610.jpg,Dog,1,360,480
PetImages/Dog/10612.jpg,Dog,1,500,375
PetImages/Dog/10613.jpg,Dog,1,500,375
PetImages/Dog/10614.jpg,Dog,1,500,463
PetImages/Dog/10616.jpg,Dog,1,360,302
PetImages/Dog/10617.jpg,Dog,1,500,500
PetImages/Dog/10618.jpg,Dog,1,500,436
PetImages/Dog/10619.jpg,Dog,1,392,500
PetImages/Dog/10620.jpg,Dog,1,500,375
PetImages/Dog/10621.jpg,Dog,1,349,336
PetImages/Dog/10622.jpg,Dog,1,500,375
PetImages/Dog/10623.jpg,Dog,1,500,375
PetImages/Dog/10624.jpg,Dog,1,300,225
PetImages/Dog/10626.jpg,Dog,1,500,375
PetImages/Dog/10627.jpg,Dog,1,500,423
PetImages/Dog/10628.jpg,Dog,1,500,375
PetImages/Dog/10629.jpg,Dog,1,298,500
PetImages/Dog/1063.jpg,Dog,1,350,290
PetImages/Dog/10630.jpg,Dog,1,500,490
PetImages/Dog/10632.jpg,Dog,1,500,407
PetImages/Dog/10633.jpg,Dog,1,409,499
PetImages/Dog/10634.jpg,Dog,1,480,360
PetImages/Dog/10635.jpg,Dog,1,375,500
PetImages/Dog/10636.jpg,Dog,1,338,337
PetImages/Dog/10637.jpg,Dog,1,75,100
PetImages/Dog/10638.jpg,Dog,1,320,240
PetImages/Dog/10639.jpg,Dog,1,250,188
PetImages/Dog/1064.jpg,Dog,1,500,344
PetImages/Dog/10640.jpg,Dog,1,321,500
PetImages/Dog/10642.jpg,Dog,1,500,375
PetImages/Dog/10643.jpg,Dog,1,191,189
PetImages/Dog/10645.jpg,Dog,1,316,500
PetImages/Dog/10646.jpg,Dog,1,500,375
PetImages/Dog/10647.jpg,Dog,1,500,375
PetImages/Dog/10648.jpg,Dog,1,300,335
PetImages/Dog/1065.jpg,Dog,1,446,334
PetImages/Dog/10650.jpg,Dog,1,500,375
PetImages/Dog/10652.jpg,Dog,1,132,154
PetImages/Dog/10655.jpg,Dog,1,350,262
PetImages/Dog/10657.jpg,Dog,1,500,376
PetImages/Dog/10658.jpg,Dog,1,500,393
PetImages/Dog/10659.jpg,Dog,1,399,313
PetImages/Dog/10660.jpg,Dog,1,500,375
PetImages/Dog/10661.jpg,Dog,1,400,385
PetImages/Dog/10662.jpg,Dog,1,333,500
PetImages/Dog/10665.jpg,Dog,1,374,377
PetImages/Dog/10667.jpg,Dog,1,500,492
PetImages/Dog/10668.jpg,Dog,1,375,500
PetImages/Dog/10669.jpg,Dog,1,500,375
PetImages/Dog/10670.jpg,Dog,1,500,375
PetImages/Dog/10673.jpg,Dog,1,437,324
PetImages/Dog/10674.jpg,Dog,1,500,375
PetImages/Dog/10676.jpg,Dog,1,500,375
PetImages/Dog/10677.jpg,Dog,1,500,400
PetImages/Dog/10678.jpg,Dog,1,400,300
PetImages/Dog/10679.jpg,Dog,1,326,246
PetImages/Dog/1068.jpg,Dog,1,250,346
PetImages/Dog/10680.jpg,Dog,1,500,375
PetImages/Dog/10681.jpg,Dog,1,353,500
PetImages/Dog/10683.jpg,Dog,1,500,375
PetImages/Dog/10684.jpg,Dog,1,500,375
PetImages/Dog/10685.jpg,Dog,1,336,500
PetImages/Dog/10686.jpg,Dog,1,500,376
PetImages/Dog/10688.jpg,Dog,1,400,397
PetImages/Dog/10689.jpg,Dog,1,342,500
PetImages/Dog/10690.jpg,Dog,1,500,375
PetImages/Dog/10692.jpg,Dog,1,320,240
PetImages/Dog/10693.jpg,Dog,1,498,282
PetImages/Dog/10694.jpg,Dog,1,500,333
PetImages/Dog/10695.jpg,Dog,1,233,285
PetImages/Dog/10696.jpg,Dog,1,500,357
PetImages/Dog/10697.jpg,Dog,1,350,264
PetImages/Dog/10698.jpg,Dog,1,500,375
PetImages/Dog/10699.jpg,Dog,1,442,370
PetImages/Dog/107.jpg,Dog,1,500,458
PetImages/Dog/1070.jpg,Dog,1,400,465
PetImages/Dog/10700.jpg,Dog,1,310,372
PetImages/Dog/10702.jpg,Dog,1,500,375
PetImages/Dog/10703.jpg,Dog,1,500,375
PetImages/Dog/10705.jpg,Dog,1,244,183
PetImages/Dog/10706.jpg,Dog,1,500,500
PetImages/Dog/10707.jpg,Dog,1,500,336
PetImages/Dog/10708.jpg,Dog,1,500,404
PetImages/Dog/1071.jpg,Dog,1,500,375
PetImages/Dog/10710.jpg,Dog,1,320,240
PetImages/Dog/10711.jpg,Dog,1,261,360
PetImages/Dog/10713.jpg,Dog,1,500,385
PetImages/Dog/10714.jpg,Dog,1,350,322
PetImages/Dog/10715.jpg,Dog,1,500,375
PetImages/Dog/10716.jpg,Dog,1,500,332
PetImages/Dog/10719.jpg,Dog,1,472,500
PetImages/Dog/1072.jpg,Dog,1,350,418
PetImages/Dog/10720.jpg,Dog,1,489,429
PetImages/Dog/10723.jpg,Dog,1,500,333
PetImages/Dog/10724.jpg,Dog,1,347,329
PetImages/Dog/10725.jpg,Dog,1,350,376
PetImages/Dog/10726.jpg,Dog,1,166,121
PetImages/Dog/10727.jpg,Dog,1,340,287
PetImages/Dog/1073.jpg,Dog,1,500,375
PetImages/Dog/10730.jpg,Dog,1,500,334
PetImages/Dog/10731.jpg,Dog,1,500,473
PetImages/Dog/10733.jpg,Dog,1,42,63
PetImages/Dog/10734.jpg,Dog,1,172,235
PetImages/Dog/10736.jpg,Dog,1,343,401
PetImages/Dog/10737.jpg,Dog,1,500,375
PetImages/Dog/10738.jpg,Dog,1,400,300
PetImages/Dog/10739.jpg,Dog,1,195,221
PetImages/Dog/1074.jpg,Dog,1,500,460
PetImages/Dog/10740.jpg,Dog,1,240,180
PetImages/Dog/10741.jpg,Dog,1,158,267
PetImages/Dog/10742.jpg,Dog,1,434,500
PetImages/Dog/10743.jpg,Dog,1,225,342
PetImages/Dog/10744.jpg,Dog,1,308,500
PetImages/Dog/10745.jpg,Dog,1,480,360
PetImages/Dog/10746.jpg,Dog,1,498,500
PetImages/Dog/10747.jpg,Dog,1,50,39
PetImages/Dog/10748.jpg,Dog,1,350,301
PetImages/Dog/10749.jpg,Dog,1,153,500
PetImages/Dog/10750.jpg,Dog,1,462,500
PetImages/Dog/10751.jpg,Dog,1,336,445
PetImages/Dog/10752.jpg,Dog,1,406,500
PetImages/Dog/10753.jpg,Dog,1,428,389
PetImages/Dog/10754.jpg,Dog,1,374,500
PetImages/Dog/10757.jpg,Dog,1,500,375
PetImages/Dog/10759.jpg,Dog,1,500,375
PetImages/Dog/10760.jpg,Dog,1,500,294
PetImages/Dog/10761.jpg,Dog,1,500,375
PetImages/Dog/10762.jpg,Dog,1,171,225
PetImages/Dog/10763.jpg,Dog,1,449,419
PetImages/Dog/10764.jpg,Dog,1,218,240
PetImages/Dog/10765.jpg,Dog,1,500,375
PetImages/Dog/10769.jpg,Dog,1,423,500
PetImages/Dog/1077.jpg,Dog,1,500,338
PetImages/Dog/10770.jpg,Dog,1,400,370
PetImages/Dog/10772.jpg,Dog,1,431,337
PetImages/Dog/10773.jpg,Dog,1,186,200
PetImages/Dog/10774.jpg,Dog,1,500,375
PetImages/Dog/10775.jpg,Dog,1,332,500
PetImages/Dog/10776.jpg,Dog,1,270,244
PetImages/Dog/10777.jpg,Dog,1,379,500
PetImages/Dog/10778.jpg,Dog,1,500,375
PetImages/Dog/1078.jpg,Dog,1,374,455
PetImages/Dog/10782.jpg,Dog,1,480,320
PetImages/Dog/10784.jpg,Dog,1,500,469
PetImages/Dog/10785.jpg,Dog,1,427,500
PetImages/Dog/10786.jpg,Dog,1,500,345
PetImages/Dog/10788.jpg,Dog,1,500,375
PetImages/Dog/10789.jpg,Dog,1,252,215
PetImages/Dog/10791.jpg,Dog,1,500,234
PetImages/Dog/10792.jpg,Dog,1,368,500
PetImages/Dog/10794.jpg,Dog,1,226,435
PetImages/Dog/10796.jpg,Dog,1,300,285
PetImages/Dog/10797.jpg,Dog,1,178,160
PetImages/Dog/10798.jpg,Dog,1,200,150
PetImages/Dog/108.jpg,Dog,1,260,480
PetImages/Dog/1080.jpg,Dog,1,415,500
PetImages/Dog/10801.jpg,Dog,1,350,262
PetImages/Dog/10804.jpg,Dog,1,329,448
PetImages/Dog/10805.jpg,Dog,1,350,262
PetImages/Dog/10806.jpg,Dog,1,350,262
PetImages/Dog/10807.jpg,Dog,1,500,342
PetImages/Dog/10808.jpg,Dog,1,500,397
PetImages/Dog/10809.jpg,Dog,1,500,375
PetImages/Dog/1081.jpg,Dog,1,245,270
PetImages/Dog/10810.jpg,Dog,1,500,377
PetImages/Dog/10811.jpg,Dog,1,200,153
PetImages/Dog/10813.jpg,Dog,1,285,400
PetImages/Dog/10814.jpg,Dog,1,350,262
PetImages/Dog/10815.jpg,Dog,1,360,480
PetImages/Dog/10816.jpg,Dog,1,463,447
PetImages/Dog/10818.jpg,Dog,1,500,332
PetImages/Dog/10819.jpg,Dog,1,288,481
PetImages/Dog/1082.jpg,Dog,1,430,460
PetImages/Dog/10820.jpg,Dog,1,500,375
PetImages/Dog/10821.jpg,Dog,1,500,413
PetImages/Dog/10825.jpg,Dog,1,436,500
PetImages/Dog/10826.jpg,Dog,1,453,388
PetImages/Dog/10827.jpg,Dog,1,334,480
PetImages/Dog/10828.jpg,Dog,1,500,328
PetImages/Dog/10829.jpg,Dog,1,350,270
PetImages/Dog/1083.jpg,Dog,1,480,360
PetImages/Dog/10830.jpg,Dog,1,280,369
PetImages/Dog/10831.jpg,Dog,1,500,400
PetImages/Dog/10833.jpg,Dog,1,500,375
PetImages/Dog/10834.jpg,Dog,1,344,259
PetImages/Dog/10836.jpg,Dog,1,500,375
PetImages/Dog/10837.jpg,Dog,1,436,432
PetImages/Dog/10838.jpg,Dog,1,383,402
PetImages/Dog/1084.jpg,Dog,1,375,330
PetImages/Dog/10841.jpg,Dog,1,500,375
PetImages/Dog/10842.jpg,Dog,1,500,334
PetImages/Dog/10843.jpg,Dog,1,400,500
PetImages/Dog/10844.jpg,Dog,1,500,375
PetImages/Dog/10845.jpg,Dog,1,166,250
PetImages/Dog/10846.jpg,Dog,1,200,188
PetImages/Dog/10847.jpg,Dog,1,267,200
PetImages/Dog/10848.jpg,Dog,1,400,396
PetImages/Dog/10849.jpg,Dog,1,500,375
PetImages/Dog/1085.jpg,Dog,1,480,325
PetImages/Dog/10850.jpg,Dog,1,500,362
PetImages/Dog/10852.jpg,Dog,1,500,375
PetImages/Dog/10853.jpg,Dog,1,346,308
PetImages/Dog/10854.jpg,Dog,1,320,480
PetImages/Dog/10855.jpg,Dog,1,431,291
PetImages/Dog/10856.jpg,Dog,1,500,377
PetImages/Dog/10857.jpg,Dog,1,252,500
PetImages/Dog/10858.jpg,Dog,1,500,375
PetImages/Dog/10859.jpg,Dog,1,500,316
PetImages/Dog/1086.jpg,Dog,1,500,333
PetImages/Dog/10861.jpg,Dog,1,432,414
PetImages/Dog/10862.jpg,Dog,1,500,500
PetImages/Dog/10863.jpg,Dog,1,226,258
PetImages/Dog/10864.jpg,Dog,1,350,250
PetImages/Dog/10865.jpg,Dog,1,443,500
PetImages/Dog/10867.jpg,Dog,1,360,271
PetImages/Dog/10868.jpg,Dog,1,500,470
PetImages/Dog/10869.jpg,Dog,1,435,421
PetImages/Dog/1087.jpg,Dog,1,500,303
PetImages/Dog/10872.jpg,Dog,1,479,500
PetImages/Dog/10874.jpg,Dog,1,381,475
PetImages/Dog/10875.jpg,Dog,1,211,307
PetImages/Dog/10876.jpg,Dog,1,500,375
PetImages/Dog/10877.jpg,Dog,1,299,237
PetImages/Dog/1088.jpg,Dog,1,500,308
PetImages/Dog/10880.jpg,Dog,1,300,231
PetImages/Dog/10881.jpg,Dog,1,500,330
PetImages/Dog/10882.jpg,Dog,1,500,430
PetImages/Dog/10883.jpg,Dog,1,207,231
PetImages/Dog/10884.jpg,Dog,1,500,375
PetImages/Dog/10885.jpg,Dog,1,265,237
PetImages/Dog/10887.jpg,Dog,1,285,288
PetImages/Dog/10888.jpg,Dog,1,500,332
PetImages/Dog/10889.jpg,Dog,1,371,500
PetImages/Dog/1089.jpg,Dog,1,308,281
PetImages/Dog/10890.jpg,Dog,1,500,375
PetImages/Dog/10891.jpg,Dog,1,500,375
PetImages/Dog/10892.jpg,Dog,1,470,445
PetImages/Dog/10893.jpg,Dog,1,410,500
PetImages/Dog/10896.jpg,Dog,1,387,500
PetImages/Dog/10897.jpg,Dog,1,500,375
PetImages/Dog/10898.jpg,Dog,1,500,500
PetImages/Dog/1090.jpg,Dog,1,350,483
PetImages/Dog/10900.jpg,Dog,1,500,340
PetImages/Dog/10901.jpg,Dog,1,500,489
PetImages/Dog/10902.jpg,Dog,1,336,293
PetImages/Dog/10904.jpg,Dog,1,365,500
PetImages/Dog/10905.jpg,Dog,1,500,468
PetImages/Dog/10906.jpg,Dog,1,216,389
PetImages/Dog/10907.jpg,Dog,1,255,384
PetImages/Dog/10908.jpg,Dog,1,500,375
PetImages/Dog/10909.jpg,Dog,1,207,366
PetImages/Dog/10910.jpg,Dog,1,500,375
PetImages/Dog/10911.jpg,Dog,1,500,351
PetImages/Dog/10912.jpg,Dog,1,500,375
PetImages/Dog/10913.jpg,Dog,1,500,375
PetImages/Dog/10914.jpg,Dog,1,500,332
PetImages/Dog/10915.jpg,Dog,1,500,375
PetImages/Dog/10918.jpg,Dog,1,375,500
PetImages/Dog/10919.jpg,Dog,1,500,375
PetImages/Dog/1092.jpg,Dog,1,426,492
PetImages/Dog/10920.jpg,Dog,1,500,482
PetImages/Dog/10921.jpg,Dog,1,334,286
PetImages/Dog/10923.jpg,Dog,1,480,399
PetImages/Dog/10924.jpg,Dog,1,444,500
PetImages/Dog/10925.jpg,Dog,1,375,500
PetImages/Dog/10926.jpg,Dog,1,500,333
PetImages/Dog/10927.jpg,Dog,1,349,244
PetImages/Dog/10929.jpg,Dog,1,271,448
PetImages/Dog/1093.jpg,Dog,1,500,374
PetImages/Dog/10930.jpg,Dog,1,363,400
PetImages/Dog/10931.jpg,Dog,1,500,497
PetImages/Dog/10933.jpg,Dog,1,453,369
PetImages/Dog/10934.jpg,Dog,1,500,375
PetImages/Dog/10935.jpg,Dog,1,330,500
PetImages/Dog/10938.jpg,Dog,1,200,148
PetImages/Dog/10939.jpg,Dog,1,500,364
PetImages/Dog/1094.jpg,Dog,1,500,375
PetImages/Dog/10940.jpg,Dog,1,347,500
PetImages/Dog/10942.jpg,Dog,1,375,375
PetImages/Dog/10943.jpg,Dog,1,500,400
PetImages/Dog/10945.jpg,Dog,1,500,375
PetImages/Dog/10947.jpg,Dog,1,320,240
PetImages/Dog/10949.jpg,Dog,1,200,309
PetImages/Dog/10950.jpg,Dog,1,500,425
PetImages/Dog/10953.jpg,Dog,1,312,230
PetImages/Dog/10954.jpg,Dog,1,406,500
PetImages/Dog/10956.jpg,Dog,1,350,356
PetImages/Dog/10957.jpg,Dog,1,471,363
PetImages/Dog/10958.jpg,Dog,1,500,375
PetImages/Dog/10959.jpg,Dog,1,500,375
PetImages/Dog/10960.jpg,Dog,1,448,336
PetImages/Dog/10961.jpg,Dog,1,360,197
PetImages/Dog/10962.jpg,Dog,1,351,500
PetImages/Dog/10963.jpg,Dog,1,500,375
PetImages/Dog/10965.jpg,Dog,1,500,375
PetImages/Dog/10966.jpg,Dog,1,500,375
PetImages/Dog/10967.jpg,Dog,1,456,465
PetImages/Dog/10969.jpg,Dog,1,200,155
PetImages/Dog/1097.jpg,Dog,1,367,500
PetImages/Dog/10970.jpg,Dog,1,500,377
PetImages/Dog/10971.jpg,Dog,1,461,500
PetImages/Dog/10972.jpg,Dog,1,300,225
PetImages/Dog/10973.jpg,Dog,1,300,422
PetImages/Dog/10976.jpg,Dog,1,500,426
PetImages/Dog/10977.jpg,Dog,1,350,262
PetImages/Dog/10978.jpg,Dog,1,500,334
PetImages/Dog/10979.jpg,Dog,1,500,377
PetImages/Dog/1098.jpg,Dog,1,360,290
PetImages/Dog/10980.jpg,Dog,1,500,483
PetImages/Dog/10983.jpg,Dog,1,500,375
PetImages/Dog/10984.jpg,Dog,1,448,336
PetImages/Dog/10985.jpg,Dog,1,500,295
PetImages/Dog/10989.jpg,Dog,1,94,123
PetImages/Dog/10990.jpg,Dog,1,382,261
PetImages/Dog/10991.jpg,Dog,1,400,357
PetImages/Dog/10992.jpg,Dog,1,500,375
PetImages/Dog/10993.jpg,Dog,1,202,157
PetImages/Dog/10995.jpg,Dog,1,500,327
PetImages/Dog/10996.jpg,Dog,1,200,173
PetImages/Dog/10997.jpg,Dog,1,234,165
PetImages/Dog/10998.jpg,Dog,1,371,315
PetImages/Dog/10999.jpg,Dog,1,221,400
PetImages/Dog/1100.jpg,Dog,1,500,414
PetImages/Dog/11000.jpg,Dog,1,500,375
PetImages/Dog/11002.jpg,Dog,1,500,375
PetImages/Dog/11003.jpg,Dog,1,297,399
PetImages/Dog/11004.jpg,Dog,1,500,375
PetImages/Dog/11005.jpg,Dog,1,180,135
PetImages/Dog/11006.jpg,Dog,1,500,375
PetImages/Dog/11007.jpg,Dog,1,470,300
PetImages/Dog/11009.jpg,Dog,1,354,500
PetImages/Dog/1101.jpg,Dog,1,500,422
PetImages/Dog/11010.jpg,Dog,1,500,364
PetImages/Dog/11011.jpg,Dog,1,500,375
PetImages/Dog/11012.jpg,Dog,1,405,432
PetImages/Dog/11013.jpg,Dog,1,386,500
PetImages/Dog/11014.jpg,Dog,1,176,151
PetImages/Dog/11015.jpg,Dog,1,259,187
PetImages/Dog/11016.jpg,Dog,1,260,176
PetImages/Dog/11018.jpg,Dog,1,500,377
PetImages/Dog/11019.jpg,Dog,1,336,448
PetImages/Dog/11020.jpg,Dog,1,300,200
PetImages/Dog/11021.jpg,Dog,1,500,375
PetImages/Dog/11022.jpg,Dog,1,462,500
PetImages/Dog/11023.jpg,Dog,1,240,255
PetImages/Dog/11024.jpg,Dog,1,500,375
PetImages/Dog/11025.jpg,Dog,1,400,302
PetImages/Dog/11027.jpg,Dog,1,500,471
PetImages/Dog/11028.jpg,Dog,1,500,375
PetImages/Dog/11029.jpg,Dog,1,409,500
PetImages/Dog/1103.jpg,Dog,1,500,375
PetImages/Dog/11030.jpg,Dog,1,300,225
PetImages/Dog/11031.jpg,Dog,1,290,300
PetImages/Dog/11032.jpg,Dog,1,320,240
PetImages/Dog/11035.jpg,Dog,1,500,375
PetImages/Dog/11037.jpg,Dog,1,318,500
PetImages/Dog/11038.jpg,Dog,1,500,375
PetImages/Dog/11039.jpg,Dog,1,500,458
PetImages/Dog/11040.jpg,Dog,1,500,375
PetImages/Dog/11042.jpg,Dog,1,500,375
PetImages/Dog/11043.jpg,Dog,1,500,375
PetImages/Dog/11044.jpg,Dog,1,256,347
PetImages/Dog/11045.jpg,Dog,1,160,120
PetImages/Dog/11046.jpg,Dog,1,475,500
PetImages/Dog/11047.jpg,Dog,1,500,375
PetImages/Dog/11048.jpg,Dog,1,500,498
PetImages/Dog/1105.jpg,Dog,1,300,300
PetImages/Dog/11050.jpg,Dog,1,500,406
PetImages/Dog/11051.jpg,Dog,1,334,500
PetImages/Dog/11052.jpg,Dog,1,500,334
PetImages/Dog/11054.jpg,Dog,1,292,500
PetImages/Dog/11055.jpg,Dog,1,175,200
PetImages/Dog/11056.jpg,Dog,1,369,446
PetImages/Dog/11057.jpg,Dog,1,500,486
PetImages/Dog/11059.jpg,Dog,1,402,357
PetImages/Dog/1106.jpg,Dog,1,422,421
PetImages/Dog/11060.jpg,Dog,1,500,435
PetImages/Dog/11061.jpg,Dog,1,319,270
PetImages/Dog/11062.jpg,Dog,1,300,300
PetImages/Dog/11063.jpg,Dog,1,346,349
PetImages/Dog/11064.jpg,Dog,1,431,270
PetImages/Dog/11065.jpg,Dog,1,500,406
PetImages/Dog/11066.jpg,Dog,1,223,311
PetImages/Dog/11067.jpg,Dog,1,500,375
PetImages/Dog/11069.jpg,Dog,1,312,499
PetImages/Dog/1107.jpg,Dog,1,500,375
PetImages/Dog/11070.jpg,Dog,1,302,500
PetImages/Dog/11072.jpg,Dog,1,500,499
PetImages/Dog/11075.jpg,Dog,1,408,213
PetImages/Dog/11076.jpg,Dog,1,500,375
PetImages/Dog/11077.jpg,Dog,1,288,403
PetImages/Dog/11078.jpg,Dog,1,357,303
PetImages/Dog/11079.jpg,Dog,1,500,464
PetImages/Dog/1108.jpg,Dog,1,500,329
PetImages/Dog/11080.jpg,Dog,1,500,375
PetImages/Dog/11082.jpg,Dog,1,500,375
PetImages/Dog/11083.jpg,Dog,1,256,192
PetImages/Dog/11085.jpg,Dog,1,500,375
PetImages/Dog/11087.jpg,Dog,1,375,500
PetImages/Dog/1109.jpg,Dog,1,363,500
PetImages/Dog/11090.jpg,Dog,1,500,484
PetImages/Dog/11091.jpg,Dog,1,277,500
PetImages/Dog/11092.jpg,Dog,1,180,190
PetImages/Dog/11095.jpg,Dog,1,494,480
PetImages/Dog/11096.jpg,Dog,1,384,288
PetImages/Dog/11097.jpg,Dog,1,320,450
PetImages/Dog/11098.jpg,Dog,1,320,240
PetImages/Dog/11099.jpg,Dog,1,400,355
PetImages/Dog/11100.jpg,Dog,1,500,336
PetImages/Dog/11101.jpg,Dog,1,238,172
PetImages/Dog/11103.jpg,Dog,1,250,253
PetImages/Dog/11105.jpg,Dog,1,246,338
PetImages/Dog/11106.jpg,Dog,1,273,500
PetImages/Dog/11107.jpg,Dog,1,333,500
PetImages/Dog/11108.jpg,Dog,1,371,500
PetImages/Dog/11109.jpg,Dog,1,280,356
PetImages/Dog/11110.jpg,Dog,1,400,500
PetImages/Dog/11111.jpg,Dog,1,200,200
PetImages/Dog/11112.jpg,Dog,1,300,242
PetImages/Dog/11113.jpg,Dog,1,500,488
PetImages/Dog/11114.jpg,Dog,1,320,240
PetImages/Dog/11115.jpg,Dog,1,500,375
PetImages/Dog/11116.jpg,Dog,1,500,408
PetImages/Dog/11117.jpg,Dog,1,500,375
PetImages/Dog/11118.jpg,Dog,1,327,400
PetImages/Dog/11119.jpg,Dog,1,90,120
PetImages/Dog/1112.jpg,Dog,1,415,500
PetImages/Dog/11120.jpg,Dog,1,264,313
PetImages/Dog/11125.jpg,Dog,1,500,375
PetImages/Dog/11127.jpg,Dog,1,237,370
PetImages/Dog/11128.jpg,Dog,1,300,225
PetImages/Dog/1113.jpg,Dog,1,424,500
PetImages/Dog/11130.jpg,Dog,1,484,500
PetImages/Dog/11132.jpg,Dog,1,461,500
PetImages/Dog/11133.jpg,Dog,1,150,165
PetImages/Dog/11134.jpg,Dog,1,500,375
PetImages/Dog/1114.jpg,Dog,1,500,375
PetImages/Dog/11140.jpg,Dog,1,400,301
PetImages/Dog/11141.jpg,Dog,1,248,350
PetImages/Dog/11142.jpg,Dog,1,119,120
PetImages/Dog/11144.jpg,Dog,1,500,500
PetImages/Dog/11145.jpg,Dog,1,500,375
PetImages/Dog/11146.jpg,Dog,1,485,393
PetImages/Dog/11148.jpg,Dog,1,500,383
PetImages/Dog/11150.jpg,Dog,1,310,400
PetImages/Dog/11151.jpg,Dog,1,425,373
PetImages/Dog/11152.jpg,Dog,1,500,375
PetImages/Dog/11154.jpg,Dog,1,500,340
PetImages/Dog/11156.jpg,Dog,1,500,332
PetImages/Dog/11157.jpg,Dog,1,500,375
PetImages/Dog/11159.jpg,Dog,1,438,275
PetImages/Dog/1116.jpg,Dog,1,180,180
PetImages/Dog/11160.jpg,Dog,1,380,473
PetImages/Dog/11161.jpg,Dog,1,500,375
PetImages/Dog/11163.jpg,Dog,1,375,500
PetImages/Dog/11164.jpg,Dog,1,500,381
PetImages/Dog/11166.jpg,Dog,1,480,360
PetImages/Dog/11167.jpg,Dog,1,500,377
PetImages/Dog/11169.jpg,Dog,1,500,422
PetImages/Dog/11170.jpg,Dog,1,407,271
PetImages/Dog/11173.jpg,Dog,1,470,390
PetImages/Dog/11174.jpg,Dog,1,500,375
PetImages/Dog/11175.jpg,Dog,1,500,448
PetImages/Dog/11177.jpg,Dog,1,500,375
PetImages/Dog/11178.jpg,Dog,1,320,240
PetImages/Dog/11179.jpg,Dog,1,500,375
PetImages/Dog/1118.jpg,Dog,1,415,500
PetImages/Dog/11180.jpg,Dog,1,500,304
PetImages/Dog/11182.jpg,Dog,1,500,375
PetImages/Dog/11183.jpg,Dog,1,500,377
PetImages/Dog/11186.jpg,Dog,1,264,232
PetImages/Dog/11188.jpg,Dog,1,500,375
PetImages/Dog/11189.jpg,Dog,1,396,297
PetImages/Dog/1119.jpg,Dog,1,293,300
PetImages/Dog/11190.jpg,Dog,1,315,500
PetImages/Dog/11191.jpg,Dog,1,376,500
PetImages/Dog/11192.jpg,Dog,1,397,500
PetImages/Dog/11193.jpg,Dog,1,400,312
PetImages/Dog/11194.jpg,Dog,1,500,375
PetImages/Dog/11196.jpg,Dog,1,388,500
PetImages/Dog/11197.jpg,Dog,1,500,375
PetImages/Dog/112.jpg,Dog,1,500,375
PetImages/Dog/1120.jpg,Dog,1,468,426
PetImages/Dog/11201.jpg,Dog,1,467,500
PetImages/Dog/11202.jpg,Dog,1,500,326
PetImages/Dog/11203.jpg,Dog,1,500,375
PetImages/Dog/11204.jpg,Dog,1,463,500
PetImages/Dog/11205.jpg,Dog,1,416,480
PetImages/Dog/11206.jpg,Dog,1,247,252
PetImages/Dog/11207.jpg,Dog,1,500,333
PetImages/Dog/11209.jpg,Dog,1,500,375
PetImages/Dog/1121.jpg,Dog,1,500,375
PetImages/Dog/11210.jpg,Dog,1,500,375
PetImages/Dog/11211.jpg,Dog,1,366,500
PetImages/Dog/11212.jpg,Dog,1,355,500
PetImages/Dog/11213.jpg,Dog,1,434,430
PetImages/Dog/11215.jpg,Dog,1,500,382
PetImages/Dog/11216.jpg,Dog,1,500,331
PetImages/Dog/11218.jpg,Dog,1,480,362
PetImages/Dog/11219.jpg,Dog,1,300,226
PetImages/Dog/11220.jpg,Dog,1,500,427
PetImages/Dog/11222.jpg,Dog,1,500,494
PetImages/Dog/11223.jpg,Dog,1,308,288
PetImages/Dog/11224.jpg,Dog,1,500,375
PetImages/Dog/11225.jpg,Dog,1,299,291
PetImages/Dog/11228.jpg,Dog,1,404,500
PetImages/Dog/11230.jpg,Dog,1,375,500
PetImages/Dog/11232.jpg,Dog,1,500,375
PetImages/Dog/11235.jpg,Dog,1,240,320
PetImages/Dog/11237.jpg,Dog,1,125,94
PetImages/Dog/11238.jpg,Dog,1,216,330
PetImages/Dog/11239.jpg,Dog,1,500,419
PetImages/Dog/1124.jpg,Dog,1,500,374
PetImages/Dog/11240.jpg,Dog,1,500,375
PetImages/Dog/11243.jpg,Dog,1,500,375
PetImages/Dog/11244.jpg,Dog,1,257,300
PetImages/Dog/11246.jpg,Dog,1,468,500
PetImages/Dog/11247.jpg,Dog,1,200,193
PetImages/Dog/11248.jpg,Dog,1,100,37
PetImages/Dog/1125.jpg,Dog,1,287,216
PetImages/Dog/11250.jpg,Dog,1,403,354
PetImages/Dog/11251.jpg,Dog,1,274,273
PetImages/Dog/11252.jpg,Dog,1,132,119
PetImages/Dog/11253.jpg,Dog,1,480,360
PetImages/Dog/11254.jpg,Dog,1,468,500
PetImages/Dog/11255.jpg,Dog,1,500,302
PetImages/Dog/11256.jpg,Dog,1,500,398
PetImages/Dog/11257.jpg,Dog,1,320,240
PetImages/Dog/1126.jpg,Dog,1,500,460
PetImages/Dog/11260.jpg,Dog,1,379,372
PetImages/Dog/11261.jpg,Dog,1,218,330
PetImages/Dog/11262.jpg,Dog,1,500,375
PetImages/Dog/11263.jpg,Dog,1,480,391
PetImages/Dog/11264.jpg,Dog,1,500,375
PetImages/Dog/11267.jpg,Dog,1,500,375
PetImages/Dog/11268.jpg,Dog,1,500,303
PetImages/Dog/11269.jpg,Dog,1,500,437
PetImages/Dog/1127.jpg,Dog,1,175,200
PetImages/Dog/11271.jpg,Dog,1,500,375
PetImages/Dog/11272.jpg,Dog,1,400,500
PetImages/Dog/11273.jpg,Dog,1,327,397
PetImages/Dog/11274.jpg,Dog,1,500,333
PetImages/Dog/11275.jpg,Dog,1,500,375
PetImages/Dog/11276.jpg,Dog,1,500,332
PetImages/Dog/11277.jpg,Dog,1,500,366
PetImages/Dog/11279.jpg,Dog,1,150,97
PetImages/Dog/1128.jpg,Dog,1,199,368
PetImages/Dog/11280.jpg,Dog,1,400,300
PetImages/Dog/11281.jpg,Dog,1,285,360
PetImages/Dog/11282.jpg,Dog,1,281,385
PetImages/Dog/11283.jpg,Dog,1,500,375
PetImages/Dog/11284.jpg,Dog,1,500,375
PetImages/Dog/11285.jpg,Dog,1,234,256
PetImages/Dog/11286.jpg,Dog,1,500,375
PetImages/Dog/11287.jpg,Dog,1,500,375
PetImages/Dog/11288.jpg,Dog,1,430,500
PetImages/Dog/1129.jpg,Dog,1,500,375
PetImages/Dog/11291.jpg,Dog,1,204,306
PetImages/Dog/11292.jpg,Dog,1,448,336
PetImages/Dog/11293.jpg,Dog,1,500,269
PetImages/Dog/11296.jpg,Dog,1,429,364
PetImages/Dog/11298.jpg,Dog,1,210,272
PetImages/Dog/11299.jpg,Dog,1,232,139
PetImages/Dog/113.jpg,Dog,1,340,500
PetImages/Dog/11300.jpg,Dog,1,500,375
PetImages/Dog/11301.jpg,Dog,1,320,240
PetImages/Dog/11303.jpg,Dog,1,367,400
PetImages/Dog/11305.jpg,Dog,1,300,225
PetImages/Dog/11306.jpg,Dog,1,500,497
PetImages/Dog/11307.jpg,Dog,1,177,171
PetImages/Dog/11308.jpg,Dog,1,500,375
PetImages/Dog/11309.jpg,Dog,1,400,315
PetImages/Dog/1131.jpg,Dog,1,500,380
PetImages/Dog/11310.jpg,Dog,1,320,240
PetImages/Dog/11311.jpg,Dog,1,500,469
PetImages/Dog/11313.jpg,Dog,1,250,259
PetImages/Dog/11314.jpg,Dog,1,285,415
PetImages/Dog/11315.jpg,Dog,1,427,500
PetImages/Dog/11316.jpg,Dog,1,500,375
PetImages/Dog/11317.jpg,Dog,1,500,375
PetImages/Dog/11319.jpg,Dog,1,375,500
PetImages/Dog/1132.jpg,Dog,1,500,500
PetImages/Dog/11320.jpg,Dog,1,400,300
PetImages/Dog/11321.jpg,Dog,1,300,225
PetImages/Dog/11322.jpg,Dog,1,226,150
PetImages/Dog/11323.jpg,Dog,1,499,374
PetImages/Dog/11324.jpg,Dog,1,500,375
PetImages/Dog/11325.jpg,Dog,1,250,260
PetImages/Dog/11328.jpg,Dog,1,500,262
PetImages/Dog/11329.jpg,Dog,1,249,250
PetImages/Dog/11330.jpg,Dog,1,500,500
PetImages/Dog/11332.jpg,Dog,1,316,287
PetImages/Dog/11333.jpg,Dog,1,200,108
PetImages/Dog/11336.jpg,Dog,1,464,500
PetImages/Dog/11337.jpg,Dog,1,500,500
PetImages/Dog/11339.jpg,Dog,1,333,500
PetImages/Dog/1134.jpg,Dog,1,311,394
PetImages/Dog/11340.jpg,Dog,1,500,375
PetImages/Dog/11341.jpg,Dog,1,456,500
PetImages/Dog/11342.jpg,Dog,1,500,375
PetImages/Dog/11344.jpg,Dog,1,320,240
PetImages/Dog/11345.jpg,Dog,1,500,375
PetImages/Dog/11346.jpg,Dog,1,350,273
PetImages/Dog/11347.jpg,Dog,1,425,479
PetImages/Dog/11348.jpg,Dog,1,375,342
PetImages/Dog/11349.jpg,Dog,1,332,374
PetImages/Dog/1135.jpg,Dog,1,360,500
PetImages/Dog/11351.jpg,Dog,1,450,500
PetImages/Dog/11354.jpg,Dog,1,266,248
PetImages/Dog/11356.jpg,Dog,1,333,480
PetImages/Dog/11357.jpg,Dog,1,320,240
PetImages/Dog/11358.jpg,Dog,1,500,487
PetImages/Dog/11359.jpg,Dog,1,500,375
PetImages/Dog/11360.jpg,Dog,1,500,469
PetImages/Dog/11361.jpg,Dog,1,500,371
PetImages/Dog/11362.jpg,Dog,1,500,410
PetImages/Dog/11363.jpg,Dog,1,320,320
PetImages/Dog/11364.jpg,Dog,1,500,405
PetImages/Dog/11367.jpg,Dog,1,277,417
PetImages/Dog/11368.jpg,Dog,1,306,280
PetImages/Dog/1137.jpg,Dog,1,500,375
PetImages/Dog/11370.jpg,Dog,1,380,500
PetImages/Dog/11373.jpg,Dog,1,500,375
PetImages/Dog/11374.jpg,Dog,1,400,250
PetImages/Dog/11375.jpg,Dog,1,333,500
PetImages/Dog/11376.jpg,Dog,1,393,283
PetImages/Dog/11377.jpg,Dog,1,400,300
PetImages/Dog/11378.jpg,Dog,1,355,396
PetImages/Dog/11379.jpg,Dog,1,160,160
PetImages/Dog/1138.jpg,Dog,1,300,225
PetImages/Dog/11382.jpg,Dog,1,400,182
PetImages/Dog/11383.jpg,Dog,1,298,500
PetImages/Dog/11385.jpg,Dog,1,500,373
PetImages/Dog/11386.jpg,Dog,1,496,403
PetImages/Dog/11388.jpg,Dog,1,319,500
PetImages/Dog/11389.jpg,Dog,1,320,428
PetImages/Dog/1139.jpg,Dog,1,323,242
PetImages/Dog/11390.jpg,Dog,1,500,375
PetImages/Dog/11392.jpg,Dog,1,478,423
PetImages/Dog/11394.jpg,Dog,1,284,346
PetImages/Dog/11396.jpg,Dog,1,500,375
PetImages/Dog/11397.jpg,Dog,1,320,197
PetImages/Dog/11398.jpg,Dog,1,400,261
PetImages/Dog/11399.jpg,Dog,1,500,356
PetImages/Dog/1140.jpg,Dog,1,492,500
PetImages/Dog/11400.jpg,Dog,1,465,500
PetImages/Dog/11401.jpg,Dog,1,500,375
PetImages/Dog/11403.jpg,Dog,1,327,269
PetImages/Dog/11404.jpg,Dog,1,313,207
PetImages/Dog/11406.jpg,Dog,1,273,383
PetImages/Dog/11407.jpg,Dog,1,292,400
PetImages/Dog/11408.jpg,Dog,1,500,375
PetImages/Dog/1141.jpg,Dog,1,500,375
PetImages/Dog/11410.jpg,Dog,1,316,350
PetImages/Dog/11413.jpg,Dog,1,400,491
PetImages/Dog/11414.jpg,Dog,1,322,216
PetImages/Dog/11416.jpg,Dog,1,500,375
PetImages/Dog/11417.jpg,Dog,1,205,192
PetImages/Dog/11419.jpg,Dog,1,500,375
PetImages/Dog/11420.jpg,Dog,1,296,500
PetImages/Dog/11421.jpg,Dog,1,500,468
PetImages/Dog/11422.jpg,Dog,1,200,247
PetImages/Dog/11423.jpg,Dog,1,362,326
PetImages/Dog/11424.jpg,Dog,1,350,312
PetImages/Dog/11427.jpg,Dog,1,375,500
PetImages/Dog/11428.jpg,Dog,1,383,500
PetImages/Dog/1143.jpg,Dog,1,319,221
PetImages/Dog/11430.jpg,Dog,1,483,430
PetImages/Dog/11431.jpg,Dog,1,500,377
PetImages/Dog/11435.jpg,Dog,1,288,216
PetImages/Dog/11436.jpg,Dog,1,500,301
PetImages/Dog/11437.jpg,Dog,1,500,375
PetImages/Dog/11438.jpg,Dog,1,500,375
PetImages/Dog/1144.jpg,Dog,1,288,269
PetImages/Dog/11440.jpg,Dog,1,500,304
PetImages/Dog/11441.jpg,Dog,1,400,300
PetImages/Dog/11442.jpg,Dog,1,248,273
PetImages/Dog/11444.jpg,Dog,1,387,340
PetImages/Dog/11445.jpg,Dog,1,377,500
PetImages/Dog/11447.jpg,Dog,1,364,312
PetImages/Dog/11448.jpg,Dog,1,500,375
PetImages/Dog/11449.jpg,Dog,1,424,500
PetImages/Dog/1145.jpg,Dog,1,392,500
PetImages/Dog/11450.jpg,Dog,1,200,199
PetImages/Dog/11451.jpg,Dog,1,500,375
PetImages/Dog/11452.jpg,Dog,1,500,373
PetImages/Dog/11453.jpg,Dog,1,500,375
PetImages/Dog/11455.jpg,Dog,1,500,496
PetImages/Dog/11456.jpg,Dog,1,341,500
PetImages/Dog/11457.jpg,Dog,1,125,125
PetImages/Dog/11458.jpg,Dog,1,500,443
PetImages/Dog/11459.jpg,Dog,1,500,375
PetImages/Dog/11460.jpg,Dog,1,364,500
PetImages/Dog/11461.jpg,Dog,1,500,375
PetImages/Dog/11462.jpg,Dog,1,431,500
PetImages/Dog/11464.jpg,Dog,1,443,500
PetImages/Dog/11466.jpg,Dog,1,375,500
PetImages/Dog/11468.jpg,Dog,1,500,426
PetImages/Dog/11469.jpg,Dog,1,190,145
PetImages/Dog/11470.jpg,Dog,1,500,375
PetImages/Dog/11475.jpg,Dog,1,500,375
PetImages/Dog/11476.jpg,Dog,1,357,336
PetImages/Dog/11477.jpg,Dog,1,500,375
PetImages/Dog/11479.jpg,Dog,1,218,426
PetImages/Dog/1148.jpg,Dog,1,500,375
PetImages/Dog/11480.jpg,Dog,1,500,458
PetImages/Dog/11482.jpg,Dog,1,369,341
PetImages/Dog/11483.jpg,Dog,1,320,240
PetImages/Dog/11484.jpg,Dog,1,500,375
PetImages/Dog/11489.jpg,Dog,1,350,282
PetImages/Dog/1149.jpg,Dog,1,375,500
PetImages/Dog/11491.jpg,Dog,1,500,375
PetImages/Dog/11493.jpg,Dog,1,249,409
PetImages/Dog/11494.jpg,Dog,1,500,335
PetImages/Dog/11495.jpg,Dog,1,375,500
PetImages/Dog/11496.jpg,Dog,1,500,374
PetImages/Dog/11497.jpg,Dog,1,320,260
PetImages/Dog/11498.jpg,Dog,1,314,271
PetImages/Dog/11499.jpg,Dog,1,450,338
PetImages/Dog/115.jpg,Dog,1,389,500
PetImages/Dog/1150.jpg,Dog,1,500,375
PetImages/Dog/11500.jpg,Dog,1,500,375
PetImages/Dog/11502.jpg,Dog,1,345,392
PetImages/Dog/11503.jpg,Dog,1,375,500
PetImages/Dog/11504.jpg,Dog,1,500,375
PetImages/Dog/11506.jpg,Dog,1,500,385
PetImages/Dog/11507.jpg,Dog,1,500,375
PetImages/Dog/11509.jpg,Dog,1,500,375
PetImages/Dog/11510.jpg,Dog,1,500,375
PetImages/Dog/11512.jpg,Dog,1,496,432
PetImages/Dog/11517.jpg,Dog,1,500,375
PetImages/Dog/11518.jpg,Dog,1,500,375
PetImages/Dog/11519.jpg,Dog,1,500,235
PetImages/Dog/1152.jpg,Dog,1,364,491
PetImages/Dog/11520.jpg,Dog,1,500,375
PetImages/Dog/11522.jpg,Dog,1,375,500
PetImages/Dog/11523.jpg,Dog,1,500,454
PetImages/Dog/11526.jpg,Dog,1,300,105
PetImages/Dog/11528.jpg,Dog,1,348,396
PetImages/Dog/1153.jpg,Dog,1,461,470
PetImages/Dog/11531.jpg,Dog,1,500,375
PetImages/Dog/11532.jpg,Dog,1,208,322
PetImages/Dog/11533.jpg,Dog,1,500,375
PetImages/Dog/11534.jpg,Dog,1,500,495
PetImages/Dog/11535.jpg,Dog,1,180,189
PetImages/Dog/11537.jpg,Dog,1,350,262
PetImages/Dog/1154.jpg,Dog,1,500,375
PetImages/Dog/11540.jpg,Dog,1,278,200
PetImages/Dog/11541.jpg,Dog,1,480,491
PetImages/Dog/11542.jpg,Dog,1,500,375
PetImages/Dog/11543.jpg,Dog,1,500,375
PetImages/Dog/11544.jpg,Dog,1,500,375
PetImages/Dog/11545.jpg,Dog,1,484,500
PetImages/Dog/1155.jpg,Dog,1,187,178
PetImages/Dog/11550.jpg,Dog,1,367,387
PetImages/Dog/11552.jpg,Dog,1,250,250
PetImages/Dog/11553.jpg,Dog,1,300,225
PetImages/Dog/11556.jpg,Dog,1,500,371
PetImages/Dog/11557.jpg,Dog,1,500,375
PetImages/Dog/11558.jpg,Dog,1,350,253
PetImages/Dog/11559.jpg,Dog,1,500,375
PetImages/Dog/1156.jpg,Dog,1,320,240
PetImages/Dog/11560.jpg,Dog,1,447,461
PetImages/Dog/11562.jpg,Dog,1,500,375
PetImages/Dog/11564.jpg,Dog,1,288,373
PetImages/Dog/11565.jpg,Dog,1,375,500
PetImages/Dog/11567.jpg,Dog,1,316,222
PetImages/Dog/11568.jpg,Dog,1,500,342
PetImages/Dog/11569.jpg,Dog,1,500,444
PetImages/Dog/1157.jpg,Dog,1,288,344
PetImages/Dog/11570.jpg,Dog,1,500,375
PetImages/Dog/11571.jpg,Dog,1,500,457
PetImages/Dog/11573.jpg,Dog,1,480,316
PetImages/Dog/11574.jpg,Dog,1,208,380
PetImages/Dog/11578.jpg,Dog,1,225,300
PetImages/Dog/11579.jpg,Dog,1,257,490
PetImages/Dog/11580.jpg,Dog,1,320,213
PetImages/Dog/11581.jpg,Dog,1,500,406
PetImages/Dog/11582.jpg,Dog,1,500,375
PetImages/Dog/11585.jpg,Dog,1,250,333
PetImages/Dog/11587.jpg,Dog,1,407,500
PetImages/Dog/1159.jpg,Dog,1,500,403
PetImages/Dog/11590.jpg,Dog,1,140,187
PetImages/Dog/11591.jpg,Dog,1,317,492
PetImages/Dog/11592.jpg,Dog,1,448,299
PetImages/Dog/11593.jpg,Dog,1,361,338
PetImages/Dog/11596.jpg,Dog,1,386,500
PetImages/Dog/11597.jpg,Dog,1,282,423
PetImages/Dog/11598.jpg,Dog,1,200,164
PetImages/Dog/11599.jpg,Dog,1,301,305
PetImages/Dog/116.jpg,Dog,1,288,346
PetImages/Dog/11600.jpg,Dog,1,500,375
PetImages/Dog/11601.jpg,Dog,1,480,360
PetImages/Dog/11602.jpg,Dog,1,255,340
PetImages/Dog/11604.jpg,Dog,1,500,375
PetImages/Dog/11605.jpg,Dog,1,500,374
PetImages/Dog/11608.jpg,Dog,1,150,139
PetImages/Dog/11609.jpg,Dog,1,150,113
PetImages/Dog/11610.jpg,Dog,1,462,500
PetImages/Dog/11611.jpg,Dog,1,300,400
PetImages/Dog/11613.jpg,Dog,1,480,320
PetImages/Dog/11614.jpg,Dog,1,480,321
PetImages/Dog/11615.jpg,Dog,1,426,360
PetImages/Dog/11616.jpg,Dog,1,500,333
PetImages/Dog/11617.jpg,Dog,1,471,500
PetImages/Dog/11618.jpg,Dog,1,500,375
PetImages/Dog/11619.jpg,Dog,1,391,450
PetImages/Dog/1162.jpg,Dog,1,320,245
PetImages/Dog/11620.jpg,Dog,1,500,375
PetImages/Dog/11622.jpg,Dog,1,375,500
PetImages/Dog/11624.jpg,Dog,1,389,333
PetImages/Dog/11625.jpg,Dog,1,360,270
PetImages/Dog/11626.jpg,Dog,1,305,400
PetImages/Dog/11627.jpg,Dog,1,500,394
PetImages/Dog/11629.jpg,Dog,1,496,500
PetImages/Dog/1163.jpg,Dog,1,500,375
PetImages/Dog/11633.jpg,Dog,1,300,392
PetImages/Dog/11637.jpg,Dog,1,480,360
PetImages/Dog/11638.jpg,Dog,1,500,375
PetImages/Dog/11639.jpg,Dog,1,244,297
PetImages/Dog/1164.jpg,Dog,1,490,500
PetImages/Dog/11642.jpg,Dog,1,319,480
PetImages/Dog/11644.jpg,Dog,1,364,290
PetImages/Dog/11646.jpg,Dog,1,281,288
PetImages/Dog/11647.jpg,Dog,1,500,320
PetImages/Dog/11649.jpg,Dog,1,500,375
PetImages/Dog/1165.jpg,Dog,1,377,349
PetImages/Dog/11650.jpg,Dog,1,400,372
PetImages/Dog/11651.jpg,Dog,1,147,154
PetImages/Dog/11652.jpg,Dog,1,500,493
PetImages/Dog/11655.jpg,Dog,1,500,450
PetImages/Dog/11656.jpg,Dog,1,390,293
PetImages/Dog/11657.jpg,Dog,1,252,400
PetImages/Dog/11658.jpg,Dog,1,500,333
PetImages/Dog/11659.jpg,Dog,1,500,375
PetImages/Dog/11661.jpg,Dog,1,477,500
PetImages/Dog/11662.jpg,Dog,1,316,500
PetImages/Dog/11663.jpg,Dog,1,500,375
PetImages/Dog/11664.jpg,Dog,1,351,500
PetImages/Dog/11665.jpg,Dog,1,500,375
PetImages/Dog/11667.jpg,Dog,1,500,477
PetImages/Dog/11668.jpg,Dog,1,167,270
PetImages/Dog/1167.jpg,Dog,1,350,398
PetImages/Dog/11670.jpg,Dog,1,375,500
PetImages/Dog/11674.jpg,Dog,1,467,500
PetImages/Dog/11675.jpg,Dog,1,209,316
PetImages/Dog/11676.jpg,Dog,1,500,424
PetImages/Dog/11677.jpg,Dog,1,471,500
PetImages/Dog/11678.jpg,Dog,1,373,302
PetImages/Dog/11679.jpg,Dog,1,350,362
PetImages/Dog/1168.jpg,Dog,1,211,225
PetImages/Dog/11680.jpg,Dog,1,500,372
PetImages/Dog/11682.jpg,Dog,1,200,264
PetImages/Dog/11684.jpg,Dog,1,500,375
PetImages/Dog/11686.jpg,Dog,1,60,48
PetImages/Dog/11687.jpg,Dog,1,333,500
PetImages/Dog/11690.jpg,Dog,1,350,233
PetImages/Dog/11691.jpg,Dog,1,431,371
PetImages/Dog/11692.jpg,Dog,1,336,360
PetImages/Dog/11693.jpg,Dog,1,468,500
PetImages/Dog/11694.jpg,Dog,1,500,418
PetImages/Dog/11695.jpg,Dog,1,500,375
PetImages/Dog/11697.jpg,Dog,1,500,435
PetImages/Dog/117.jpg,Dog,1,500,428
PetImages/Dog/1170.jpg,Dog,1,432,420
PetImages/Dog/11701.jpg,Dog,1,150,200
PetImages/Dog/11703.jpg,Dog,1,500,375
PetImages/Dog/11704.jpg,Dog,1,434,500
PetImages/Dog/11706.jpg,Dog,1,314,500
PetImages/Dog/11708.jpg,Dog,1,500,377
PetImages/Dog/11709.jpg,Dog,1,235,288
PetImages/Dog/1171.jpg,Dog,1,500,375
PetImages/Dog/11710.jpg,Dog,1,336,448
PetImages/Dog/11712.jpg,Dog,1,388,480
PetImages/Dog/11713.jpg,Dog,1,500,248
PetImages/Dog/11716.jpg,Dog,1,324,243
PetImages/Dog/11717.jpg,Dog,1,336,500
PetImages/Dog/11718.jpg,Dog,1,291,319
PetImages/Dog/11719.jpg,Dog,1,500,332
PetImages/Dog/1172.jpg,Dog,1,439,398
PetImages/Dog/11720.jpg,Dog,1,265,400
PetImages/Dog/11721.jpg,Dog,1,500,333
PetImages/Dog/11722.jpg,Dog,1,152,200
PetImages/Dog/11723.jpg,Dog,1,454,500
PetImages/Dog/11724.jpg,Dog,1,500,375
PetImages/Dog/11725.jpg,Dog,1,300,300
PetImages/Dog/11728.jpg,Dog,1,500,375
PetImages/Dog/11729.jpg,Dog,1,312,343
PetImages/Dog/1173.jpg,Dog,1,500,370
PetImages/Dog/11730.jpg,Dog,1,416,312
PetImages/Dog/11732.jpg,Dog,1,298,400
PetImages/Dog/11734.jpg,Dog,1,500,472
PetImages/Dog/11736.jpg,Dog,1,360,442
PetImages/Dog/11739.jpg,Dog,1,500,375
PetImages/Dog/1174.jpg,Dog,1,75,50
PetImages/Dog/11740.jpg,Dog,1,170,200
PetImages/Dog/11741.jpg,Dog,1,400,300
PetImages/Dog/11744.jpg,Dog,1,437,500
PetImages/Dog/11745.jpg,Dog,1,500,310
PetImages/Dog/11747.jpg,Dog,1,85,150
PetImages/Dog/11748.jpg,Dog,1,324,203
PetImages/Dog/11749.jpg,Dog,1,317,313
PetImages/Dog/1175.jpg,Dog,1,500,334
PetImages/Dog/11750.jpg,Dog,1,439,500
PetImages/Dog/11751.jpg,Dog,1,500,500
PetImages/Dog/11752.jpg,Dog,1,500,375
PetImages/Dog/11754.jpg,Dog,1,500,375
PetImages/Dog/11757.jpg,Dog,1,321,500
PetImages/Dog/11758.jpg,Dog,1,500,333
PetImages/Dog/1176.jpg,Dog,1,423,332
PetImages/Dog/11760.jpg,Dog,1,500,376
PetImages/Dog/11762.jpg,Dog,1,489,500
PetImages/Dog/11763.jpg,Dog,1,500,375
PetImages/Dog/11764.jpg,Dog,1,326,500
PetImages/Dog/11765.jpg,Dog,1,500,375
PetImages/Dog/11768.jpg,Dog,1,500,375
PetImages/Dog/11769.jpg,Dog,1,314,235
PetImages/Dog/11770.jpg,Dog,1,302,500
PetImages/Dog/11773.jpg,Dog,1,500,375
PetImages/Dog/11774.jpg,Dog,1,500,383
PetImages/Dog/11775.jpg,Dog,1,120,100
PetImages/Dog/11776.jpg,Dog,1,200,187
PetImages/Dog/11777.jpg,Dog,1,500,375
PetImages/Dog/11778.jpg,Dog,1,500,375
PetImages/Dog/11779.jpg,Dog,1,500,375
PetImages/Dog/11780.jpg,Dog,1,314,500
PetImages/Dog/11781.jpg,Dog,1,500,421
PetImages/Dog/11784.jpg,Dog,1,500,388
PetImages/Dog/11785.jpg,Dog,1,257,255
PetImages/Dog/11787.jpg,Dog,1,500,333
PetImages/Dog/11788.jpg,Dog,1,500,393
PetImages/Dog/11793.jpg,Dog,1,419,500
PetImages/Dog/11795.jpg,Dog,1,500,375
PetImages/Dog/11796.jpg,Dog,1,257,352
PetImages/Dog/11797.jpg,Dog,1,500,375
PetImages/Dog/11798.jpg,Dog,1,360,270
PetImages/Dog/11799.jpg,Dog,1,450,340
PetImages/Dog/118.jpg,Dog,1,298,398
PetImages/Dog/1180.jpg,Dog,1,373,500
PetImages/Dog/11803.jpg,Dog,1,370,400
PetImages/Dog/11804.jpg,Dog,1,160,196
PetImages/Dog/11805.jpg,Dog,1,301,225
PetImages/Dog/11806.jpg,Dog,1,288,455
PetImages/Dog/11809.jpg,Dog,1,500,375
PetImages/Dog/1181.jpg,Dog,1,500,477
PetImages/Dog/11811.jpg,Dog,1,288,280
PetImages/Dog/11812.jpg,Dog,1,378,500
PetImages/Dog/11815.jpg,Dog,1,301,381
PetImages/Dog/11816.jpg,Dog,1,350,396
PetImages/Dog/11817.jpg,Dog,1,441,401
PetImages/Dog/1182.jpg,Dog,1,377,500
PetImages/Dog/11821.jpg,Dog,1,500,452
PetImages/Dog/11822.jpg,Dog,1,492,500
PetImages/Dog/11823.jpg,Dog,1,331,375
PetImages/Dog/11824.jpg,Dog,1,402,500
PetImages/Dog/11825.jpg,Dog,1,500,377
PetImages/Dog/11826.jpg,Dog,1,442,256
PetImages/Dog/11829.jpg,Dog,1,446,475
PetImages/Dog/1183.jpg,Dog,1,479,500
PetImages/Dog/11831.jpg,Dog,1,350,334
PetImages/Dog/11833.jpg,Dog,1,300,276
PetImages/Dog/11834.jpg,Dog,1,375,500
PetImages/Dog/11835.jpg,Dog,1,200,133
PetImages/Dog/11838.jpg,Dog,1,329,480
PetImages/Dog/1184.jpg,Dog,1,500,375
PetImages/Dog/11840.jpg,Dog,1,350,296
PetImages/Dog/11841.jpg,Dog,1,485,500
PetImages/Dog/11842.jpg,Dog,1,500,375
PetImages/Dog/11843.jpg,Dog,1,500,410
PetImages/Dog/11846.jpg,Dog,1,436,396
PetImages/Dog/11847.jpg,Dog,1,500,375
PetImages/Dog/11848.jpg,Dog,1,500,333
PetImages/Dog/11849.jpg,Dog,1,108,134
PetImages/Dog/1185.jpg,Dog,1,375,500
PetImages/Dog/11850.jpg,Dog,1,382,500
PetImages/Dog/11852.jpg,Dog,1,500,371
PetImages/Dog/11854.jpg,Dog,1,500,437
PetImages/Dog/11856.jpg,Dog,1,220,162
PetImages/Dog/11858.jpg,Dog,1,333,500
PetImages/Dog/11862.jpg,Dog,1,300,285
PetImages/Dog/11863.jpg,Dog,1,364,406
PetImages/Dog/11865.jpg,Dog,1,500,486
PetImages/Dog/11868.jpg,Dog,1,200,190
PetImages/Dog/11869.jpg,Dog,1,500,375
PetImages/Dog/1187.jpg,Dog,1,500,375
PetImages/Dog/11870.jpg,Dog,1,400,300
PetImages/Dog/11871.jpg,Dog,1,480,360
PetImages/Dog/11872.jpg,Dog,1,500,343
PetImages/Dog/11877.jpg,Dog,1,320,448
PetImages/Dog/11879.jpg,Dog,1,500,375
PetImages/Dog/1188.jpg,Dog,1,331,270
PetImages/Dog/11880.jpg,Dog,1,500,375
PetImages/Dog/11881.jpg,Dog,1,272,222
PetImages/Dog/11882.jpg,Dog,1,500,375
PetImages/Dog/11883.jpg,Dog,1,400,300
PetImages/Dog/11884.jpg,Dog,1,322,432
PetImages/Dog/11886.jpg,Dog,1,470,300
PetImages/Dog/11888.jpg,Dog,1,500,374
PetImages/Dog/1189.jpg,Dog,1,500,375
PetImages/Dog/11890.jpg,Dog,1,422,500
PetImages/Dog/11891.jpg,Dog,1,426,320
PetImages/Dog/11892.jpg,Dog,1,288,408
PetImages/Dog/11895.jpg,Dog,1,500,418
PetImages/Dog/11896.jpg,Dog,1,375,346
PetImages/Dog/11898.jpg,Dog,1,311,414
PetImages/Dog/119.jpg,Dog,1,281,400
PetImages/Dog/1190.jpg,Dog,1,328,500
PetImages/Dog/11900.jpg,Dog,1,449,500
PetImages/Dog/11901.jpg,Dog,1,500,400
PetImages/Dog/11902.jpg,Dog,1,384,288
PetImages/Dog/11904.jpg,Dog,1,500,375
PetImages/Dog/11905.jpg,Dog,1,406,312
PetImages/Dog/11908.jpg,Dog,1,500,375
PetImages/Dog/11909.jpg,Dog,1,333,374
PetImages/Dog/1191.jpg,Dog,1,500,375
PetImages/Dog/11912.jpg,Dog,1,400,300
PetImages/Dog/11914.jpg,Dog,1,350,388
PetImages/Dog/11916.jpg,Dog,1,421,500
PetImages/Dog/11917.jpg,Dog,1,422,463
PetImages/Dog/11918.jpg,Dog,1,324,500
PetImages/Dog/11919.jpg,Dog,1,500,373
PetImages/Dog/1192.jpg,Dog,1,311,414
PetImages/Dog/11920.jpg,Dog,1,442,350
PetImages/Dog/11921.jpg,Dog,1,500,375
PetImages/Dog/11923.jpg,Dog,1,500,375
PetImages/Dog/11924.jpg,Dog,1,500,358
PetImages/Dog/11925.jpg,Dog,1,357,500
PetImages/Dog/11926.jpg,Dog,1,424,336
PetImages/Dog/11927.jpg,Dog,1,500,375
PetImages/Dog/11928.jpg,Dog,1,280,500
PetImages/Dog/11929.jpg,Dog,1,200,267
PetImages/Dog/1193.jpg,Dog,1,500,290
PetImages/Dog/11931.jpg,Dog,1,386,500
PetImages/Dog/11933.jpg,Dog,1,212,317
PetImages/Dog/11934.jpg,Dog,1,384,288
PetImages/Dog/11935.jpg,Dog,1,500,375
PetImages/Dog/11936.jpg,Dog,1,499,500
PetImages/Dog/11937.jpg,Dog,1,298,456
PetImages/Dog/11938.jpg,Dog,1,448,336
PetImages/Dog/11940.jpg,Dog,1,500,333
PetImages/Dog/11943.jpg,Dog,1,500,375
PetImages/Dog/11944.jpg,Dog,1,350,231
PetImages/Dog/11945.jpg,Dog,1,224,480
PetImages/Dog/11946.jpg,Dog,1,500,333
PetImages/Dog/11947.jpg,Dog,1,500,375
PetImages/Dog/11948.jpg,Dog,1,243,300
PetImages/Dog/11949.jpg,Dog,1,500,471
PetImages/Dog/11950.jpg,Dog,1,320,217
PetImages/Dog/11951.jpg,Dog,1,500,375
PetImages/Dog/11953.jpg,Dog,1,249,500
PetImages/Dog/11956.jpg,Dog,1,500,319
PetImages/Dog/11957.jpg,Dog,1,200,200
PetImages/Dog/11958.jpg,Dog,1,199,200
PetImages/Dog/11959.jpg,Dog,1,293,500
PetImages/Dog/1196.jpg,Dog,1,500,329
PetImages/Dog/11960.jpg,Dog,1,500,375
PetImages/Dog/11961.jpg,Dog,1,320,240
PetImages/Dog/11963.jpg,Dog,1,288,188
PetImages/Dog/11964.jpg,Dog,1,305,279
PetImages/Dog/11965.jpg,Dog,1,400,327
PetImages/Dog/11966.jpg,Dog,1,375,500
PetImages/Dog/11968.jpg,Dog,1,500,375
PetImages/Dog/11969.jpg,Dog,1,496,472
PetImages/Dog/1197.jpg,Dog,1,111,111
PetImages/Dog/11970.jpg,Dog,1,500,337
PetImages/Dog/11971.jpg,Dog,1,320,240
PetImages/Dog/11972.jpg,Dog,1,500,375
PetImages/Dog/11973.jpg,Dog,1,200,144
PetImages/Dog/11974.jpg,Dog,1,500,455
PetImages/Dog/11975.jpg,Dog,1,404,500
PetImages/Dog/11976.jpg,Dog,1,480,480
PetImages/Dog/11977.jpg,Dog,1,358,500
PetImages/Dog/11978.jpg,Dog,1,360,270
PetImages/Dog/1198.jpg,Dog,1,306,384
PetImages/Dog/11981.jpg,Dog,1,382,336
PetImages/Dog/11982.jpg,Dog,1,500,375
PetImages/Dog/11984.jpg,Dog,1,362,311
PetImages/Dog/11985.jpg,Dog,1,336,480
PetImages/Dog/11986.jpg,Dog,1,500,374
PetImages/Dog/11987.jpg,Dog,1,320,240
PetImages/Dog/11988.jpg,Dog,1,150,101
PetImages/Dog/11989.jpg,Dog,1,500,375
PetImages/Dog/1199.jpg,Dog,1,200,207
PetImages/Dog/11990.jpg,Dog,1,500,333
PetImages/Dog/11991.jpg,Dog,1,180,147
PetImages/Dog/11992.jpg,Dog,1,500,334
PetImages/Dog/11993.jpg,Dog,1,345,500
PetImages/Dog/11995.jpg,Dog,1,308,423
PetImages/Dog/11996.jpg,Dog,1,414,362
PetImages/Dog/11997.jpg,Dog,1,393,500
PetImages/Dog/11998.jpg,Dog,1,500,340
PetImages/Dog/11999.jpg,Dog,1,500,375
PetImages/Dog/120.jpg,Dog,1,449,500
PetImages/Dog/1200.jpg,Dog,1,400,300
PetImages/Dog/12000.jpg,Dog,1,356,500
PetImages/Dog/12001.jpg,Dog,1,212,159
PetImages/Dog/12002.jpg,Dog,1,301,378
PetImages/Dog/12003.jpg,Dog,1,500,375
PetImages/Dog/12005.jpg,Dog,1,448,299
PetImages/Dog/12006.jpg,Dog,1,400,300
PetImages/Dog/12007.jpg,Dog,1,397,282
PetImages/Dog/12009.jpg,Dog,1,381,399
PetImages/Dog/1201.jpg,Dog,1,486,500
PetImages/Dog/12010.jpg,Dog,1,341,288
PetImages/Dog/12011.jpg,Dog,1,477,460
PetImages/Dog/12012.jpg,Dog,1,391,500
PetImages/Dog/12013.jpg,Dog,1,431,500
PetImages/Dog/12016.jpg,Dog,1,408,327
PetImages/Dog/12018.jpg,Dog,1,288,296
PetImages/Dog/1202.jpg,Dog,1,449,500
PetImages/Dog/12020.jpg,Dog,1,500,375
PetImages/Dog/12022.jpg,Dog,1,396,411
PetImages/Dog/12023.jpg,Dog,1,500,426
PetImages/Dog/12024.jpg,Dog,1,450,450
PetImages/Dog/12025.jpg,Dog,1,500,495
PetImages/Dog/12026.jpg,Dog,1,333,350
PetImages/Dog/12027.jpg,Dog,1,500,358
PetImages/Dog/12030.jpg,Dog,1,500,375
PetImages/Dog/12031.jpg,Dog,1,500,375
PetImages/Dog/12032.jpg,Dog,1,500,374
PetImages/Dog/12035.jpg,Dog,1,500,375
PetImages/Dog/12036.jpg,Dog,1,400,246
PetImages/Dog/12037.jpg,Dog,1,320,240
PetImages/Dog/12038.jpg,Dog,1,320,240
PetImages/Dog/12039.jpg,Dog,1,500,375
PetImages/Dog/1204.jpg,Dog,1,289,458
PetImages/Dog/12041.jpg,Dog,1,434,500
PetImages/Dog/12042.jpg,Dog,1,350,262
PetImages/Dog/12044.jpg,Dog,1,500,307
PetImages/Dog/12045.jpg,Dog,1,500,417
PetImages/Dog/12046.jpg,Dog,1,500,375
PetImages/Dog/12047.jpg,Dog,1,500,425
PetImages/Dog/12048.jpg,Dog,1,200,182
PetImages/Dog/12049.jpg,Dog,1,427,500
PetImages/Dog/12050.jpg,Dog,1,375,500
PetImages/Dog/12052.jpg,Dog,1,350,262
PetImages/Dog/12053.jpg,Dog,1,500,438
PetImages/Dog/12054.jpg,Dog,1,500,375
PetImages/Dog/12056.jpg,Dog,1,500,375
PetImages/Dog/12057.jpg,Dog,1,500,375
PetImages/Dog/12058.jpg,Dog,1,500,338
PetImages/Dog/12061.jpg,Dog,1,500,285
PetImages/Dog/12063.jpg,Dog,1,500,375
PetImages/Dog/12064.jpg,Dog,1,500,375
PetImages/Dog/12067.jpg,Dog,1,500,375
PetImages/Dog/12071.jpg,Dog,1,269,300
PetImages/Dog/12073.jpg,Dog,1,500,375
PetImages/Dog/12074.jpg,Dog,1,500,375
PetImages/Dog/12075.jpg,Dog,1,500,375
PetImages/Dog/12076.jpg,Dog,1,240,296
PetImages/Dog/12078.jpg,Dog,1,294,249
PetImages/Dog/12079.jpg,Dog,1,500,333
PetImages/Dog/1208.jpg,Dog,1,500,375
PetImages/Dog/12080.jpg,Dog,1,420,414
PetImages/Dog/12082.jpg,Dog,1,500,331
PetImages/Dog/12085.jpg,Dog,1,320,325
PetImages/Dog/1209.jpg,Dog,1,500,375
PetImages/Dog/12091.jpg,Dog,1,500,333
PetImages/Dog/12092.jpg,Dog,1,350,262
PetImages/Dog/12093.jpg,Dog,1,500,375
PetImages/Dog/12094.jpg,Dog,1,500,375
PetImages/Dog/12095.jpg,Dog,1,500,375
PetImages/Dog/12096.jpg,Dog,1,343,301
PetImages/Dog/12097.jpg,Dog,1,169,300
PetImages/Dog/12099.jpg,Dog,1,294,233
PetImages/Dog/121.jpg,Dog,1,500,335
PetImages/Dog/12101.jpg,Dog,1,326,500
PetImages/Dog/12102.jpg,Dog,1,196,179
PetImages/Dog/12103.jpg,Dog,1,332,500
PetImages/Dog/12106.jpg,Dog,1,172,200
PetImages/Dog/12108.jpg,Dog,1,500,354
PetImages/Dog/1211.jpg,Dog,1,500,375
PetImages/Dog/12111.jpg,Dog,1,500,375
PetImages/Dog/12112.jpg,Dog,1,500,375
PetImages/Dog/12113.jpg,Dog,1,367,379
PetImages/Dog/12114.jpg,Dog,1,320,240
PetImages/Dog/12115.jpg,Dog,1,400,308
PetImages/Dog/12116.jpg,Dog,1,442,406
PetImages/Dog/12118.jpg,Dog,1,500,467
PetImages/Dog/12119.jpg,Dog,1,350,405
PetImages/Dog/1212.jpg,Dog,1,500,467
PetImages/Dog/12120.jpg,Dog,1,500,375
PetImages/Dog/12121.jpg,Dog,1,375,500
PetImages/Dog/12123.jpg,Dog,1,191,219
PetImages/Dog/12124.jpg,Dog,1,500,374
PetImages/Dog/12126.jpg,Dog,1,223,166
PetImages/Dog/12127.jpg,Dog,1,446,336
PetImages/Dog/12128.jpg,Dog,1,305,500
PetImages/Dog/12129.jpg,Dog,1,500,381
PetImages/Dog/12130.jpg,Dog,1,500,375
PetImages/Dog/12131.jpg,Dog,1,500,488
PetImages/Dog/12132.jpg,Dog,1,500,427
PetImages/Dog/12133.jpg,Dog,1,139,200
PetImages/Dog/12134.jpg,Dog,1,500,333
PetImages/Dog/12137.jpg,Dog,1,378,320
PetImages/Dog/12138.jpg,Dog,1,450,357
PetImages/Dog/1214.jpg,Dog,1,500,375
PetImages/Dog/12140.jpg,Dog,1,400,483
PetImages/Dog/12141.jpg,Dog,1,500,421
PetImages/Dog/12142.jpg,Dog,1,320,240
PetImages/Dog/12144.jpg,Dog,1,500,375
PetImages/Dog/12145.jpg,Dog,1,500,407
PetImages/Dog/12146.jpg,Dog,1,350,280
PetImages/Dog/12147.jpg,Dog,1,314,226
PetImages/Dog/12148.jpg,Dog,1,500,375
PetImages/Dog/12149.jpg,Dog,1,500,423
PetImages/Dog/12150.jpg,Dog,1,500,375
PetImages/Dog/12151.jpg,Dog,1,400,300
PetImages/Dog/12152.jpg,Dog,1,500,300
PetImages/Dog/12153.jpg,Dog,1,500,375
PetImages/Dog/12155.jpg,Dog,1,297,500
PetImages/Dog/12156.jpg,Dog,1,500,371
PetImages/Dog/12157.jpg,Dog,1,500,371
PetImages/Dog/1216.jpg,Dog,1,500,467
PetImages/Dog/12160.jpg,Dog,1,412,378
PetImages/Dog/12162.jpg,Dog,1,500,459
PetImages/Dog/12164.jpg,Dog,1,300,225
PetImages/Dog/12165.jpg,Dog,1,500,375
PetImages/Dog/12166.jpg,Dog,1,397,330
PetImages/Dog/12168.jpg,Dog,1,416,312
PetImages/Dog/12169.jpg,Dog,1,120,191
PetImages/Dog/12170.jpg,Dog,1,500,375
PetImages/Dog/12171.jpg,Dog,1,340,500
PetImages/Dog/12173.jpg,Dog,1,357,500
PetImages/Dog/12174.jpg,Dog,1,275,165
PetImages/Dog/12175.jpg,Dog,1,397,500
PetImages/Dog/12176.jpg,Dog,1,308,400
PetImages/Dog/12177.jpg,Dog,1,500,375
PetImages/Dog/12178.jpg,Dog,1,120,90
PetImages/Dog/12181.jpg,Dog,1,431,500
PetImages/Dog/12183.jpg,Dog,1,413,500
PetImages/Dog/12187.jpg,Dog,1,277,299
PetImages/Dog/12188.jpg,Dog,1,395,500
PetImages/Dog/12189.jpg,Dog,1,351,400
PetImages/Dog/1219.jpg,Dog,1,500,287
PetImages/Dog/12190.jpg,Dog,1,500,375
PetImages/Dog/12191.jpg,Dog,1,464,500
PetImages/Dog/12192.jpg,Dog,1,320,240
PetImages/Dog/12193.jpg,Dog,1,349,463
PetImages/Dog/12194.jpg,Dog,1,358,500
PetImages/Dog/12195.jpg,Dog,1,500,333
PetImages/Dog/12196.jpg,Dog,1,464,292
PetImages/Dog/12197.jpg,Dog,1,200,200
PetImages/Dog/12198.jpg,Dog,1,457,497
PetImages/Dog/12199.jpg,Dog,1,363,500
PetImages/Dog/122.jpg,Dog,1,350,263
PetImages/Dog/1220.jpg,Dog,1,367,470
PetImages/Dog/12200.jpg,Dog,1,500,375
PetImages/Dog/12201.jpg,Dog,1,500,375
PetImages/Dog/12202.jpg,Dog,1,314,209
PetImages/Dog/12203.jpg,Dog,1,176,199
PetImages/Dog/12204.jpg,Dog,1,500,323
PetImages/Dog/12205.jpg,Dog,1,500,375
PetImages/Dog/12206.jpg,Dog,1,500,333
PetImages/Dog/12207.jpg,Dog,1,297,480
PetImages/Dog/12208.jpg,Dog,1,400,267
PetImages/Dog/12209.jpg,Dog,1,306,500
PetImages/Dog/12211.jpg,Dog,1,350,406
PetImages/Dog/12213.jpg,Dog,1,430,500
PetImages/Dog/12217.jpg,Dog,1,500,428
PetImages/Dog/12219.jpg,Dog,1,490,500
PetImages/Dog/12220.jpg,Dog,1,500,375
PetImages/Dog/12221.jpg,Dog,1,500,375
PetImages/Dog/12222.jpg,Dog,1,500,375
PetImages/Dog/12223.jpg,Dog,1,108,101
PetImages/Dog/12224.jpg,Dog,1,500,371
PetImages/Dog/12225.jpg,Dog,1,328,500
PetImages/Dog/12226.jpg,Dog,1,460,340
PetImages/Dog/12227.jpg,Dog,1,378,500
PetImages/Dog/12228.jpg,Dog,1,394,500
PetImages/Dog/12229.jpg,Dog,1,500,479
PetImages/Dog/12231.jpg,Dog,1,266,400
PetImages/Dog/12232.jpg,Dog,1,500,374
PetImages/Dog/12233.jpg,Dog,1,389,500
PetImages/Dog/12234.jpg,Dog,1,423,481
PetImages/Dog/12237.jpg,Dog,1,281,416
PetImages/Dog/12238.jpg,Dog,1,500,375
PetImages/Dog/12239.jpg,Dog,1,500,418
PetImages/Dog/12240.jpg,Dog,1,421,347
PetImages/Dog/12243.jpg,Dog,1,500,375
PetImages/Dog/12246.jpg,Dog,1,500,375
PetImages/Dog/12247.jpg,Dog,1,500,375
PetImages/Dog/12249.jpg,Dog,1,428,500
PetImages/Dog/1225.jpg,Dog,1,500,375
PetImages/Dog/12250.jpg,Dog,1,380,285
PetImages/Dog/12251.jpg,Dog,1,223,332
PetImages/Dog/12252.jpg,Dog,1,336,379
PetImages/Dog/12253.jpg,Dog,1,374,500
PetImages/Dog/12255.jpg,Dog,1,500,341
PetImages/Dog/12257.jpg,Dog,1,278,500
PetImages/Dog/12258.jpg,Dog,1,500,332
PetImages/Dog/1226.jpg,Dog,1,500,375
PetImages/Dog/12260.jpg,Dog,1,500,375
PetImages/Dog/12261.jpg,Dog,1,261,500
PetImages/Dog/12262.jpg,Dog,1,480,360
PetImages/Dog/12264.jpg,Dog,1,465,500
PetImages/Dog/12265.jpg,Dog,1,105,103
PetImages/Dog/12266.jpg,Dog,1,130,253
PetImages/Dog/12267.jpg,Dog,1,319,480
PetImages/Dog/12268.jpg,Dog,1,370,278
PetImages/Dog/1227.jpg,Dog,1,263,294
PetImages/Dog/12271.jpg,Dog,1,375,500
PetImages/Dog/12272.jpg,Dog,1,333,500
PetImages/Dog/12273.jpg,Dog,1,332,500
PetImages/Dog/12274.jpg,Dog,1,308,500
PetImages/Dog/12276.jpg,Dog,1,500,438
PetImages/Dog/12278.jpg,Dog,1,344,436
PetImages/Dog/12279.jpg,Dog,1,500,469
PetImages/Dog/12280.jpg,Dog,1,305,500
PetImages/Dog/12281.jpg,Dog,1,226,300
PetImages/Dog/12282.jpg,Dog,1,500,375
PetImages/Dog/12283.jpg,Dog,1,326,300
PetImages/Dog/12285.jpg,Dog,1,500,375
PetImages/Dog/12286.jpg,Dog,1,388,336
PetImages/Dog/12287.jpg,Dog,1,500,357
PetImages/Dog/12288.jpg,Dog,1,335,351
PetImages/Dog/12289.jpg,Dog,1,164,150
PetImages/Dog/1229.jpg,Dog,1,500,331
PetImages/Dog/12290.jpg,Dog,1,412,369
PetImages/Dog/12291.jpg,Dog,1,500,375
PetImages/Dog/12292.jpg,Dog,1,500,375
PetImages/Dog/12293.jpg,Dog,1,500,500
PetImages/Dog/12295.jpg,Dog,1,375,500
PetImages/Dog/12298.jpg,Dog,1,350,262
PetImages/Dog/12299.jpg,Dog,1,478,500
PetImages/Dog/123.jpg,Dog,1,500,375
PetImages/Dog/1230.jpg,Dog,1,143,212
PetImages/Dog/12300.jpg,Dog,1,294,500
PetImages/Dog/12301.jpg,Dog,1,480,384
PetImages/Dog/12302.jpg,Dog,1,358,364
PetImages/Dog/12305.jpg,Dog,1,500,375
PetImages/Dog/12306.jpg,Dog,1,277,400
PetImages/Dog/12307.jpg,Dog,1,500,375
PetImages/Dog/12309.jpg,Dog,1,340,500
PetImages/Dog/1231.jpg,Dog,1,321,500
PetImages/Dog/12310.jpg,Dog,1,500,375
PetImages/Dog/12313.jpg,Dog,1,354,430
PetImages/Dog/12315.jpg,Dog,1,169,270
PetImages/Dog/12316.jpg,Dog,1,278,360
PetImages/Dog/12317.jpg,Dog,1,500,375
PetImages/Dog/12318.jpg,Dog,1,500,420
PetImages/Dog/12319.jpg,Dog,1,500,418
PetImages/Dog/12320.jpg,Dog,1,380,360
PetImages/Dog/12321.jpg,Dog,1,500,375
PetImages/Dog/12322.jpg,Dog,1,120,100
PetImages/Dog/12323.jpg,Dog,1,223,292
PetImages/Dog/12324.jpg,Dog,1,306,328
PetImages/Dog/12327.jpg,Dog,1,352,336
PetImages/Dog/12328.jpg,Dog,1,335,352
PetImages/Dog/12329.jpg,Dog,1,396,261
PetImages/Dog/12332.jpg,Dog,1,500,362
PetImages/Dog/12334.jpg,Dog,1,200,200
PetImages/Dog/12335.jpg,Dog,1,200,271
PetImages/Dog/12336.jpg,Dog,1,333,500
PetImages/Dog/12337.jpg,Dog,1,170,255
PetImages/Dog/12339.jpg,Dog,1,371,500
PetImages/Dog/1234.jpg,Dog,1,343,500
PetImages/Dog/12340.jpg,Dog,1,500,375
PetImages/Dog/12341.jpg,Dog,1,500,377
PetImages/Dog/12345.jpg,Dog,1,500,488
PetImages/Dog/12348.jpg,Dog,1,458,415
PetImages/Dog/1235.jpg,Dog,1,250,245
PetImages/Dog/12350.jpg,Dog,1,500,375
PetImages/Dog/12351.jpg,Dog,1,500,375
PetImages/Dog/12352.jpg,Dog,1,482,361
PetImages/Dog/12353.jpg,Dog,1,500,375
PetImages/Dog/12354.jpg,Dog,1,500,500
PetImages/Dog/12355.jpg,Dog,1,500,375
PetImages/Dog/12356.jpg,Dog,1,500,455
PetImages/Dog/12357.jpg,Dog,1,427,500
PetImages/Dog/12358.jpg,Dog,1,143,217
PetImages/Dog/12359.jpg,Dog,1,303,399
PetImages/Dog/1236.jpg,Dog,1,500,500
PetImages/Dog/12362.jpg,Dog,1,500,333
PetImages/Dog/12364.jpg,Dog,1,500,407
PetImages/Dog/12365.jpg,Dog,1,320,240
PetImages/Dog/12366.jpg,Dog,1,385,500
PetImages/Dog/12368.jpg,Dog,1,500,375
PetImages/Dog/12369.jpg,Dog,1,456,500
PetImages/Dog/12370.jpg,Dog,1,350,383
PetImages/Dog/12371.jpg,Dog,1,448,336
PetImages/Dog/12372.jpg,Dog,1,320,240
PetImages/Dog/12374.jpg,Dog,1,419,349
PetImages/Dog/12375.jpg,Dog,1,401,325
PetImages/Dog/12376.jpg,Dog,1,500,375
PetImages/Dog/12377.jpg,Dog,1,320,344
PetImages/Dog/12379.jpg,Dog,1,500,375
PetImages/Dog/1238.jpg,Dog,1,500,374
PetImages/Dog/12380.jpg,Dog,1,500,333
PetImages/Dog/12381.jpg,Dog,1,500,375
PetImages/Dog/12382.jpg,Dog,1,500,375
PetImages/Dog/12383.jpg,Dog,1,325,500
PetImages/Dog/12384.jpg,Dog,1,441,435
PetImages/Dog/12386.jpg,Dog,1,446,372
PetImages/Dog/12387.jpg,Dog,1,422,500
PetImages/Dog/12389.jpg,Dog,1,500,375
PetImages/Dog/1239.jpg,Dog,1,500,382
PetImages/Dog/12390.jpg,Dog,1,500,382
PetImages/Dog/12391.jpg,Dog,1,500,431
PetImages/Dog/12393.jpg,Dog,1,500,445
PetImages/Dog/12394.jpg,Dog,1,396,398
PetImages/Dog/12397.jpg,Dog,1,353,467
PetImages/Dog/12399.jpg,Dog,1,235,276
PetImages/Dog/1240.jpg,Dog,1,500,375
PetImages/Dog/12400.jpg,Dog,1,500,383
PetImages/Dog/12401.jpg,Dog,1,200,200
PetImages/Dog/12403.jpg,Dog,1,219,164
PetImages/Dog/12404.jpg,Dog,1,419,500
PetImages/Dog/12406.jpg,Dog,1,333,500
PetImages/Dog/12407.jpg,Dog,1,483,500
PetImages/Dog/12408.jpg,Dog,1,199,163
PetImages/Dog/1241.jpg,Dog,1,251,285
PetImages/Dog/12410.jpg,Dog,1,500,375
PetImages/Dog/12411.jpg,Dog,1,320,239
PetImages/Dog/12412.jpg,Dog,1,476,500
PetImages/Dog/12413.jpg,Dog,1,500,347
PetImages/Dog/12414.jpg,Dog,1,500,375
PetImages/Dog/12415.jpg,Dog,1,372,255
PetImages/Dog/12417.jpg,Dog,1,500,375
PetImages/Dog/12418.jpg,Dog,1,500,375
PetImages/Dog/1242.jpg,Dog,1,375,500
PetImages/Dog/12420.jpg,Dog,1,299,278
PetImages/Dog/12421.jpg,Dog,1,205,364
PetImages/Dog/12422.jpg,Dog,1,280,260
PetImages/Dog/12424.jpg,Dog,1,500,375
PetImages/Dog/12425.jpg,Dog,1,180,240
PetImages/Dog/12426.jpg,Dog,1,323,500
PetImages/Dog/12427.jpg,Dog,1,500,375
PetImages/Dog/12429.jpg,Dog,1,201,285
PetImages/Dog/1243.jpg,Dog,1,400,195
PetImages/Dog/12430.jpg,Dog,1,500,373
PetImages/Dog/12431.jpg,Dog,1,500,333
PetImages/Dog/12432.jpg,Dog,1,320,240
PetImages/Dog/12433.jpg,Dog,1,500,413
PetImages/Dog/12434.jpg,Dog,1,333,500
PetImages/Dog/12436.jpg,Dog,1,500,375
PetImages/Dog/12437.jpg,Dog,1,345,500
PetImages/Dog/12438.jpg,Dog,1,370,280
PetImages/Dog/12439.jpg,Dog,1,420,500
PetImages/Dog/12441.jpg,Dog,1,375,500
PetImages/Dog/12442.jpg,Dog,1,500,375
PetImages/Dog/12443.jpg,Dog,1,350,476
PetImages/Dog/12445.jpg,Dog,1,500,393
PetImages/Dog/12446.jpg,Dog,1,457,325
PetImages/Dog/12449.jpg,Dog,1,500,375
PetImages/Dog/1245.jpg,Dog,1,347,500
PetImages/Dog/12450.jpg,Dog,1,276,398
PetImages/Dog/12454.jpg,Dog,1,305,270
PetImages/Dog/12458.jpg,Dog,1,185,340
PetImages/Dog/12459.jpg,Dog,1,249,200
PetImages/Dog/12460.jpg,Dog,1,451,258
PetImages/Dog/12461.jpg,Dog,1,394,500
PetImages/Dog/12462.jpg,Dog,1,500,375
PetImages/Dog/12463.jpg,Dog,1,500,482
PetImages/Dog/12466.jpg,Dog,1,450,312
PetImages/Dog/12467.jpg,Dog,1,400,316
PetImages/Dog/12468.jpg,Dog,1,500,375
PetImages/Dog/12469.jpg,Dog,1,421,378
PetImages/Dog/1247.jpg,Dog,1,400,296
PetImages/Dog/12470.jpg,Dog,1,200,250
PetImages/Dog/12471.jpg,Dog,1,500,398
PetImages/Dog/12472.jpg,Dog,1,400,351
PetImages/Dog/12473.jpg,Dog,1,500,332
PetImages/Dog/12474.jpg,Dog,1,400,267
PetImages/Dog/12475.jpg,Dog,1,221,240
PetImages/Dog/12476.jpg,Dog,1,216,433
PetImages/Dog/12478.jpg,Dog,1,500,375
PetImages/Dog/12479.jpg,Dog,1,320,240
PetImages/Dog/1248.jpg,Dog,1,500,375
PetImages/Dog/12480.jpg,Dog,1,500,375
PetImages/Dog/12482.jpg,Dog,1,500,375
PetImages/Dog/12483.jpg,Dog,1,425,500
PetImages/Dog/12484.jpg,Dog,1,500,489
PetImages/Dog/12485.jpg,Dog,1,500,375
PetImages/Dog/12486.jpg,Dog,1,500,314
PetImages/Dog/12487.jpg,Dog,1,280,343
PetImages/Dog/12489.jpg,Dog,1,500,404
PetImages/Dog/12490.jpg,Dog,1,500,374
PetImages/Dog/12492.jpg,Dog,1,239,360
PetImages/Dog/12496.jpg,Dog,1,500,375
PetImages/Dog/12497.jpg,Dog,1,500,375
PetImages/Dog/12498.jpg,Dog,1,500,377
PetImages/Dog/12499.jpg,Dog,1,300,401
PetImages/Dog/125.jpg,Dog,1,336,366
PetImages/Dog/1250.jpg,Dog,1,500,375
PetImages/Dog/1252.jpg,Dog,1,500,375
PetImages/Dog/1253.jpg,Dog,1,494,500
PetImages/Dog/1254.jpg,Dog,1,500,375
PetImages/Dog/1256.jpg,Dog,1,320,398
PetImages/Dog/1257.jpg,Dog,1,475,268
PetImages/Dog/1263.jpg,Dog,1,480,388
PetImages/Dog/1264.jpg,Dog,1,480,360
PetImages/Dog/1265.jpg,Dog,1,500,375
PetImages/Dog/1267.jpg,Dog,1,336,500
PetImages/Dog/1268.jpg,Dog,1,368,311
PetImages/Dog/1269.jpg,Dog,1,500,333
PetImages/Dog/127.jpg,Dog,1,337,226
PetImages/Dog/1272.jpg,Dog,1,200,253
PetImages/Dog/1273.jpg,Dog,1,214,222
PetImages/Dog/1274.jpg,Dog,1,308,500
PetImages/Dog/1275.jpg,Dog,1,450,349
PetImages/Dog/1276.jpg,Dog,1,500,404
PetImages/Dog/1277.jpg,Dog,1,411,383
PetImages/Dog/1278.jpg,Dog,1,362,500
PetImages/Dog/1279.jpg,Dog,1,500,367
PetImages/Dog/128.jpg,Dog,1,375,500
PetImages/Dog/1280.jpg,Dog,1,463,500
PetImages/Dog/1282.jpg,Dog,1,459,500
PetImages/Dog/1283.jpg,Dog,1,500,481
PetImages/Dog/1284.jpg,Dog,1,500,325
PetImages/Dog/1285.jpg,Dog,1,390,500
PetImages/Dog/1287.jpg,Dog,1,500,375
PetImages/Dog/1288.jpg,Dog,1,448,336
PetImages/Dog/129.jpg,Dog,1,201,267
PetImages/Dog/1291.jpg,Dog,1,500,375
PetImages/Dog/1292.jpg,Dog,1,500,375
PetImages/Dog/1294.jpg,Dog,1,196,401
PetImages/Dog/1295.jpg,Dog,1,500,375
PetImages/Dog/1296.jpg,Dog,1,500,375
PetImages/Dog/1297.jpg,Dog,1,250,195
PetImages/Dog/1298.jpg,Dog,1,500,374
PetImages/Dog/13.jpg,Dog,1,363,428
PetImages/Dog/130.jpg,Dog,1,125,252
PetImages/Dog/1300.jpg,Dog,1,248,260
PetImages/Dog/1301.jpg,Dog,1,363,388
PetImages/Dog/1302.jpg,Dog,1,500,375
PetImages/Dog/1304.jpg,Dog,1,500,375
PetImages/Dog/1305.jpg,Dog,1,500,375
PetImages/Dog/1306.jpg,Dog,1,417,336
PetImages/Dog/1307.jpg,Dog,1,150,113
PetImages/Dog/1308.jpg,Dog,1,180,100
PetImages/Dog/1309.jpg,Dog,1,500,382
PetImages/Dog/1311.jpg,Dog,1,500,375
PetImages/Dog/1312.jpg,Dog,1,411,499
PetImages/Dog/1315.jpg,Dog,1,500,375
PetImages/Dog/1316.jpg,Dog,1,500,375
PetImages/Dog/1317.jpg,Dog,1,299,448
PetImages/Dog/1318.jpg,Dog,1,374,500
PetImages/Dog/1319.jpg,Dog,1,335,352
PetImages/Dog/132.jpg,Dog,1,347,277
PetImages/Dog/1321.jpg,Dog,1,400,500
PetImages/Dog/1322.jpg,Dog,1,363,500
PetImages/Dog/1324.jpg,Dog,1,60,45
PetImages/Dog/1325.jpg,Dog,1,273,315
PetImages/Dog/1326.jpg,Dog,1,280,210
PetImages/Dog/1327.jpg,Dog,1,275,350
PetImages/Dog/1329.jpg,Dog,1,500,375
PetImages/Dog/1330.jpg,Dog,1,286,300
PetImages/Dog/1333.jpg,Dog,1,500,309
PetImages/Dog/1335.jpg,Dog,1,400,400
PetImages/Dog/1336.jpg,Dog,1,500,375
PetImages/Dog/1337.jpg,Dog,1,392,500
PetImages/Dog/1338.jpg,Dog,1,500,375
PetImages/Dog/1339.jpg,Dog,1,180,240
PetImages/Dog/134.jpg,Dog,1,400,269
PetImages/Dog/1341.jpg,Dog,1,500,375
PetImages/Dog/1342.jpg,Dog,1,317,238
PetImages/Dog/1343.jpg,Dog,1,370,364
PetImages/Dog/1344.jpg,Dog,1,500,499
PetImages/Dog/1347.jpg,Dog,1,500,410
PetImages/Dog/1348.jpg,Dog,1,302,472
PetImages/Dog/1349.jpg,Dog,1,350,290
PetImages/Dog/135.jpg,Dog,1,298,232
PetImages/Dog/1350.jpg,Dog,1,500,333
PetImages/Dog/1352.jpg,Dog,1,357,312
PetImages/Dog/1355.jpg,Dog,1,333,500
PetImages/Dog/1358.jpg,Dog,1,500,375
PetImages/Dog/1359.jpg,Dog,1,500,375
PetImages/Dog/1360.jpg,Dog,1,350,342
PetImages/Dog/1361.jpg,Dog,1,228,270
PetImages/Dog/1362.jpg,Dog,1,432,324
PetImages/Dog/1364.jpg,Dog,1,500,375
PetImages/Dog/1367.jpg,Dog,1,500,324
PetImages/Dog/1369.jpg,Dog,1,500,455
PetImages/Dog/137.jpg,Dog,1,500,375
PetImages/Dog/1370.jpg,Dog,1,500,375
PetImages/Dog/1371.jpg,Dog,1,237,273
PetImages/Dog/1372.jpg,Dog,1,332,500
PetImages/Dog/1374.jpg,Dog,1,320,240
PetImages/Dog/1376.jpg,Dog,1,248,363
PetImages/Dog/1377.jpg,Dog,1,350,262
PetImages/Dog/1379.jpg,Dog,1,200,187
PetImages/Dog/1380.jpg,Dog,1,500,333
PetImages/Dog/1381.jpg,Dog,1,70,52
PetImages/Dog/1387.jpg,Dog,1,289,446
PetImages/Dog/1389.jpg,Dog,1,500,453
PetImages/Dog/139.jpg,Dog,1,473,353
PetImages/Dog/1390.jpg,Dog,1,192,145
PetImages/Dog/1392.jpg,Dog,1,500,332
PetImages/Dog/1393.jpg,Dog,1,500,373
PetImages/Dog/1394.jpg,Dog,1,156,200
PetImages/Dog/1395.jpg,Dog,1,322,260
PetImages/Dog/1397.jpg,Dog,1,350,262
PetImages/Dog/1398.jpg,Dog,1,366,450
PetImages/Dog/1399.jpg,Dog,1,459,483
PetImages/Dog/140.jpg,Dog,1,500,266
PetImages/Dog/1401.jpg,Dog,1,306,220
PetImages/Dog/1402.jpg,Dog,1,375,500
PetImages/Dog/1404.jpg,Dog,1,226,301
PetImages/Dog/1405.jpg,Dog,1,373,500
PetImages/Dog/1407.jpg,Dog,1,400,362
PetImages/Dog/1409.jpg,Dog,1,394,327
PetImages/Dog/141.jpg,Dog,1,500,375
PetImages/Dog/1412.jpg,Dog,1,500,375
PetImages/Dog/1413.jpg,Dog,1,500,375
PetImages/Dog/1414.jpg,Dog,1,360,300
PetImages/Dog/1415.jpg,Dog,1,400,400
PetImages/Dog/1416.jpg,Dog,1,432,500
PetImages/Dog/1417.jpg,Dog,1,360,240
PetImages/Dog/1418.jpg,Dog,1,500,375
PetImages/Dog/1419.jpg,Dog,1,356,500
PetImages/Dog/142.jpg,Dog,1,250,196
PetImages/Dog/1421.jpg,Dog,1,500,375
PetImages/Dog/1422.jpg,Dog,1,500,407
PetImages/Dog/1423.jpg,Dog,1,500,475
PetImages/Dog/1424.jpg,Dog,1,500,429
PetImages/Dog/1425.jpg,Dog,1,286,380
PetImages/Dog/1428.jpg,Dog,1,500,375
PetImages/Dog/1429.jpg,Dog,1,500,375
PetImages/Dog/143.jpg,Dog,1,500,334
PetImages/Dog/1430.jpg,Dog,1,500,375
PetImages/Dog/1431.jpg,Dog,1,500,498
PetImages/Dog/1432.jpg,Dog,1,375,500
PetImages/Dog/1433.jpg,Dog,1,400,500
PetImages/Dog/1435.jpg,Dog,1,448,336
PetImages/Dog/1436.jpg,Dog,1,500,375
PetImages/Dog/1437.jpg,Dog,1,397,343
PetImages/Dog/1438.jpg,Dog,1,500,375
PetImages/Dog/1439.jpg,Dog,1,154,187
PetImages/Dog/1443.jpg,Dog,1,491,500
PetImages/Dog/1444.jpg,Dog,1,352,500
PetImages/Dog/1445.jpg,Dog,1,500,374
PetImages/Dog/1446.jpg,Dog,1,500,334
PetImages/Dog/1447.jpg,Dog,1,397,500
PetImages/Dog/1448.jpg,Dog,1,500,375
PetImages/Dog/1449.jpg,Dog,1,500,333
PetImages/Dog/145.jpg,Dog,1,500,375
PetImages/Dog/1450.jpg,Dog,1,407,500
PetImages/Dog/1451.jpg,Dog,1,379,416
PetImages/Dog/1454.jpg,Dog,1,500,375
PetImages/Dog/1455.jpg,Dog,1,500,375
PetImages/Dog/1456.jpg,Dog,1,480,360
PetImages/Dog/1457.jpg,Dog,1,280,210
PetImages/Dog/1458.jpg,Dog,1,288,287
PetImages/Dog/1459.jpg,Dog,1,500,445
PetImages/Dog/146.jpg,Dog,1,500,375
PetImages/Dog/1461.jpg,Dog,1,248,301
PetImages/Dog/1464.jpg,Dog,1,500,429
PetImages/Dog/1466.jpg,Dog,1,476,500
PetImages/Dog/1467.jpg,Dog,1,333,500
PetImages/Dog/1469.jpg,Dog,1,500,436
PetImages/Dog/147.jpg,Dog,1,500,375
PetImages/Dog/1471.jpg,Dog,1,459,500
PetImages/Dog/1472.jpg,Dog,1,240,235
PetImages/Dog/1474.jpg,Dog,1,500,321
PetImages/Dog/1475.jpg,Dog,1,500,492
PetImages/Dog/1476.jpg,Dog,1,432,322
PetImages/Dog/1477.jpg,Dog,1,500,375
PetImages/Dog/1479.jpg,Dog,1,500,375
PetImages/Dog/148.jpg,Dog,1,500,332
PetImages/Dog/1480.jpg,Dog,1,312,500
PetImages/Dog/1482.jpg,Dog,1,300,247
PetImages/Dog/1483.jpg,Dog,1,213,500
PetImages/Dog/1484.jpg,Dog,1,200,165
PetImages/Dog/1485.jpg,Dog,1,413,500
PetImages/Dog/1488.jpg,Dog,1,500,375
PetImages/Dog/1489.jpg,Dog,1,500,410
PetImages/Dog/149.jpg,Dog,1,226,235
PetImages/Dog/1491.jpg,Dog,1,500,375
PetImages/Dog/1492.jpg,Dog,1,252,189
PetImages/Dog/1493.jpg,Dog,1,500,375
PetImages/Dog/1495.jpg,Dog,1,500,375
PetImages/Dog/1497.jpg,Dog,1,500,375
PetImages/Dog/1499.jpg,Dog,1,500,253
PetImages/Dog/150.jpg,Dog,1,500,435
PetImages/Dog/1500.jpg,Dog,1,407,282
PetImages/Dog/1501.jpg,Dog,1,500,375
PetImages/Dog/1502.jpg,Dog,1,320,240
PetImages/Dog/1503.jpg,Dog,1,420,500
PetImages/Dog/1504.jpg,Dog,1,395,360
PetImages/Dog/1505.jpg,Dog,1,300,226
PetImages/Dog/1508.jpg,Dog,1,432,324
PetImages/Dog/1509.jpg,Dog,1,500,375
PetImages/Dog/151.jpg,Dog,1,500,375
PetImages/Dog/1511.jpg,Dog,1,206,300
PetImages/Dog/1512.jpg,Dog,1,368,377
PetImages/Dog/1513.jpg,Dog,1,200,200
PetImages/Dog/1514.jpg,Dog,1,220,199
PetImages/Dog/1516.jpg,Dog,1,500,375
PetImages/Dog/1518.jpg,Dog,1,403,324
PetImages/Dog/1520.jpg,Dog,1,500,498
PetImages/Dog/1521.jpg,Dog,1,500,377
PetImages/Dog/1522.jpg,Dog,1,450,327
PetImages/Dog/1523.jpg,Dog,1,500,375
PetImages/Dog/1525.jpg,Dog,1,500,375
PetImages/Dog/1526.jpg,Dog,1,434,500
PetImages/Dog/1527.jpg,Dog,1,500,418
PetImages/Dog/1528.jpg,Dog,1,357,488
PetImages/Dog/1529.jpg,Dog,1,500,375
PetImages/Dog/153.jpg,Dog,1,500,379
PetImages/Dog/1530.jpg,Dog,1,350,333
PetImages/Dog/1531.jpg,Dog,1,331,400
PetImages/Dog/1532.jpg,Dog,1,350,267
PetImages/Dog/1534.jpg,Dog,1,500,375
PetImages/Dog/1535.jpg,Dog,1,360,206
PetImages/Dog/1536.jpg,Dog,1,332,500
PetImages/Dog/1537.jpg,Dog,1,435,416
PetImages/Dog/1538.jpg,Dog,1,500,374
PetImages/Dog/1539.jpg,Dog,1,350,277
PetImages/Dog/154.jpg,Dog,1,340,260
PetImages/Dog/1540.jpg,Dog,1,500,332
PetImages/Dog/1542.jpg,Dog,1,500,394
PetImages/Dog/1543.jpg,Dog,1,500,375
PetImages/Dog/1544.jpg,Dog,1,500,375
PetImages/Dog/1545.jpg,Dog,1,350,374
PetImages/Dog/1546.jpg,Dog,1,114,100
PetImages/Dog/1547.jpg,Dog,1,315,417
PetImages/Dog/1548.jpg,Dog,1,297,208
PetImages/Dog/1549.jpg,Dog,1,500,375
PetImages/Dog/155.jpg,Dog,1,367,393
PetImages/Dog/1551.jpg,Dog,1,358,277
PetImages/Dog/1553.jpg,Dog,1,320,240
PetImages/Dog/1554.jpg,Dog,1,400,300
PetImages/Dog/1555.jpg,Dog,1,500,375
PetImages/Dog/1557.jpg,Dog,1,366,283
PetImages/Dog/1558.jpg,Dog,1,350,252
PetImages/Dog/156.jpg,Dog,1,500,426
PetImages/Dog/1560.jpg,Dog,1,500,500
PetImages/Dog/1561.jpg,Dog,1,354,500
PetImages/Dog/1562.jpg,Dog,1,239,257
PetImages/Dog/1564.jpg,Dog,1,328,500
PetImages/Dog/1568.jpg,Dog,1,500,375
PetImages/Dog/1569.jpg,Dog,1,490,500
PetImages/Dog/157.jpg,Dog,1,500,401
PetImages/Dog/1570.jpg,Dog,1,300,268
PetImages/Dog/1571.jpg,Dog,1,500,375
PetImages/Dog/1572.jpg,Dog,1,300,225
PetImages/Dog/1573.jpg,Dog,1,175,175
PetImages/Dog/1575.jpg,Dog,1,350,345
PetImages/Dog/1576.jpg,Dog,1,500,332
PetImages/Dog/1577.jpg,Dog,1,240,248
PetImages/Dog/1578.jpg,Dog,1,500,334
PetImages/Dog/158.jpg,Dog,1,496,500
PetImages/Dog/1580.jpg,Dog,1,300,300
PetImages/Dog/1581.jpg,Dog,1,500,394
PetImages/Dog/1582.jpg,Dog,1,147,287
PetImages/Dog/1583.jpg,Dog,1,382,500
PetImages/Dog/1585.jpg,Dog,1,364,381
PetImages/Dog/1586.jpg,Dog,1,375,500
PetImages/Dog/1587.jpg,Dog,1,357,500
PetImages/Dog/1588.jpg,Dog,1,500,375
PetImages/Dog/1589.jpg,Dog,1,250,187
PetImages/Dog/1590.jpg,Dog,1,500,375
PetImages/Dog/1591.jpg,Dog,1,360,217
PetImages/Dog/1593.jpg,Dog,1,300,229
PetImages/Dog/1597.jpg,Dog,1,500,352
PetImages/Dog/1598.jpg,Dog,1,500,475
PetImages/Dog/1599.jpg,Dog,1,500,375
PetImages/Dog/16.jpg,Dog,1,500,381
PetImages/Dog/1600.jpg,Dog,1,500,375
PetImages/Dog/1601.jpg,Dog,1,500,375
PetImages/Dog/1604.jpg,Dog,1,260,140
PetImages/Dog/1605.jpg,Dog,1,319,500
PetImages/Dog/1607.jpg,Dog,1,392,303
PetImages/Dog/1609.jpg,Dog,1,400,417
PetImages/Dog/161.jpg,Dog,1,500,375
PetImages/Dog/1610.jpg,Dog,1,350,468
PetImages/Dog/1612.jpg,Dog,1,361,461
PetImages/Dog/1614.jpg,Dog,1,401,410
PetImages/Dog/1615.jpg,Dog,1,500,464
PetImages/Dog/1616.jpg,Dog,1,172,270
PetImages/Dog/1617.jpg,Dog,1,301,367
PetImages/Dog/1618.jpg,Dog,1,500,375
PetImages/Dog/1619.jpg,Dog,1,300,395
PetImages/Dog/162.jpg,Dog,1,500,375
PetImages/Dog/1623.jpg,Dog,1,500,474
PetImages/Dog/1625.jpg,Dog,1,500,375
PetImages/Dog/1627.jpg,Dog,1,260,252
PetImages/Dog/1628.jpg,Dog,1,360,480
PetImages/Dog/1629.jpg,Dog,1,400,338
PetImages/Dog/163.jpg,Dog,1,257,360
PetImages/Dog/1630.jpg,Dog,1,259,313
PetImages/Dog/1631.jpg,Dog,1,310,232
PetImages/Dog/1635.jpg,Dog,1,500,375
PetImages/Dog/1637.jpg,Dog,1,347,500
PetImages/Dog/1638.jpg,Dog,1,320,240
PetImages/Dog/1639.jpg,Dog,1,500,333
PetImages/Dog/164.jpg,Dog,1,233,295
PetImages/Dog/1640.jpg,Dog,1,375,500
PetImages/Dog/1643.jpg,Dog,1,500,480
PetImages/Dog/1644.jpg,Dog,1,448,336
PetImages/Dog/1646.jpg,Dog,1,360,240
PetImages/Dog/1647.jpg,Dog,1,500,395
PetImages/Dog/1648.jpg,Dog,1,400,328
PetImages/Dog/1649.jpg,Dog,1,498,500
PetImages/Dog/1650.jpg,Dog,1,500,375
PetImages/Dog/1651.jpg,Dog,1,320,203
PetImages/Dog/1653.jpg,Dog,1,500,375
PetImages/Dog/1654.jpg,Dog,1,338,381
PetImages/Dog/1656.jpg,Dog,1,500,483
PetImages/Dog/1657.jpg,Dog,1,500,375
PetImages/Dog/1658.jpg,Dog,1,293,390
PetImages/Dog/1660.jpg,Dog,1,177,276
PetImages/Dog/1661.jpg,Dog,1,480,360
PetImages/Dog/1663.jpg,Dog,1,436,500
PetImages/Dog/1664.jpg,Dog,1,500,375
PetImages/Dog/1665.jpg,Dog,1,500,424
PetImages/Dog/1666.jpg,Dog,1,500,375
PetImages/Dog/1668.jpg,Dog,1,375,500
PetImages/Dog/1669.jpg,Dog,1,366,400
PetImages/Dog/1671.jpg,Dog,1,375,500
PetImages/Dog/1672.jpg,Dog,1,444,500
PetImages/Dog/1673.jpg,Dog,1,375,500
PetImages/Dog/1674.jpg,Dog,1,500,332
PetImages/Dog/1676.jpg,Dog,1,475,356
PetImages/Dog/168.jpg,Dog,1,199,300
PetImages/Dog/1680.jpg,Dog,1,320,240
PetImages/Dog/1681.jpg,Dog,1,184,253
PetImages/Dog/1682.jpg,Dog,1,500,375
PetImages/Dog/1684.jpg,Dog,1,320,220
PetImages/Dog/1685.jpg,Dog,1,388,325
PetImages/Dog/1686.jpg,Dog,1,450,351
PetImages/Dog/1688.jpg,Dog,1,448,336
PetImages/Dog/1689.jpg,Dog,1,400,316
PetImages/Dog/1691.jpg,Dog,1,288,295
PetImages/Dog/1692.jpg,Dog,1,340,303
PetImages/Dog/1693.jpg,Dog,1,375,500
PetImages/Dog/1696.jpg,Dog,1,358,500
PetImages/Dog/1697.jpg,Dog,1,500,375
PetImages/Dog/1699.jpg,Dog,1,261,379
PetImages/Dog/17.jpg,Dog,1,272,336
PetImages/Dog/170.jpg,Dog,1,460,500
PetImages/Dog/1700.jpg,Dog,1,400,355
PetImages/Dog/1701.jpg,Dog,1,412,500
PetImages/Dog/1704.jpg,Dog,1,250,365
PetImages/Dog/1706.jpg,Dog,1,398,500
PetImages/Dog/1707.jpg,Dog,1,500,385
PetImages/Dog/1709.jpg,Dog,1,333,500
PetImages/Dog/171.jpg,Dog,1,355,354
PetImages/Dog/1710.jpg,Dog,1,432,255
PetImages/Dog/1711.jpg,Dog,1,241,320
PetImages/Dog/1712.jpg,Dog,1,500,377
PetImages/Dog/1713.jpg,Dog,1,466,500
PetImages/Dog/1714.jpg,Dog,1,500,375
PetImages/Dog/1716.jpg,Dog,1,417,500
PetImages/Dog/1717.jpg,Dog,1,350,448
PetImages/Dog/1718.jpg,Dog,1,482,311
PetImages/Dog/1719.jpg,Dog,1,375,500
PetImages/Dog/172.jpg,Dog,1,318,500
PetImages/Dog/1720.jpg,Dog,1,500,332
PetImages/Dog/1721.jpg,Dog,1,150,197
PetImages/Dog/1723.jpg,Dog,1,127,144
PetImages/Dog/1724.jpg,Dog,1,303,294
PetImages/Dog/1725.jpg,Dog,1,500,374
PetImages/Dog/1726.jpg,Dog,1,415,500
PetImages/Dog/1727.jpg,Dog,1,500,333
PetImages/Dog/1728.jpg,Dog,1,238,191
PetImages/Dog/1729.jpg,Dog,1,500,375
PetImages/Dog/1731.jpg,Dog,1,450,300
PetImages/Dog/1732.jpg,Dog,1,324,500
PetImages/Dog/1733.jpg,Dog,1,241,469
PetImages/Dog/1734.jpg,Dog,1,420,500
PetImages/Dog/1738.jpg,Dog,1,360,288
PetImages/Dog/1739.jpg,Dog,1,500,375
PetImages/Dog/174.jpg,Dog,1,258,188
PetImages/Dog/1740.jpg,Dog,1,222,211
PetImages/Dog/1741.jpg,Dog,1,213,500
PetImages/Dog/1743.jpg,Dog,1,185,220
PetImages/Dog/1745.jpg,Dog,1,158,181
PetImages/Dog/1746.jpg,Dog,1,262,241
PetImages/Dog/1748.jpg,Dog,1,422,299
PetImages/Dog/1749.jpg,Dog,1,500,301
PetImages/Dog/1751.jpg,Dog,1,119,200
PetImages/Dog/1752.jpg,Dog,1,500,375
PetImages/Dog/1754.jpg,Dog,1,152,200
PetImages/Dog/1755.jpg,Dog,1,332,480
PetImages/Dog/1756.jpg,Dog,1,214,271
PetImages/Dog/1757.jpg,Dog,1,500,397
PetImages/Dog/1759.jpg,Dog,1,400,426
PetImages/Dog/176.jpg,Dog,1,141,175
PetImages/Dog/1762.jpg,Dog,1,360,269
PetImages/Dog/1764.jpg,Dog,1,375,500
PetImages/Dog/1765.jpg,Dog,1,289,400
PetImages/Dog/1766.jpg,Dog,1,491,500
PetImages/Dog/1767.jpg,Dog,1,337,400
PetImages/Dog/1768.jpg,Dog,1,424,500
PetImages/Dog/1769.jpg,Dog,1,451,500
PetImages/Dog/177.jpg,Dog,1,500,375
PetImages/Dog/1770.jpg,Dog,1,480,352
PetImages/Dog/1771.jpg,Dog,1,289,421
PetImages/Dog/1773.jpg,Dog,1,268,326
PetImages/Dog/1774.jpg,Dog,1,168,200
PetImages/Dog/1775.jpg,Dog,1,250,250
PetImages/Dog/1776.jpg,Dog,1,500,438
PetImages/Dog/1777.jpg,Dog,1,500,375
PetImages/Dog/1778.jpg,Dog,1,399,500
PetImages/Dog/1779.jpg,Dog,1,500,375
PetImages/Dog/178.jpg,Dog,1,500,374
PetImages/Dog/1780.jpg,Dog,1,450,337
PetImages/Dog/1783.jpg,Dog,1,250,204
PetImages/Dog/1786.jpg,Dog,1,500,375
PetImages/Dog/1787.jpg,Dog,1,174,217
PetImages/Dog/1788.jpg,Dog,1,500,375
PetImages/Dog/1790.jpg,Dog,1,276,500
PetImages/Dog/1792.jpg,Dog,1,494,500
PetImages/Dog/1794.jpg,Dog,1,283,300
PetImages/Dog/1795.jpg,Dog,1,500,374
PetImages/Dog/1796.jpg,Dog,1,500,243
PetImages/Dog/1797.jpg,Dog,1,320,239
PetImages/Dog/1798.jpg,Dog,1,500,353
PetImages/Dog/18.jpg,Dog,1,216,348
PetImages/Dog/180.jpg,Dog,1,500,368
PetImages/Dog/1801.jpg,Dog,1,487,500
PetImages/Dog/1803.jpg,Dog,1,500,402
PetImages/Dog/1804.jpg,Dog,1,429,500
PetImages/Dog/1805.jpg,Dog,1,345,500
PetImages/Dog/1806.jpg,Dog,1,304,346
PetImages/Dog/181.jpg,Dog,1,480,457
PetImages/Dog/1812.jpg,Dog,1,500,375
PetImages/Dog/1813.jpg,Dog,1,288,216
PetImages/Dog/1814.jpg,Dog,1,500,333
PetImages/Dog/1816.jpg,Dog,1,191,192
PetImages/Dog/1817.jpg,Dog,1,420,427
PetImages/Dog/1818.jpg,Dog,1,500,375
PetImages/Dog/1819.jpg,Dog,1,232,232
PetImages/Dog/182.jpg,Dog,1,115,115
PetImages/Dog/1820.jpg,Dog,1,160,123
PetImages/Dog/1821.jpg,Dog,1,499,374
PetImages/Dog/1822.jpg,Dog,1,500,331
PetImages/Dog/1826.jpg,Dog,1,366,500
PetImages/Dog/1829.jpg,Dog,1,500,375
PetImages/Dog/183.jpg,Dog,1,200,191
PetImages/Dog/1830.jpg,Dog,1,250,250
PetImages/Dog/1831.jpg,Dog,1,500,457
PetImages/Dog/1832.jpg,Dog,1,500,335
PetImages/Dog/1834.jpg,Dog,1,271,300
PetImages/Dog/1836.jpg,Dog,1,500,375
PetImages/Dog/1837.jpg,Dog,1,250,330
PetImages/Dog/1838.jpg,Dog,1,500,375
PetImages/Dog/1839.jpg,Dog,1,500,266
PetImages/Dog/1840.jpg,Dog,1,200,171
PetImages/Dog/1843.jpg,Dog,1,375,500
PetImages/Dog/1844.jpg,Dog,1,500,500
PetImages/Dog/1845.jpg,Dog,1,360,240
PetImages/Dog/1846.jpg,Dog,1,500,309
PetImages/Dog/1848.jpg,Dog,1,500,375
PetImages/Dog/1849.jpg,Dog,1,500,375
PetImages/Dog/1851.jpg,Dog,1,500,375
PetImages/Dog/1853.jpg,Dog,1,431,500
PetImages/Dog/1858.jpg,Dog,1,281,500
PetImages/Dog/1859.jpg,Dog,1,500,375
PetImages/Dog/186.jpg,Dog,1,500,375
PetImages/Dog/1860.jpg,Dog,1,422,500
PetImages/Dog/1861.jpg,Dog,1,500,416
PetImages/Dog/1862.jpg,Dog,1,266,300
PetImages/Dog/1864.jpg,Dog,1,500,375
PetImages/Dog/1866.jpg,Dog,1,400,411
PetImages/Dog/1869.jpg,Dog,1,500,377
PetImages/Dog/1870.jpg,Dog,1,500,495
PetImages/Dog/1871.jpg,Dog,1,465,500
PetImages/Dog/1872.jpg,Dog,1,500,377
PetImages/Dog/1874.jpg,Dog,1,300,225
PetImages/Dog/1875.jpg,Dog,1,320,240
PetImages/Dog/1877.jpg,Dog,1,282,363
PetImages/Dog/1879.jpg,Dog,1,500,462
PetImages/Dog/188.jpg,Dog,1,500,343
PetImages/Dog/1880.jpg,Dog,1,210,300
PetImages/Dog/1881.jpg,Dog,1,399,267
PetImages/Dog/1883.jpg,Dog,1,400,300
PetImages/Dog/1885.jpg,Dog,1,500,375
PetImages/Dog/1886.jpg,Dog,1,500,377
PetImages/Dog/1887.jpg,Dog,1,500,371
PetImages/Dog/1888.jpg,Dog,1,378,360
PetImages/Dog/1889.jpg,Dog,1,500,401
PetImages/Dog/189.jpg,Dog,1,431,327
PetImages/Dog/1890.jpg,Dog,1,359,447
PetImages/Dog/1891.jpg,Dog,1,448,500
PetImages/Dog/1892.jpg,Dog,1,500,375
PetImages/Dog/1894.jpg,Dog,1,199,159
PetImages/Dog/1895.jpg,Dog,1,180,200
PetImages/Dog/1898.jpg,Dog,1,500,332
PetImages/Dog/1899.jpg,Dog,1,141,270
PetImages/Dog/19.jpg,Dog,1,300,225
PetImages/Dog/190.jpg,Dog,1,500,375
PetImages/Dog/1901.jpg,Dog,1,293,322
PetImages/Dog/1903.jpg,Dog,1,294,352
PetImages/Dog/1904.jpg,Dog,1,500,375
PetImages/Dog/1906.jpg,Dog,1,150,133
PetImages/Dog/1908.jpg,Dog,1,429,296
PetImages/Dog/1909.jpg,Dog,1,162,243
PetImages/Dog/191.jpg,Dog,1,361,500
PetImages/Dog/1910.jpg,Dog,1,465,500
PetImages/Dog/1911.jpg,Dog,1,187,174
PetImages/Dog/1912.jpg,Dog,1,500,434
PetImages/Dog/1913.jpg,Dog,1,462,500
PetImages/Dog/1914.jpg,Dog,1,500,381
PetImages/Dog/1915.jpg,Dog,1,275,500
PetImages/Dog/1918.jpg,Dog,1,500,377
PetImages/Dog/192.jpg,Dog,1,320,270
PetImages/Dog/1922.jpg,Dog,1,200,172
PetImages/Dog/1923.jpg,Dog,1,500,375
PetImages/Dog/1924.jpg,Dog,1,364,500
PetImages/Dog/1925.jpg,Dog,1,500,375
PetImages/Dog/1926.jpg,Dog,1,200,172
PetImages/Dog/1927.jpg,Dog,1,500,347
PetImages/Dog/1929.jpg,Dog,1,500,333
PetImages/Dog/193.jpg,Dog,1,288,360
PetImages/Dog/1930.jpg,Dog,1,282,500
PetImages/Dog/1931.jpg,Dog,1,500,375
PetImages/Dog/1932.jpg,Dog,1,448,336
PetImages/Dog/1933.jpg,Dog,1,495,389
PetImages/Dog/1934.jpg,Dog,1,323,475
PetImages/Dog/1935.jpg,Dog,1,100,100
PetImages/Dog/1937.jpg,Dog,1,500,375
PetImages/Dog/1939.jpg,Dog,1,357,500
PetImages/Dog/194.jpg,Dog,1,208,344
PetImages/Dog/1942.jpg,Dog,1,500,500
PetImages/Dog/1943.jpg,Dog,1,477,500
PetImages/Dog/1944.jpg,Dog,1,250,187
PetImages/Dog/1945.jpg,Dog,1,216,310
PetImages/Dog/1946.jpg,Dog,1,255,345
PetImages/Dog/1947.jpg,Dog,1,343,500
PetImages/Dog/1949.jpg,Dog,1,498,480
PetImages/Dog/195.jpg,Dog,1,294,448
PetImages/Dog/1950.jpg,Dog,1,286,500
PetImages/Dog/1951.jpg,Dog,1,500,375
PetImages/Dog/1954.jpg,Dog,1,432,488
PetImages/Dog/1957.jpg,Dog,1,163,197
PetImages/Dog/1958.jpg,Dog,1,358,257
PetImages/Dog/1959.jpg,Dog,1,500,375
PetImages/Dog/1960.jpg,Dog,1,153,222
PetImages/Dog/1962.jpg,Dog,1,320,239
PetImages/Dog/1963.jpg,Dog,1,449,500
PetImages/Dog/1964.jpg,Dog,1,500,428
PetImages/Dog/1965.jpg,Dog,1,357,351
PetImages/Dog/1966.jpg,Dog,1,144,145
PetImages/Dog/1969.jpg,Dog,1,375,249
PetImages/Dog/197.jpg,Dog,1,500,422
PetImages/Dog/1970.jpg,Dog,1,320,213
PetImages/Dog/1971.jpg,Dog,1,300,483
PetImages/Dog/1973.jpg,Dog,1,268,286
PetImages/Dog/1974.jpg,Dog,1,357,500
PetImages/Dog/1979.jpg,Dog,1,455,500
PetImages/Dog/198.jpg,Dog,1,500,375
PetImages/Dog/1980.jpg,Dog,1,111,200
PetImages/Dog/1981.jpg,Dog,1,440,500
PetImages/Dog/1982.jpg,Dog,1,500,374
PetImages/Dog/1984.jpg,Dog,1,254,193
PetImages/Dog/1985.jpg,Dog,1,147,319
PetImages/Dog/1986.jpg,Dog,1,275,316
PetImages/Dog/1988.jpg,Dog,1,500,375
PetImages/Dog/1989.jpg,Dog,1,496,474
PetImages/Dog/1990.jpg,Dog,1,500,371
PetImages/Dog/1992.jpg,Dog,1,500,375
PetImages/Dog/1993.jpg,Dog,1,384,288
PetImages/Dog/1994.jpg,Dog,1,500,243
PetImages/Dog/1995.jpg,Dog,1,500,375
PetImages/Dog/1999.jpg,Dog,1,216,189
PetImages/Dog/2.jpg,Dog,1,188,199
PetImages/Dog/20.jpg,Dog,1,500,333
PetImages/Dog/200.jpg,Dog,1,274,389
PetImages/Dog/2000.jpg,Dog,1,201,339
PetImages/Dog/2001.jpg,Dog,1,215,229
PetImages/Dog/2002.jpg,Dog,1,377,500
PetImages/Dog/2003.jpg,Dog,1,500,475
PetImages/Dog/2004.jpg,Dog,1,500,375
PetImages/Dog/2005.jpg,Dog,1,500,375
PetImages/Dog/2006.jpg,Dog,1,357,474
PetImages/Dog/2008.jpg,Dog,1,500,400
PetImages/Dog/2009.jpg,Dog,1,162,199
PetImages/Dog/201.jpg,Dog,1,500,375
PetImages/Dog/2013.jpg,Dog,1,489,500
PetImages/Dog/2014.jpg,Dog,1,375,500
PetImages/Dog/2015.jpg,Dog,1,438,500
PetImages/Dog/2016.jpg,Dog,1,454,479
PetImages/Dog/202.jpg,Dog,1,500,432
PetImages/Dog/2020.jpg,Dog,1,353,500
PetImages/Dog/2021.jpg,Dog,1,360,231
PetImages/Dog/2022.jpg,Dog,1,478,500
PetImages/Dog/2023.jpg,Dog,1,500,375
PetImages/Dog/2024.jpg,Dog,1,320,240
PetImages/Dog/2026.jpg,Dog,1,450,500
PetImages/Dog/2027.jpg,Dog,1,315,209
PetImages/Dog/2029.jpg,Dog,1,500,333
PetImages/Dog/203.jpg,Dog,1,500,375
PetImages/Dog/2030.jpg,Dog,1,139,187
PetImages/Dog/2032.jpg,Dog,1,500,333
PetImages/Dog/2033.jpg,Dog,1,360,270
PetImages/Dog/2035.jpg,Dog,1,500,375
PetImages/Dog/2036.jpg,Dog,1,500,375
PetImages/Dog/2037.jpg,Dog,1,229,350
PetImages/Dog/2038.jpg,Dog,1,437,500
PetImages/Dog/2039.jpg,Dog,1,405,500
PetImages/Dog/204.jpg,Dog,1,500,375
PetImages/Dog/2040.jpg,Dog,1,150,166
PetImages/Dog/2041.jpg,Dog,1,500,459
PetImages/Dog/2042.jpg,Dog,1,428,472
PetImages/Dog/2043.jpg,Dog,1,304,232
PetImages/Dog/2045.jpg,Dog,1,500,375
PetImages/Dog/2047.jpg,Dog,1,494,500
PetImages/Dog/2048.jpg,Dog,1,398,266
PetImages/Dog/2049.jpg,Dog,1,500,375
PetImages/Dog/2050.jpg,Dog,1,279,393
PetImages/Dog/2053.jpg,Dog,1,500,375
PetImages/Dog/2055.jpg,Dog,1,500,375
PetImages/Dog/2057.jpg,Dog,1,180,240
PetImages/Dog/2059.jpg,Dog,1,500,347
PetImages/Dog/2061.jpg,Dog,1,500,375
PetImages/Dog/2062.jpg,Dog,1,200,211
PetImages/Dog/2064.jpg,Dog,1,500,338
PetImages/Dog/2065.jpg,Dog,1,500,372
PetImages/Dog/2066.jpg,Dog,1,500,446
PetImages/Dog/2067.jpg,Dog,1,500,375
PetImages/Dog/2069.jpg,Dog,1,366,500
PetImages/Dog/2070.jpg,Dog,1,500,483
PetImages/Dog/2071.jpg,Dog,1,226,274
PetImages/Dog/2072.jpg,Dog,1,271,400
PetImages/Dog/2075.jpg,Dog,1,361,500
PetImages/Dog/2076.jpg,Dog,1,500,349
PetImages/Dog/2077.jpg,Dog,1,483,500
PetImages/Dog/2078.jpg,Dog,1,500,468
PetImages/Dog/208.jpg,Dog,1,200,150
PetImages/Dog/2082.jpg,Dog,1,488,500
PetImages/Dog/2083.jpg,Dog,1,397,336
PetImages/Dog/2087.jpg,Dog,1,329,310
PetImages/Dog/2089.jpg,Dog,1,469,500
PetImages/Dog/209.jpg,Dog,1,459,431
PetImages/Dog/2090.jpg,Dog,1,250,171
PetImages/Dog/2091.jpg,Dog,1,448,336
PetImages/Dog/2092.jpg,Dog,1,500,473
PetImages/Dog/2093.jpg,Dog,1,385,480
PetImages/Dog/2094.jpg,Dog,1,400,393
PetImages/Dog/2095.jpg,Dog,1,300,400
PetImages/Dog/2096.jpg,Dog,1,315,304
PetImages/Dog/2097.jpg,Dog,1,318,500
PetImages/Dog/2099.jpg,Dog,1,500,375
PetImages/Dog/21.jpg,Dog,1,415,500
PetImages/Dog/210.jpg,Dog,1,155,200
PetImages/Dog/2100.jpg,Dog,1,500,334
PetImages/Dog/2102.jpg,Dog,1,500,461
PetImages/Dog/2104.jpg,Dog,1,203,224
PetImages/Dog/2107.jpg,Dog,1,119,98
PetImages/Dog/2108.jpg,Dog,1,247,280
PetImages/Dog/211.jpg,Dog,1,500,385
PetImages/Dog/2110.jpg,Dog,1,500,375
PetImages/Dog/2111.jpg,Dog,1,500,375
PetImages/Dog/2112.jpg,Dog,1,500,446
PetImages/Dog/2113.jpg,Dog,1,500,375
PetImages/Dog/2116.jpg,Dog,1,235,243
PetImages/Dog/2117.jpg,Dog,1,401,500
PetImages/Dog/2118.jpg,Dog,1,375,500
PetImages/Dog/2119.jpg,Dog,1,178,200
PetImages/Dog/212.jpg,Dog,1,375,500
PetImages/Dog/2121.jpg,Dog,1,500,375
PetImages/Dog/2122.jpg,Dog,1,500,375
PetImages/Dog/2123.jpg,Dog,1,207,228
PetImages/Dog/2124.jpg,Dog,1,356,500
PetImages/Dog/2125.jpg,Dog,1,378,340
PetImages/Dog/2126.jpg,Dog,1,498,344
PetImages/Dog/2127.jpg,Dog,1,302,282
PetImages/Dog/2128.jpg,Dog,1,392,379
PetImages/Dog/2129.jpg,Dog,1,500,467
PetImages/Dog/2130.jpg,Dog,1,500,371
PetImages/Dog/2131.jpg,Dog,1,500,348
PetImages/Dog/2132.jpg,Dog,1,375,500
PetImages/Dog/2133.jpg,Dog,1,400,280
PetImages/Dog/2134.jpg,Dog,1,500,375
PetImages/Dog/2135.jpg,Dog,1,500,384
PetImages/Dog/2137.jpg,Dog,1,411,500
PetImages/Dog/2138.jpg,Dog,1,500,375
PetImages/Dog/2139.jpg,Dog,1,100,100
PetImages/Dog/2142.jpg,Dog,1,500,375
PetImages/Dog/2143.jpg,Dog,1,180,135
PetImages/Dog/2144.jpg,Dog,1,381,420
PetImages/Dog/2147.jpg,Dog,1,464,352
PetImages/Dog/2149.jpg,Dog,1,500,333
PetImages/Dog/215.jpg,Dog,1,350,500
PetImages/Dog/2150.jpg,Dog,1,317,500
PetImages/Dog/2151.jpg,Dog,1,500,375
PetImages/Dog/2153.jpg,Dog,1,372,500
PetImages/Dog/2155.jpg,Dog,1,210,280
PetImages/Dog/2156.jpg,Dog,1,500,375
PetImages/Dog/2157.jpg,Dog,1,500,375
PetImages/Dog/2158.jpg,Dog,1,500,375
PetImages/Dog/2159.jpg,Dog,1,500,375
PetImages/Dog/216.jpg,Dog,1,283,500
PetImages/Dog/2160.jpg,Dog,1,500,351
PetImages/Dog/2161.jpg,Dog,1,350,309
PetImages/Dog/2163.jpg,Dog,1,416,500
PetImages/Dog/2169.jpg,Dog,1,425,325
PetImages/Dog/2171.jpg,Dog,1,500,333
PetImages/Dog/2174.jpg,Dog,1,500,375
PetImages/Dog/2175.jpg,Dog,1,500,375
PetImages/Dog/2177.jpg,Dog,1,240,234
PetImages/Dog/2178.jpg,Dog,1,394,493
PetImages/Dog/2180.jpg,Dog,1,500,356
PetImages/Dog/2181.jpg,Dog,1,500,375
PetImages/Dog/2182.jpg,Dog,1,286,260
PetImages/Dog/2183.jpg,Dog,1,400,355
PetImages/Dog/2185.jpg,Dog,1,432,288
PetImages/Dog/2186.jpg,Dog,1,500,380
PetImages/Dog/2187.jpg,Dog,1,500,375
PetImages/Dog/2188.jpg,Dog,1,60,55
PetImages/Dog/2189.jpg,Dog,1,500,375
PetImages/Dog/219.jpg,Dog,1,500,375
PetImages/Dog/2190.jpg,Dog,1,500,375
PetImages/Dog/2191.jpg,Dog,1,500,333
PetImages/Dog/2192.jpg,Dog,1,357,474
PetImages/Dog/2193.jpg,Dog,1,500,375
PetImages/Dog/2194.jpg,Dog,1,396,350
PetImages/Dog/2195.jpg,Dog,1,480,359
PetImages/Dog/2196.jpg,Dog,1,480,480
PetImages/Dog/2197.jpg,Dog,1,500,399
PetImages/Dog/2198.jpg,Dog,1,500,375
PetImages/Dog/2199.jpg,Dog,1,206,389
PetImages/Dog/22.jpg,Dog,1,500,371
PetImages/Dog/220.jpg,Dog,1,354,500
PetImages/Dog/2200.jpg,Dog,1,375,500
PetImages/Dog/2201.jpg,Dog,1,320,240
PetImages/Dog/2203.jpg,Dog,1,500,374
PetImages/Dog/2204.jpg,Dog,1,320,240
PetImages/Dog/2205.jpg,Dog,1,500,375
PetImages/Dog/2206.jpg,Dog,1,500,375
PetImages/Dog/2207.jpg,Dog,1,448,336
PetImages/Dog/2208.jpg,Dog,1,216,231
PetImages/Dog/221.jpg,Dog,1,329,500
PetImages/Dog/2211.jpg,Dog,1,455,500
PetImages/Dog/2213.jpg,Dog,1,500,375
PetImages/Dog/2216.jpg,Dog,1,500,375
PetImages/Dog/2217.jpg,Dog,1,300,225
PetImages/Dog/2218.jpg,Dog,1,500,496
PetImages/Dog/2219.jpg,Dog,1,375,403
PetImages/Dog/222.jpg,Dog,1,226,367
PetImages/Dog/2220.jpg,Dog,1,500,451
PetImages/Dog/2221.jpg,Dog,1,360,312
PetImages/Dog/2223.jpg,Dog,1,500,390
PetImages/Dog/2225.jpg,Dog,1,500,375
PetImages/Dog/2226.jpg,Dog,1,295,375
PetImages/Dog/2227.jpg,Dog,1,500,375
PetImages/Dog/2228.jpg,Dog,1,500,333
PetImages/Dog/2229.jpg,Dog,1,500,375
PetImages/Dog/223.jpg,Dog,1,500,375
PetImages/Dog/2231.jpg,Dog,1,500,445
PetImages/Dog/2232.jpg,Dog,1,384,285
PetImages/Dog/2233.jpg,Dog,1,500,332
PetImages/Dog/2235.jpg,Dog,1,202,223
PetImages/Dog/2236.jpg,Dog,1,403,500
PetImages/Dog/2238.jpg,Dog,1,500,375
PetImages/Dog/2239.jpg,Dog,1,300,353
PetImages/Dog/224.jpg,Dog,1,500,384
PetImages/Dog/2240.jpg,Dog,1,300,320
PetImages/Dog/2241.jpg,Dog,1,300,240
PetImages/Dog/2243.jpg,Dog,1,500,375
PetImages/Dog/2244.jpg,Dog,1,497,500
PetImages/Dog/2245.jpg,Dog,1,280,270
PetImages/Dog/2246.jpg,Dog,1,150,200
PetImages/Dog/2247.jpg,Dog,1,341,247
PetImages/Dog/2248.jpg,Dog,1,500,375
PetImages/Dog/2249.jpg,Dog,1,500,471
PetImages/Dog/225.jpg,Dog,1,500,375
PetImages/Dog/2250.jpg,Dog,1,500,375
PetImages/Dog/2251.jpg,Dog,1,390,500
PetImages/Dog/2252.jpg,Dog,1,421,336
PetImages/Dog/2253.jpg,Dog,1,500,375
PetImages/Dog/2254.jpg,Dog,1,500,375
PetImages/Dog/2256.jpg,Dog,1,350,263
PetImages/Dog/2257.jpg,Dog,1,216,234
PetImages/Dog/2258.jpg,Dog,1,320,239
PetImages/Dog/2259.jpg,Dog,1,500,334
PetImages/Dog/226.jpg,Dog,1,463,480
PetImages/Dog/2262.jpg,Dog,1,500,359
PetImages/Dog/2263.jpg,Dog,1,367,500
PetImages/Dog/2264.jpg,Dog,1,500,375
PetImages/Dog/2265.jpg,Dog,1,350,290
PetImages/Dog/2266.jpg,Dog,1,300,225
PetImages/Dog/2268.jpg,Dog,1,500,375
PetImages/Dog/227.jpg,Dog,1,444,500
PetImages/Dog/2270.jpg,Dog,1,248,177
PetImages/Dog/2271.jpg,Dog,1,500,375
PetImages/Dog/2272.jpg,Dog,1,500,424
PetImages/Dog/2273.jpg,Dog,1,500,408
PetImages/Dog/2274.jpg,Dog,1,500,396
PetImages/Dog/2275.jpg,Dog,1,424,500
PetImages/Dog/2276.jpg,Dog,1,420,279
PetImages/Dog/2278.jpg,Dog,1,500,374
PetImages/Dog/2279.jpg,Dog,1,314,328
PetImages/Dog/228.jpg,Dog,1,312,425
PetImages/Dog/2280.jpg,Dog,1,500,375
PetImages/Dog/2281.jpg,Dog,1,500,399
PetImages/Dog/2282.jpg,Dog,1,375,350
PetImages/Dog/2284.jpg,Dog,1,400,396
PetImages/Dog/2285.jpg,Dog,1,350,297
PetImages/Dog/2286.jpg,Dog,1,280,210
PetImages/Dog/2287.jpg,Dog,1,400,403
PetImages/Dog/2288.jpg,Dog,1,369,356
PetImages/Dog/2289.jpg,Dog,1,350,234
PetImages/Dog/229.jpg,Dog,1,500,363
PetImages/Dog/2290.jpg,Dog,1,500,375
PetImages/Dog/2291.jpg,Dog,1,260,346
PetImages/Dog/2292.jpg,Dog,1,500,428
PetImages/Dog/2293.jpg,Dog,1,500,375
PetImages/Dog/2294.jpg,Dog,1,500,332
PetImages/Dog/2297.jpg,Dog,1,432,288
PetImages/Dog/23.jpg,Dog,1,500,403
PetImages/Dog/230.jpg,Dog,1,500,375
PetImages/Dog/2300.jpg,Dog,1,500,381
PetImages/Dog/2301.jpg,Dog,1,500,297
PetImages/Dog/2303.jpg,Dog,1,400,300
PetImages/Dog/2304.jpg,Dog,1,500,375
PetImages/Dog/2305.jpg,Dog,1,500,486
PetImages/Dog/2307.jpg,Dog,1,380,480
PetImages/Dog/2309.jpg,Dog,1,500,331
PetImages/Dog/2310.jpg,Dog,1,500,375
PetImages/Dog/2311.jpg,Dog,1,500,375
PetImages/Dog/2312.jpg,Dog,1,500,375
PetImages/Dog/2313.jpg,Dog,1,500,364
PetImages/Dog/2316.jpg,Dog,1,500,375
PetImages/Dog/2317.jpg,Dog,1,88,66
PetImages/Dog/2318.jpg,Dog,1,492,500
PetImages/Dog/2319.jpg,Dog,1,500,375
PetImages/Dog/232.jpg,Dog,1,160,135
PetImages/Dog/2320.jpg,Dog,1,500,375
PetImages/Dog/2321.jpg,Dog,1,240,244
PetImages/Dog/2324.jpg,Dog,1,302,400
PetImages/Dog/2325.jpg,Dog,1,500,375
PetImages/Dog/2327.jpg,Dog,1,500,375
PetImages/Dog/2329.jpg,Dog,1,324,400
PetImages/Dog/233.jpg,Dog,1,400,300
PetImages/Dog/2330.jpg,Dog,1,386,500
PetImages/Dog/2331.jpg,Dog,1,300,329
PetImages/Dog/2334.jpg,Dog,1,411,360
PetImages/Dog/2335.jpg,Dog,1,268,270
PetImages/Dog/2336.jpg,Dog,1,500,444
PetImages/Dog/2337.jpg,Dog,1,416,500
PetImages/Dog/2338.jpg,Dog,1,178,159
PetImages/Dog/2339.jpg,Dog,1,200,153
PetImages/Dog/2340.jpg,Dog,1,421,351
PetImages/Dog/2341.jpg,Dog,1,500,376
PetImages/Dog/2343.jpg,Dog,1,288,277
PetImages/Dog/2344.jpg,Dog,1,394,345
PetImages/Dog/2346.jpg,Dog,1,500,375
PetImages/Dog/2349.jpg,Dog,1,450,443
PetImages/Dog/2350.jpg,Dog,1,350,232
PetImages/Dog/2352.jpg,Dog,1,500,375
PetImages/Dog/2353.jpg,Dog,1,400,301
PetImages/Dog/2354.jpg,Dog,1,293,500
PetImages/Dog/2356.jpg,Dog,1,500,375
PetImages/Dog/2358.jpg,Dog,1,326,300
PetImages/Dog/236.jpg,Dog,1,338,450
PetImages/Dog/2363.jpg,Dog,1,280,354
PetImages/Dog/2367.jpg,Dog,1,500,371
PetImages/Dog/2368.jpg,Dog,1,300,484
PetImages/Dog/2369.jpg,Dog,1,234,318
PetImages/Dog/237.jpg,Dog,1,500,334
PetImages/Dog/2370.jpg,Dog,1,500,375
PetImages/Dog/2371.jpg,Dog,1,364,355
PetImages/Dog/2372.jpg,Dog,1,323,500
PetImages/Dog/2373.jpg,Dog,1,500,377
PetImages/Dog/2374.jpg,Dog,1,142,172
PetImages/Dog/2376.jpg,Dog,1,500,375
PetImages/Dog/2377.jpg,Dog,1,400,300
PetImages/Dog/2378.jpg,Dog,1,500,375
PetImages/Dog/2379.jpg,Dog,1,500,375
PetImages/Dog/238.jpg,Dog,1,364,500
PetImages/Dog/2380.jpg,Dog,1,500,500
PetImages/Dog/2381.jpg,Dog,1,448,336
PetImages/Dog/2382.jpg,Dog,1,500,386
PetImages/Dog/2383.jpg,Dog,1,411,500
PetImages/Dog/2384.jpg,Dog,1,277,400
PetImages/Dog/2385.jpg,Dog,1,360,375
PetImages/Dog/2386.jpg,Dog,1,432,411
PetImages/Dog/2388.jpg,Dog,1,360,270
PetImages/Dog/2389.jpg,Dog,1,223,328
PetImages/Dog/239.jpg,Dog,1,500,375
PetImages/Dog/2390.jpg,Dog,1,100,100
PetImages/Dog/2391.jpg,Dog,1,485,500
PetImages/Dog/2392.jpg,Dog,1,364,400
PetImages/Dog/2393.jpg,Dog,1,448,332
PetImages/Dog/2396.jpg,Dog,1,389,399
PetImages/Dog/2398.jpg,Dog,1,500,332
PetImages/Dog/24.jpg,Dog,1,275,500
PetImages/Dog/240.jpg,Dog,1,344,336
PetImages/Dog/2400.jpg,Dog,1,301,315
PetImages/Dog/2401.jpg,Dog,1,500,498
PetImages/Dog/2402.jpg,Dog,1,317,480
PetImages/Dog/2403.jpg,Dog,1,404,500
PetImages/Dog/2405.jpg,Dog,1,500,354
PetImages/Dog/2406.jpg,Dog,1,396,500
PetImages/Dog/2407.jpg,Dog,1,500,458
PetImages/Dog/2408.jpg,Dog,1,360,259
PetImages/Dog/2409.jpg,Dog,1,240,320
PetImages/Dog/241.jpg,Dog,1,400,393
PetImages/Dog/2410.jpg,Dog,1,500,497
PetImages/Dog/2411.jpg,Dog,1,500,375
PetImages/Dog/2412.jpg,Dog,1,314,343
PetImages/Dog/2417.jpg,Dog,1,500,375
PetImages/Dog/2418.jpg,Dog,1,500,375
PetImages/Dog/2420.jpg,Dog,1,255,225
PetImages/Dog/2421.jpg,Dog,1,500,382
PetImages/Dog/2422.jpg,Dog,1,500,375
PetImages/Dog/2423.jpg,Dog,1,350,262
PetImages/Dog/2424.jpg,Dog,1,500,375
PetImages/Dog/2425.jpg,Dog,1,250,215
PetImages/Dog/2426.jpg,Dog,1,360,332
PetImages/Dog/2427.jpg,Dog,1,366,500
PetImages/Dog/2428.jpg,Dog,1,278,500
PetImages/Dog/2429.jpg,Dog,1,500,375
PetImages/Dog/243.jpg,Dog,1,462,358
PetImages/Dog/2430.jpg,Dog,1,336,431
PetImages/Dog/2437.jpg,Dog,1,500,380
PetImages/Dog/2439.jpg,Dog,1,250,201
PetImages/Dog/244.jpg,Dog,1,375,300
PetImages/Dog/2440.jpg,Dog,1,500,350
PetImages/Dog/2443.jpg,Dog,1,500,375
PetImages/Dog/2445.jpg,Dog,1,500,376
PetImages/Dog/2446.jpg,Dog,1,500,375
PetImages/Dog/2447.jpg,Dog,1,402,500
PetImages/Dog/2448.jpg,Dog,1,300,400
PetImages/Dog/2449.jpg,Dog,1,336,448
PetImages/Dog/245.jpg,Dog,1,404,500
PetImages/Dog/2450.jpg,Dog,1,500,377
PetImages/Dog/2451.jpg,Dog,1,457,500
PetImages/Dog/2452.jpg,Dog,1,250,248
PetImages/Dog/2457.jpg,Dog,1,329,500
PetImages/Dog/2458.jpg,Dog,1,500,334
PetImages/Dog/2459.jpg,Dog,1,500,375
PetImages/Dog/2461.jpg,Dog,1,500,375
PetImages/Dog/2462.jpg,Dog,1,500,470
PetImages/Dog/2463.jpg,Dog,1,400,476
PetImages/Dog/2464.jpg,Dog,1,500,375
PetImages/Dog/2466.jpg,Dog,1,500,375
PetImages/Dog/2467.jpg,Dog,1,360,210
PetImages/Dog/2468.jpg,Dog,1,500,419
PetImages/Dog/2469.jpg,Dog,1,375,500
PetImages/Dog/2470.jpg,Dog,1,311,368
PetImages/Dog/2472.jpg,Dog,1,423,399
PetImages/Dog/2474.jpg,Dog,1,360,270
PetImages/Dog/2475.jpg,Dog,1,500,375
PetImages/Dog/2476.jpg,Dog,1,105,95
PetImages/Dog/2477.jpg,Dog,1,500,375
PetImages/Dog/2478.jpg,Dog,1,215,500
PetImages/Dog/2479.jpg,Dog,1,258,260
PetImages/Dog/2481.jpg,Dog,1,373,500
PetImages/Dog/2482.jpg,Dog,1,320,240
PetImages/Dog/2483.jpg,Dog,1,387,342
PetImages/Dog/2484.jpg,Dog,1,339,500
PetImages/Dog/2485.jpg,Dog,1,500,375
PetImages/Dog/2486.jpg,Dog,1,500,375
PetImages/Dog/2488.jpg,Dog,1,500,297
PetImages/Dog/2489.jpg,Dog,1,298,310
PetImages/Dog/249.jpg,Dog,1,500,402
PetImages/Dog/2491.jpg,Dog,1,288,297
PetImages/Dog/2492.jpg,Dog,1,500,375
PetImages/Dog/2493.jpg,Dog,1,255,213
PetImages/Dog/2494.jpg,Dog,1,385,349
PetImages/Dog/2495.jpg,Dog,1,144,150
PetImages/Dog/2496.jpg,Dog,1,500,375
PetImages/Dog/2497.jpg,Dog,1,405,500
PetImages/Dog/2498.jpg,Dog,1,338,474
PetImages/Dog/2499.jpg,Dog,1,500,375
PetImages/Dog/25.jpg,Dog,1,500,375
PetImages/Dog/250.jpg,Dog,1,381,500
PetImages/Dog/2501.jpg,Dog,1,400,301
PetImages/Dog/2502.jpg,Dog,1,500,375
PetImages/Dog/2503.jpg,Dog,1,200,469
PetImages/Dog/2505.jpg,Dog,1,180,209
PetImages/Dog/2506.jpg,Dog,1,500,375
PetImages/Dog/2507.jpg,Dog,1,500,394
PetImages/Dog/2508.jpg,Dog,1,300,256
PetImages/Dog/2509.jpg,Dog,1,375,500
PetImages/Dog/251.jpg,Dog,1,310,247
PetImages/Dog/2510.jpg,Dog,1,238,235
PetImages/Dog/2511.jpg,Dog,1,500,375
PetImages/Dog/2514.jpg,Dog,1,320,240
PetImages/Dog/2516.jpg,Dog,1,225,221
PetImages/Dog/2517.jpg,Dog,1,300,155
PetImages/Dog/2518.jpg,Dog,1,500,500
PetImages/Dog/252.jpg,Dog,1,500,375
PetImages/Dog/2520.jpg,Dog,1,424,500
PetImages/Dog/2521.jpg,Dog,1,385,331
PetImages/Dog/2523.jpg,Dog,1,375,325
PetImages/Dog/2525.jpg,Dog,1,500,375
PetImages/Dog/2526.jpg,Dog,1,500,375
PetImages/Dog/2527.jpg,Dog,1,500,375
PetImages/Dog/2528.jpg,Dog,1,350,338
PetImages/Dog/2529.jpg,Dog,1,387,268
PetImages/Dog/253.jpg,Dog,1,500,419
PetImages/Dog/2530.jpg,Dog,1,191,288
PetImages/Dog/2531.jpg,Dog,1,346,407
PetImages/Dog/2532.jpg,Dog,1,452,366
PetImages/Dog/2533.jpg,Dog,1,411,417
PetImages/Dog/2534.jpg,Dog,1,500,375
PetImages/Dog/2535.jpg,Dog,1,375,500
PetImages/Dog/2537.jpg,Dog,1,500,199
PetImages/Dog/2538.jpg,Dog,1,225,162
PetImages/Dog/2539.jpg,Dog,1,500,375
PetImages/Dog/254.jpg,Dog,1,400,248
PetImages/Dog/2540.jpg,Dog,1,316,328
PetImages/Dog/2541.jpg,Dog,1,490,500
PetImages/Dog/2545.jpg,Dog,1,500,400
PetImages/Dog/2546.jpg,Dog,1,500,375
PetImages/Dog/2547.jpg,Dog,1,360,480
PetImages/Dog/2548.jpg,Dog,1,500,332
PetImages/Dog/2549.jpg,Dog,1,328,360
PetImages/Dog/255.jpg,Dog,1,375,500
PetImages/Dog/2552.jpg,Dog,1,419,331
PetImages/Dog/2554.jpg,Dog,1,285,222
PetImages/Dog/2555.jpg,Dog,1,500,435
PetImages/Dog/2557.jpg,Dog,1,292,275
PetImages/Dog/2558.jpg,Dog,1,500,375
PetImages/Dog/2559.jpg,Dog,1,500,375
PetImages/Dog/256.jpg,Dog,1,317,500
PetImages/Dog/2560.jpg,Dog,1,500,375
PetImages/Dog/2561.jpg,Dog,1,500,375
PetImages/Dog/2563.jpg,Dog,1,500,375
PetImages/Dog/2564.jpg,Dog,1,280,322
PetImages/Dog/2565.jpg,Dog,1,460,500
PetImages/Dog/2567.jpg,Dog,1,500,455
PetImages/Dog/257.jpg,Dog,1,500,308
PetImages/Dog/2570.jpg,Dog,1,375,500
PetImages/Dog/2572.jpg,Dog,1,254,298
PetImages/Dog/2575.jpg,Dog,1,500,329
PetImages/Dog/2577.jpg,Dog,1,224,436
PetImages/Dog/2579.jpg,Dog,1,423,500
PetImages/Dog/258.jpg,Dog,1,488,500
PetImages/Dog/2580.jpg,Dog,1,500,375
PetImages/Dog/2581.jpg,Dog,1,500,375
PetImages/Dog/2585.jpg,Dog,1,500,375
PetImages/Dog/2588.jpg,Dog,1,350,273
PetImages/Dog/2589.jpg,Dog,1,375,500
PetImages/Dog/2590.jpg,Dog,1,348,360
PetImages/Dog/2591.jpg,Dog,1,500,375
PetImages/Dog/2592.jpg,Dog,1,375,500
PetImages/Dog/2594.jpg,Dog,1,500,375
PetImages/Dog/2599.jpg,Dog,1,272,483
PetImages/Dog/26.jpg,Dog,1,300,225
PetImages/Dog/260.jpg,Dog,1,373,500
PetImages/Dog/2601.jpg,Dog,1,300,419
PetImages/Dog/2602.jpg,Dog,1,461,437
PetImages/Dog/2603.jpg,Dog,1,267,400
PetImages/Dog/2604.jpg,Dog,1,500,430
PetImages/Dog/2605.jpg,Dog,1,230,191
PetImages/Dog/2607.jpg,Dog,1,500,375
PetImages/Dog/2608.jpg,Dog,1,375,500
PetImages/Dog/2609.jpg,Dog,1,280,375
PetImages/Dog/261.jpg,Dog,1,500,499
PetImages/Dog/2610.jpg,Dog,1,500,375
PetImages/Dog/2612.jpg,Dog,1,288,384
PetImages/Dog/2613.jpg,Dog,1,231,344
PetImages/Dog/2614.jpg,Dog,1,163,218
PetImages/Dog/2615.jpg,Dog,1,500,375
PetImages/Dog/2616.jpg,Dog,1,500,375
PetImages/Dog/2617.jpg,Dog,1,450,332
PetImages/Dog/2618.jpg,Dog,1,500,330
PetImages/Dog/2620.jpg,Dog,1,500,343
PetImages/Dog/2621.jpg,Dog,1,500,375
PetImages/Dog/2622.jpg,Dog,1,435,289
PetImages/Dog/2626.jpg,Dog,1,500,335
PetImages/Dog/2629.jpg,Dog,1,350,429
PetImages/Dog/263.jpg,Dog,1,500,378
PetImages/Dog/2630.jpg,Dog,1,500,375
PetImages/Dog/2631.jpg,Dog,1,500,375
PetImages/Dog/2633.jpg,Dog,1,494,500
PetImages/Dog/2634.jpg,Dog,1,500,374
PetImages/Dog/2635.jpg,Dog,1,500,375
PetImages/Dog/2636.jpg,Dog,1,355,406
PetImages/Dog/2638.jpg,Dog,1,500,446
PetImages/Dog/264.jpg,Dog,1,500,453
PetImages/Dog/2640.jpg,Dog,1,500,375
PetImages/Dog/2641.jpg,Dog,1,500,375
PetImages/Dog/2642.jpg,Dog,1,250,261
PetImages/Dog/2643.jpg,Dog,1,500,496
PetImages/Dog/2646.jpg,Dog,1,299,500
PetImages/Dog/2647.jpg,Dog,1,500,333
PetImages/Dog/2648.jpg,Dog,1,200,150
PetImages/Dog/2650.jpg,Dog,1,336,426
PetImages/Dog/2651.jpg,Dog,1,500,375
PetImages/Dog/2652.jpg,Dog,1,61,50
PetImages/Dog/2653.jpg,Dog,1,500,374
PetImages/Dog/2654.jpg,Dog,1,266,178
PetImages/Dog/2655.jpg,Dog,1,416,430
PetImages/Dog/2656.jpg,Dog,1,336,226
PetImages/Dog/2657.jpg,Dog,1,375,500
PetImages/Dog/2658.jpg,Dog,1,386,480
PetImages/Dog/266.jpg,Dog,1,160,120
PetImages/Dog/2661.jpg,Dog,1,341,500
PetImages/Dog/2662.jpg,Dog,1,138,225
PetImages/Dog/2663.jpg,Dog,1,492,407
PetImages/Dog/2664.jpg,Dog,1,500,297
PetImages/Dog/2666.jpg,Dog,1,436,500
PetImages/Dog/2667.jpg,Dog,1,97,150
PetImages/Dog/2669.jpg,Dog,1,355,500
PetImages/Dog/267.jpg,Dog,1,364,500
PetImages/Dog/2670.jpg,Dog,1,375,500
PetImages/Dog/2671.jpg,Dog,1,450,346
PetImages/Dog/2672.jpg,Dog,1,295,500
PetImages/Dog/2673.jpg,Dog,1,500,333
PetImages/Dog/2675.jpg,Dog,1,500,416
PetImages/Dog/2676.jpg,Dog,1,162,299
PetImages/Dog/2677.jpg,Dog,1,350,262
PetImages/Dog/2678.jpg,Dog,1,500,456
PetImages/Dog/2679.jpg,Dog,1,500,440
PetImages/Dog/268.jpg,Dog,1,300,223
PetImages/Dog/2681.jpg,Dog,1,333,500
PetImages/Dog/2683.jpg,Dog,1,500,332
PetImages/Dog/2684.jpg,Dog,1,352,500
PetImages/Dog/2685.jpg,Dog,1,500,374
PetImages/Dog/2686.jpg,Dog,1,206,188
PetImages/Dog/2688.jpg,Dog,1,480,473
PetImages/Dog/2689.jpg,Dog,1,129,200
PetImages/Dog/2690.jpg,Dog,1,403,397
PetImages/Dog/2691.jpg,Dog,1,500,375
PetImages/Dog/2692.jpg,Dog,1,500,375
PetImages/Dog/2693.jpg,Dog,1,491,500
PetImages/Dog/2696.jpg,Dog,1,500,375
PetImages/Dog/2697.jpg,Dog,1,327,412
PetImages/Dog/2698.jpg,Dog,1,492,500
PetImages/Dog/2699.jpg,Dog,1,211,300
PetImages/Dog/270.jpg,Dog,1,500,401
PetImages/Dog/2700.jpg,Dog,1,500,371
PetImages/Dog/2701.jpg,Dog,1,500,375
PetImages/Dog/2703.jpg,Dog,1,379,500
PetImages/Dog/2706.jpg,Dog,1,500,375
PetImages/Dog/2707.jpg,Dog,1,500,375
PetImages/Dog/2708.jpg,Dog,1,340,340
PetImages/Dog/2709.jpg,Dog,1,500,375
PetImages/Dog/271.jpg,Dog,1,500,375
PetImages/Dog/2710.jpg,Dog,1,500,408
PetImages/Dog/2712.jpg,Dog,1,500,375
PetImages/Dog/2713.jpg,Dog,1,219,293
PetImages/Dog/2715.jpg,Dog,1,386,423
PetImages/Dog/2716.jpg,Dog,1,500,375
PetImages/Dog/2717.jpg,Dog,1,211,314
PetImages/Dog/2719.jpg,Dog,1,376,500
PetImages/Dog/272.jpg,Dog,1,378,500
PetImages/Dog/2721.jpg,Dog,1,500,445
PetImages/Dog/2722.jpg,Dog,1,375,500
PetImages/Dog/2723.jpg,Dog,1,234,349
PetImages/Dog/2724.jpg,Dog,1,500,375
PetImages/Dog/2725.jpg,Dog,1,300,224
PetImages/Dog/2726.jpg,Dog,1,500,375
PetImages/Dog/2727.jpg,Dog,1,252,173
PetImages/Dog/2730.jpg,Dog,1,496,372
PetImages/Dog/2731.jpg,Dog,1,279,500
PetImages/Dog/2733.jpg,Dog,1,500,375
PetImages/Dog/2735.jpg,Dog,1,403,369
PetImages/Dog/2736.jpg,Dog,1,176,250
PetImages/Dog/2737.jpg,Dog,1,500,374
PetImages/Dog/2739.jpg,Dog,1,189,350
PetImages/Dog/2741.jpg,Dog,1,500,375
PetImages/Dog/2742.jpg,Dog,1,350,350
PetImages/Dog/2743.jpg,Dog,1,320,240
PetImages/Dog/2744.jpg,Dog,1,500,375
PetImages/Dog/2745.jpg,Dog,1,375,500
PetImages/Dog/2747.jpg,Dog,1,500,375
PetImages/Dog/2748.jpg,Dog,1,500,375
PetImages/Dog/2749.jpg,Dog,1,319,473
PetImages/Dog/275.jpg,Dog,1,257,303
PetImages/Dog/2750.jpg,Dog,1,500,375
PetImages/Dog/2752.jpg,Dog,1,500,370
PetImages/Dog/2753.jpg,Dog,1,500,359
PetImages/Dog/2754.jpg,Dog,1,500,375
PetImages/Dog/2756.jpg,Dog,1,320,240
PetImages/Dog/2757.jpg,Dog,1,500,392
PetImages/Dog/2758.jpg,Dog,1,500,377
PetImages/Dog/2759.jpg,Dog,1,448,480
PetImages/Dog/276.jpg,Dog,1,500,375
PetImages/Dog/2760.jpg,Dog,1,319,308
PetImages/Dog/2762.jpg,Dog,1,478,500
PetImages/Dog/2763.jpg,Dog,1,382,500
PetImages/Dog/2764.jpg,Dog,1,500,281
PetImages/Dog/2765.jpg,Dog,1,500,375
PetImages/Dog/2767.jpg,Dog,1,500,375
PetImages/Dog/2768.jpg,Dog,1,500,375
PetImages/Dog/2770.jpg,Dog,1,500,423
PetImages/Dog/2772.jpg,Dog,1,360,480
PetImages/Dog/2773.jpg,Dog,1,500,375
PetImages/Dog/2774.jpg,Dog,1,276,235
PetImages/Dog/2776.jpg,Dog,1,480,360
PetImages/Dog/2777.jpg,Dog,1,464,500
PetImages/Dog/2778.jpg,Dog,1,200,250
PetImages/Dog/2779.jpg,Dog,1,500,375
PetImages/Dog/278.jpg,Dog,1,300,375
PetImages/Dog/2780.jpg,Dog,1,150,113
PetImages/Dog/2781.jpg,Dog,1,371,383
PetImages/Dog/2782.jpg,Dog,1,480,360
PetImages/Dog/2783.jpg,Dog,1,500,375
PetImages/Dog/2785.jpg,Dog,1,500,375
PetImages/Dog/279.jpg,Dog,1,266,230
PetImages/Dog/2791.jpg,Dog,1,500,375
PetImages/Dog/2794.jpg,Dog,1,500,375
PetImages/Dog/2797.jpg,Dog,1,500,375
PetImages/Dog/2799.jpg,Dog,1,500,375
PetImages/Dog/2801.jpg,Dog,1,500,333
PetImages/Dog/2804.jpg,Dog,1,433,336
PetImages/Dog/2805.jpg,Dog,1,219,300
PetImages/Dog/2807.jpg,Dog,1,330,500
PetImages/Dog/2809.jpg,Dog,1,300,300
PetImages/Dog/281.jpg,Dog,1,320,223
PetImages/Dog/2812.jpg,Dog,1,336,448
PetImages/Dog/2813.jpg,Dog,1,500,375
PetImages/Dog/2814.jpg,Dog,1,500,418
PetImages/Dog/2815.jpg,Dog,1,276,226
PetImages/Dog/2818.jpg,Dog,1,312,316
PetImages/Dog/2823.jpg,Dog,1,290,433
PetImages/Dog/2824.jpg,Dog,1,180,135
PetImages/Dog/2826.jpg,Dog,1,500,486
PetImages/Dog/2827.jpg,Dog,1,221,166
PetImages/Dog/2828.jpg,Dog,1,500,375
PetImages/Dog/2829.jpg,Dog,1,160,233
PetImages/Dog/283.jpg,Dog,1,300,195
PetImages/Dog/2832.jpg,Dog,1,273,478
PetImages/Dog/2833.jpg,Dog,1,337,500
PetImages/Dog/2834.jpg,Dog,1,500,375
PetImages/Dog/2835.jpg,Dog,1,500,375
PetImages/Dog/2836.jpg,Dog,1,200,160
PetImages/Dog/2838.jpg,Dog,1,500,400
PetImages/Dog/2839.jpg,Dog,1,416,500
PetImages/Dog/284.jpg,Dog,1,120,90
PetImages/Dog/2841.jpg,Dog,1,427,500
PetImages/Dog/2842.jpg,Dog,1,363,500
PetImages/Dog/2843.jpg,Dog,1,435,500
PetImages/Dog/2845.jpg,Dog,1,183,244
PetImages/Dog/2847.jpg,Dog,1,500,375
PetImages/Dog/285.jpg,Dog,1,500,377
PetImages/Dog/2850.jpg,Dog,1,235,467
PetImages/Dog/2857.jpg,Dog,1,200,150
PetImages/Dog/2859.jpg,Dog,1,500,375
PetImages/Dog/286.jpg,Dog,1,500,353
PetImages/Dog/2860.jpg,Dog,1,437,500
PetImages/Dog/2863.jpg,Dog,1,375,500
PetImages/Dog/2865.jpg,Dog,1,240,190
PetImages/Dog/2866.jpg,Dog,1,141,247
PetImages/Dog/2867.jpg,Dog,1,500,375
PetImages/Dog/2869.jpg,Dog,1,500,375
PetImages/Dog/287.jpg,Dog,1,500,375
PetImages/Dog/2870.jpg,Dog,1,353,500
PetImages/Dog/2871.jpg,Dog,1,500,375
PetImages/Dog/2872.jpg,Dog,1,500,375
PetImages/Dog/2873.jpg,Dog,1,500,375
PetImages/Dog/2875.jpg,Dog,1,500,492
PetImages/Dog/2876.jpg,Dog,1,500,375
PetImages/Dog/2877.jpg,Dog,1,178,160
PetImages/Dog/2879.jpg,Dog,1,500,444
PetImages/Dog/2881.jpg,Dog,1,250,347
PetImages/Dog/2882.jpg,Dog,1,500,375
PetImages/Dog/2883.jpg,Dog,1,297,300
PetImages/Dog/2884.jpg,Dog,1,400,500
PetImages/Dog/2885.jpg,Dog,1,357,500
PetImages/Dog/2887.jpg,Dog,1,341,256
PetImages/Dog/2889.jpg,Dog,1,259,208
PetImages/Dog/289.jpg,Dog,1,410,500
PetImages/Dog/2890.jpg,Dog,1,499,374
PetImages/Dog/2891.jpg,Dog,1,500,375
PetImages/Dog/2892.jpg,Dog,1,118,150
PetImages/Dog/2893.jpg,Dog,1,267,298
PetImages/Dog/2895.jpg,Dog,1,248,269
PetImages/Dog/2896.jpg,Dog,1,266,317
PetImages/Dog/2897.jpg,Dog,1,500,373
PetImages/Dog/2898.jpg,Dog,1,500,486
PetImages/Dog/2899.jpg,Dog,1,419,500
PetImages/Dog/29.jpg,Dog,1,500,377
PetImages/Dog/290.jpg,Dog,1,500,392
PetImages/Dog/2900.jpg,Dog,1,500,278
PetImages/Dog/2901.jpg,Dog,1,150,150
PetImages/Dog/2903.jpg,Dog,1,373,500
PetImages/Dog/2905.jpg,Dog,1,400,496
PetImages/Dog/2906.jpg,Dog,1,253,205
PetImages/Dog/2907.jpg,Dog,1,500,405
PetImages/Dog/2908.jpg,Dog,1,289,399
PetImages/Dog/2909.jpg,Dog,1,446,262
PetImages/Dog/291.jpg,Dog,1,275,394
PetImages/Dog/2910.jpg,Dog,1,250,171
PetImages/Dog/2912.jpg,Dog,1,480,360
PetImages/Dog/2914.jpg,Dog,1,400,464
PetImages/Dog/2915.jpg,Dog,1,320,240
PetImages/Dog/2917.jpg,Dog,1,500,375
PetImages/Dog/2918.jpg,Dog,1,500,488
PetImages/Dog/2919.jpg,Dog,1,500,389
PetImages/Dog/292.jpg,Dog,1,300,450
PetImages/Dog/2920.jpg,Dog,1,500,333
PetImages/Dog/2922.jpg,Dog,1,494,491
PetImages/Dog/2927.jpg,Dog,1,260,184
PetImages/Dog/2929.jpg,Dog,1,500,375
PetImages/Dog/293.jpg,Dog,1,500,375
PetImages/Dog/2931.jpg,Dog,1,500,375
PetImages/Dog/2932.jpg,Dog,1,500,375
PetImages/Dog/2934.jpg,Dog,1,500,408
PetImages/Dog/2936.jpg,Dog,1,500,375
PetImages/Dog/2937.jpg,Dog,1,500,375
PetImages/Dog/2938.jpg,Dog,1,288,335
PetImages/Dog/2939.jpg,Dog,1,380,500
PetImages/Dog/2940.jpg,Dog,1,375,500
PetImages/Dog/2941.jpg,Dog,1,400,361
PetImages/Dog/2943.jpg,Dog,1,500,331
PetImages/Dog/2944.jpg,Dog,1,354,332
PetImages/Dog/2945.jpg,Dog,1,500,375
PetImages/Dog/2946.jpg,Dog,1,500,450
PetImages/Dog/2947.jpg,Dog,1,416,344
PetImages/Dog/2948.jpg,Dog,1,500,375
PetImages/Dog/295.jpg,Dog,1,500,332
PetImages/Dog/2953.jpg,Dog,1,500,333
PetImages/Dog/2954.jpg,Dog,1,500,446
PetImages/Dog/2956.jpg,Dog,1,500,375
PetImages/Dog/2957.jpg,Dog,1,500,368
PetImages/Dog/2958.jpg,Dog,1,141,180
PetImages/Dog/2959.jpg,Dog,1,450,323
PetImages/Dog/296.jpg,Dog,1,100,81
PetImages/Dog/2960.jpg,Dog,1,500,439
PetImages/Dog/2961.jpg,Dog,1,300,457
PetImages/Dog/2962.jpg,Dog,1,500,369
PetImages/Dog/2963.jpg,Dog,1,237,161
PetImages/Dog/2964.jpg,Dog,1,500,446
PetImages/Dog/2965.jpg,Dog,1,58,50
PetImages/Dog/2966.jpg,Dog,1,500,434
PetImages/Dog/2967.jpg,Dog,1,377,500
PetImages/Dog/2969.jpg,Dog,1,423,422
PetImages/Dog/297.jpg,Dog,1,160,200
PetImages/Dog/2971.jpg,Dog,1,300,167
PetImages/Dog/2972.jpg,Dog,1,500,375
PetImages/Dog/2973.jpg,Dog,1,500,407
PetImages/Dog/2974.jpg,Dog,1,477,400
PetImages/Dog/2975.jpg,Dog,1,467,401
PetImages/Dog/2976.jpg,Dog,1,500,375
PetImages/Dog/2977.jpg,Dog,1,500,375
PetImages/Dog/2978.jpg,Dog,1,308,385
PetImages/Dog/2979.jpg,Dog,1,500,397
PetImages/Dog/2980.jpg,Dog,1,252,189
PetImages/Dog/2981.jpg,Dog,1,320,240
PetImages/Dog/2983.jpg,Dog,1,400,400
PetImages/Dog/2984.jpg,Dog,1,282,242
PetImages/Dog/2986.jpg,Dog,1,500,419
PetImages/Dog/2987.jpg,Dog,1,300,323
PetImages/Dog/2989.jpg,Dog,1,500,375
PetImages/Dog/299.jpg,Dog,1,329,500
PetImages/Dog/2990.jpg,Dog,1,428,288
PetImages/Dog/2991.jpg,Dog,1,140,128
PetImages/Dog/2992.jpg,Dog,1,384,301
PetImages/Dog/2995.jpg,Dog,1,500,375
PetImages/Dog/2998.jpg,Dog,1,384,347
PetImages/Dog/2999.jpg,Dog,1,487,500
PetImages/Dog/30.jpg,Dog,1,467,457
PetImages/Dog/300.jpg,Dog,1,450,365
PetImages/Dog/3002.jpg,Dog,1,375,500
PetImages/Dog/3003.jpg,Dog,1,212,398
PetImages/Dog/3005.jpg,Dog,1,459,500
PetImages/Dog/3006.jpg,Dog,1,500,375
PetImages/Dog/3007.jpg,Dog,1,500,375
PetImages/Dog/3008.jpg,Dog,1,459,500
PetImages/Dog/3009.jpg,Dog,1,336,336
PetImages/Dog/301.jpg,Dog,1,286,216
PetImages/Dog/3010.jpg,Dog,1,369,465
PetImages/Dog/3011.jpg,Dog,1,345,406
PetImages/Dog/3012.jpg,Dog,1,300,282
PetImages/Dog/3015.jpg,Dog,1,414,382
PetImages/Dog/3017.jpg,Dog,1,412,480
PetImages/Dog/3018.jpg,Dog,1,224,448
PetImages/Dog/3019.jpg,Dog,1,500,472
PetImages/Dog/302.jpg,Dog,1,314,382
PetImages/Dog/3021.jpg,Dog,1,493,500
PetImages/Dog/3023.jpg,Dog,1,240,320
PetImages/Dog/3025.jpg,Dog,1,500,422
PetImages/Dog/3026.jpg,Dog,1,500,334
PetImages/Dog/3028.jpg,Dog,1,500,464
PetImages/Dog/3029.jpg,Dog,1,212,255
PetImages/Dog/303.jpg,Dog,1,500,375
PetImages/Dog/3030.jpg,Dog,1,500,497
PetImages/Dog/3031.jpg,Dog,1,374,500
PetImages/Dog/3033.jpg,Dog,1,500,375
PetImages/Dog/3035.jpg,Dog,1,463,443
PetImages/Dog/3039.jpg,Dog,1,375,500
PetImages/Dog/304.jpg,Dog,1,500,332
PetImages/Dog/3041.jpg,Dog,1,500,375
PetImages/Dog/3043.jpg,Dog,1,336,400
PetImages/Dog/3044.jpg,Dog,1,500,342
PetImages/Dog/3046.jpg,Dog,1,194,252
PetImages/Dog/3047.jpg,Dog,1,500,375
PetImages/Dog/3048.jpg,Dog,1,183,217
PetImages/Dog/3049.jpg,Dog,1,500,375
PetImages/Dog/305.jpg,Dog,1,480,360
PetImages/Dog/3050.jpg,Dog,1,500,375
PetImages/Dog/3052.jpg,Dog,1,500,375
PetImages/Dog/3053.jpg,Dog,1,300,296
PetImages/Dog/3054.jpg,Dog,1,361,500
PetImages/Dog/3055.jpg,Dog,1,500,333
PetImages/Dog/3057.jpg,Dog,1,427,500
PetImages/Dog/3058.jpg,Dog,1,344,500
PetImages/Dog/3060.jpg,Dog,1,471,500
PetImages/Dog/3061.jpg,Dog,1,300,200
PetImages/Dog/3062.jpg,Dog,1,268,400
PetImages/Dog/3063.jpg,Dog,1,500,375
PetImages/Dog/3065.jpg,Dog,1,320,380
PetImages/Dog/3066.jpg,Dog,1,304,202
PetImages/Dog/3067.jpg,Dog,1,300,200
PetImages/Dog/3070.jpg,Dog,1,480,360
PetImages/Dog/3071.jpg,Dog,1,489,500
PetImages/Dog/3073.jpg,Dog,1,498,500
PetImages/Dog/3075.jpg,Dog,1,384,347
PetImages/Dog/3077.jpg,Dog,1,417,497
PetImages/Dog/3078.jpg,Dog,1,493,500
PetImages/Dog/3079.jpg,Dog,1,400,254
PetImages/Dog/308.jpg,Dog,1,400,300
PetImages/Dog/3081.jpg,Dog,1,476,339
PetImages/Dog/3082.jpg,Dog,1,315,209
PetImages/Dog/3085.jpg,Dog,1,500,383
PetImages/Dog/3086.jpg,Dog,1,258,500
PetImages/Dog/3088.jpg,Dog,1,120,90
PetImages/Dog/309.jpg,Dog,1,360,288
PetImages/Dog/3090.jpg,Dog,1,300,271
PetImages/Dog/3091.jpg,Dog,1,500,375
PetImages/Dog/3092.jpg,Dog,1,447,500
PetImages/Dog/3093.jpg,Dog,1,200,164
PetImages/Dog/3096.jpg,Dog,1,500,375
PetImages/Dog/3099.jpg,Dog,1,500,375
PetImages/Dog/31.jpg,Dog,1,298,500
PetImages/Dog/310.jpg,Dog,1,440,440
PetImages/Dog/3100.jpg,Dog,1,500,374
PetImages/Dog/3101.jpg,Dog,1,500,375
PetImages/Dog/3103.jpg,Dog,1,500,316
PetImages/Dog/3105.jpg,Dog,1,496,450
PetImages/Dog/3106.jpg,Dog,1,323,500
PetImages/Dog/3107.jpg,Dog,1,500,375
PetImages/Dog/3109.jpg,Dog,1,320,240
PetImages/Dog/3110.jpg,Dog,1,500,375
PetImages/Dog/3111.jpg,Dog,1,500,423
PetImages/Dog/3112.jpg,Dog,1,350,175
PetImages/Dog/3113.jpg,Dog,1,400,400
PetImages/Dog/3114.jpg,Dog,1,500,429
PetImages/Dog/3117.jpg,Dog,1,500,470
PetImages/Dog/3118.jpg,Dog,1,500,332
PetImages/Dog/3119.jpg,Dog,1,200,150
PetImages/Dog/3120.jpg,Dog,1,500,356
PetImages/Dog/3121.jpg,Dog,1,375,500
PetImages/Dog/3122.jpg,Dog,1,500,375
PetImages/Dog/3124.jpg,Dog,1,500,333
PetImages/Dog/3125.jpg,Dog,1,216,198
PetImages/Dog/3127.jpg,Dog,1,500,333
PetImages/Dog/3128.jpg,Dog,1,500,375
PetImages/Dog/3129.jpg,Dog,1,500,375
PetImages/Dog/313.jpg,Dog,1,432,500
PetImages/Dog/3130.jpg,Dog,1,149,240
PetImages/Dog/3131.jpg,Dog,1,500,375
PetImages/Dog/3133.jpg,Dog,1,320,229
PetImages/Dog/3134.jpg,Dog,1,281,416
PetImages/Dog/3135.jpg,Dog,1,228,500
PetImages/Dog/3136.jpg,Dog,1,144,144
PetImages/Dog/3137.jpg,Dog,1,500,375
PetImages/Dog/3139.jpg,Dog,1,223,500
PetImages/Dog/314.jpg,Dog,1,383,471
PetImages/Dog/3140.jpg,Dog,1,304,242
PetImages/Dog/3141.jpg,Dog,1,500,438
PetImages/Dog/3142.jpg,Dog,1,329,314
PetImages/Dog/3143.jpg,Dog,1,500,375
PetImages/Dog/3144.jpg,Dog,1,500,375
PetImages/Dog/3145.jpg,Dog,1,200,200
PetImages/Dog/3148.jpg,Dog,1,455,341
PetImages/Dog/315.jpg,Dog,1,362,432
PetImages/Dog/3150.jpg,Dog,1,448,337
PetImages/Dog/3151.jpg,Dog,1,360,360
PetImages/Dog/3152.jpg,Dog,1,469,500
PetImages/Dog/3156.jpg,Dog,1,500,375
PetImages/Dog/3157.jpg,Dog,1,500,375
PetImages/Dog/3158.jpg,Dog,1,348,500
PetImages/Dog/3159.jpg,Dog,1,448,336
PetImages/Dog/316.jpg,Dog,1,120,90
PetImages/Dog/3160.jpg,Dog,1,336,364
PetImages/Dog/3161.jpg,Dog,1,500,338
PetImages/Dog/3162.jpg,Dog,1,500,375
PetImages/Dog/3163.jpg,Dog,1,350,401
PetImages/Dog/3164.jpg,Dog,1,360,486
PetImages/Dog/3165.jpg,Dog,1,500,375
PetImages/Dog/3166.jpg,Dog,1,500,375
PetImages/Dog/3168.jpg,Dog,1,500,375
PetImages/Dog/3169.jpg,Dog,1,500,333
PetImages/Dog/317.jpg,Dog,1,315,500
PetImages/Dog/3174.jpg,Dog,1,269,300
PetImages/Dog/3176.jpg,Dog,1,489,500
PetImages/Dog/3177.jpg,Dog,1,500,334
PetImages/Dog/3179.jpg,Dog,1,320,240
PetImages/Dog/318.jpg,Dog,1,500,392
PetImages/Dog/3181.jpg,Dog,1,326,306
PetImages/Dog/3183.jpg,Dog,1,500,405
PetImages/Dog/3184.jpg,Dog,1,415,500
PetImages/Dog/3186.jpg,Dog,1,475,350
PetImages/Dog/319.jpg,Dog,1,178,200
PetImages/Dog/3190.jpg,Dog,1,496,500
PetImages/Dog/3192.jpg,Dog,1,500,375
PetImages/Dog/3193.jpg,Dog,1,346,500
PetImages/Dog/3195.jpg,Dog,1,169,303
PetImages/Dog/3196.jpg,Dog,1,496,429
PetImages/Dog/3197.jpg,Dog,1,500,461
PetImages/Dog/3198.jpg,Dog,1,373,332
PetImages/Dog/3199.jpg,Dog,1,500,326
PetImages/Dog/32.jpg,Dog,1,500,375
PetImages/Dog/3202.jpg,Dog,1,500,375
PetImages/Dog/3204.jpg,Dog,1,500,333
PetImages/Dog/3205.jpg,Dog,1,500,375
PetImages/Dog/3206.jpg,Dog,1,200,187
PetImages/Dog/3208.jpg,Dog,1,350,300
PetImages/Dog/3209.jpg,Dog,1,181,200
PetImages/Dog/3210.jpg,Dog,1,500,377
PetImages/Dog/3213.jpg,Dog,1,235,243
PetImages/Dog/3214.jpg,Dog,1,500,333
PetImages/Dog/3216.jpg,Dog,1,168,229
PetImages/Dog/3217.jpg,Dog,1,361,389
PetImages/Dog/3218.jpg,Dog,1,500,375
PetImages/Dog/322.jpg,Dog,1,500,398
PetImages/Dog/3220.jpg,Dog,1,300,242
PetImages/Dog/3221.jpg,Dog,1,356,386
PetImages/Dog/3223.jpg,Dog,1,500,375
PetImages/Dog/3224.jpg,Dog,1,500,375
PetImages/Dog/3226.jpg,Dog,1,352,288
PetImages/Dog/3227.jpg,Dog,1,358,500
PetImages/Dog/3228.jpg,Dog,1,337,449
PetImages/Dog/3229.jpg,Dog,1,500,375
PetImages/Dog/323.jpg,Dog,1,366,408
PetImages/Dog/3230.jpg,Dog,1,333,500
PetImages/Dog/3232.jpg,Dog,1,147,200
PetImages/Dog/3233.jpg,Dog,1,384,262
PetImages/Dog/3234.jpg,Dog,1,413,500
PetImages/Dog/3236.jpg,Dog,1,305,424
PetImages/Dog/3237.jpg,Dog,1,401,480
PetImages/Dog/3238.jpg,Dog,1,500,423
PetImages/Dog/3239.jpg,Dog,1,403,500
PetImages/Dog/3242.jpg,Dog,1,500,375
PetImages/Dog/3243.jpg,Dog,1,500,375
PetImages/Dog/3244.jpg,Dog,1,338,500
PetImages/Dog/3247.jpg,Dog,1,500,292
PetImages/Dog/3249.jpg,Dog,1,471,480
PetImages/Dog/325.jpg,Dog,1,500,375
PetImages/Dog/3252.jpg,Dog,1,320,240
PetImages/Dog/3253.jpg,Dog,1,500,399
PetImages/Dog/3254.jpg,Dog,1,500,375
PetImages/Dog/3255.jpg,Dog,1,130,130
PetImages/Dog/3256.jpg,Dog,1,288,273
PetImages/Dog/3259.jpg,Dog,1,500,388
PetImages/Dog/326.jpg,Dog,1,404,232
PetImages/Dog/3260.jpg,Dog,1,500,352
PetImages/Dog/3262.jpg,Dog,1,500,375
PetImages/Dog/3263.jpg,Dog,1,500,458
PetImages/Dog/3266.jpg,Dog,1,500,395
PetImages/Dog/3267.jpg,Dog,1,440,431
PetImages/Dog/3268.jpg,Dog,1,300,227
PetImages/Dog/3269.jpg,Dog,1,500,333
PetImages/Dog/327.jpg,Dog,1,350,251
PetImages/Dog/3271.jpg,Dog,1,319,304
PetImages/Dog/3272.jpg,Dog,1,366,393
PetImages/Dog/3273.jpg,Dog,1,293,220
PetImages/Dog/3277.jpg,Dog,1,288,360
PetImages/Dog/328.jpg,Dog,1,500,500
PetImages/Dog/3280.jpg,Dog,1,200,297
PetImages/Dog/3282.jpg,Dog,1,329,400
PetImages/Dog/3284.jpg,Dog,1,490,500
PetImages/Dog/3285.jpg,Dog,1,500,450
PetImages/Dog/3286.jpg,Dog,1,500,431
PetImages/Dog/3288.jpg,Dog,1,166,222
PetImages/Dog/3289.jpg,Dog,1,360,360
PetImages/Dog/329.jpg,Dog,1,200,254
PetImages/Dog/3291.jpg,Dog,1,155,201
PetImages/Dog/3292.jpg,Dog,1,500,370
PetImages/Dog/3293.jpg,Dog,1,245,183
PetImages/Dog/3294.jpg,Dog,1,317,500
PetImages/Dog/3295.jpg,Dog,1,360,257
PetImages/Dog/3296.jpg,Dog,1,331,414
PetImages/Dog/3297.jpg,Dog,1,500,381
PetImages/Dog/3299.jpg,Dog,1,500,375
PetImages/Dog/33.jpg,Dog,1,500,375
PetImages/Dog/330.jpg,Dog,1,500,375
PetImages/Dog/3300.jpg,Dog,1,360,251
PetImages/Dog/3302.jpg,Dog,1,195,288
PetImages/Dog/3303.jpg,Dog,1,500,375
PetImages/Dog/3304.jpg,Dog,1,462,500
PetImages/Dog/3305.jpg,Dog,1,500,375
PetImages/Dog/3306.jpg,Dog,1,500,492
PetImages/Dog/3307.jpg,Dog,1,500,375
PetImages/Dog/3308.jpg,Dog,1,500,375
PetImages/Dog/331.jpg,Dog,1,500,375
PetImages/Dog/3310.jpg,Dog,1,500,375
PetImages/Dog/3311.jpg,Dog,1,500,332
PetImages/Dog/3312.jpg,Dog,1,500,375
PetImages/Dog/3313.jpg,Dog,1,500,375
PetImages/Dog/3314.jpg,Dog,1,500,351
PetImages/Dog/3315.jpg,Dog,1,500,456
PetImages/Dog/3316.jpg,Dog,1,500,352
PetImages/Dog/3317.jpg,Dog,1,500,471
PetImages/Dog/3318.jpg,Dog,1,399,500
PetImages/Dog/332.jpg,Dog,1,336,360
PetImages/Dog/3320.jpg,Dog,1,140,104
PetImages/Dog/3321.jpg,Dog,1,500,375
PetImages/Dog/3322.jpg,Dog,1,256,137
PetImages/Dog/3323.jpg,Dog,1,500,375
PetImages/Dog/3324.jpg,Dog,1,392,500
PetImages/Dog/3326.jpg,Dog,1,500,498
PetImages/Dog/3328.jpg,Dog,1,400,299
PetImages/Dog/333.jpg,Dog,1,472,500
PetImages/Dog/3331.jpg,Dog,1,300,252
PetImages/Dog/3333.jpg,Dog,1,336,349
PetImages/Dog/3334.jpg,Dog,1,500,465
PetImages/Dog/3336.jpg,Dog,1,197,167
PetImages/Dog/3338.jpg,Dog,1,400,357
PetImages/Dog/3339.jpg,Dog,1,500,461
PetImages/Dog/334.jpg,Dog,1,240,180
PetImages/Dog/3341.jpg,Dog,1,500,375
PetImages/Dog/3342.jpg,Dog,1,320,240
PetImages/Dog/3344.jpg,Dog,1,350,262
PetImages/Dog/3348.jpg,Dog,1,500,375
PetImages/Dog/3349.jpg,Dog,1,350,347
PetImages/Dog/335.jpg,Dog,1,247,270
PetImages/Dog/3350.jpg,Dog,1,409,306
PetImages/Dog/3353.jpg,Dog,1,307,296
PetImages/Dog/3354.jpg,Dog,1,200,152
PetImages/Dog/3355.jpg,Dog,1,270,147
PetImages/Dog/3356.jpg,Dog,1,448,336
PetImages/Dog/3357.jpg,Dog,1,386,500
PetImages/Dog/3358.jpg,Dog,1,500,334
PetImages/Dog/3359.jpg,Dog,1,500,375
PetImages/Dog/336.jpg,Dog,1,320,400
PetImages/Dog/3360.jpg,Dog,1,500,375
PetImages/Dog/3361.jpg,Dog,1,500,375
PetImages/Dog/3362.jpg,Dog,1,329,448
PetImages/Dog/3363.jpg,Dog,1,378,480
PetImages/Dog/3366.jpg,Dog,1,400,359
PetImages/Dog/3369.jpg,Dog,1,308,295
PetImages/Dog/3370.jpg,Dog,1,369,417
PetImages/Dog/3371.jpg,Dog,1,265,300
PetImages/Dog/3373.jpg,Dog,1,500,375
PetImages/Dog/3374.jpg,Dog,1,461,500
PetImages/Dog/3375.jpg,Dog,1,448,336
PetImages/Dog/3376.jpg,Dog,1,500,311
PetImages/Dog/3379.jpg,Dog,1,340,480
PetImages/Dog/3381.jpg,Dog,1,500,375
PetImages/Dog/3386.jpg,Dog,1,500,375
PetImages/Dog/3387.jpg,Dog,1,398,500
PetImages/Dog/3388.jpg,Dog,1,380,428
PetImages/Dog/3389.jpg,Dog,1,500,364
PetImages/Dog/339.jpg,Dog,1,487,500
PetImages/Dog/3391.jpg,Dog,1,351,264
PetImages/Dog/3392.jpg,Dog,1,500,410
PetImages/Dog/3393.jpg,Dog,1,449,371
PetImages/Dog/3394.jpg,Dog,1,473,500
PetImages/Dog/3396.jpg,Dog,1,212,251
PetImages/Dog/3397.jpg,Dog,1,335,500
PetImages/Dog/3398.jpg,Dog,1,453,399
PetImages/Dog/34.jpg,Dog,1,500,375
PetImages/Dog/340.jpg,Dog,1,430,247
PetImages/Dog/3401.jpg,Dog,1,500,331
PetImages/Dog/3402.jpg,Dog,1,350,289
PetImages/Dog/3403.jpg,Dog,1,350,366
PetImages/Dog/3404.jpg,Dog,1,250,194
PetImages/Dog/3405.jpg,Dog,1,336,396
PetImages/Dog/3406.jpg,Dog,1,500,375
PetImages/Dog/3407.jpg,Dog,1,500,375
PetImages/Dog/3408.jpg,Dog,1,320,426
PetImages/Dog/3409.jpg,Dog,1,200,164
PetImages/Dog/341.jpg,Dog,1,443,500
PetImages/Dog/3410.jpg,Dog,1,500,476
PetImages/Dog/3411.jpg,Dog,1,400,357
PetImages/Dog/3412.jpg,Dog,1,250,250
PetImages/Dog/3413.jpg,Dog,1,500,338
PetImages/Dog/3416.jpg,Dog,1,408,500
PetImages/Dog/3417.jpg,Dog,1,500,426
PetImages/Dog/3418.jpg,Dog,1,450,300
PetImages/Dog/3419.jpg,Dog,1,496,500
PetImages/Dog/342.jpg,Dog,1,500,375
PetImages/Dog/3423.jpg,Dog,1,500,437
PetImages/Dog/3424.jpg,Dog,1,259,432
PetImages/Dog/3426.jpg,Dog,1,350,307
PetImages/Dog/3429.jpg,Dog,1,100,102
PetImages/Dog/3432.jpg,Dog,1,350,343
PetImages/Dog/3435.jpg,Dog,1,500,375
PetImages/Dog/3436.jpg,Dog,1,500,375
PetImages/Dog/3437.jpg,Dog,1,500,405
PetImages/Dog/3438.jpg,Dog,1,500,329
PetImages/Dog/3439.jpg,Dog,1,500,375
PetImages/Dog/3440.jpg,Dog,1,281,360
PetImages/Dog/3441.jpg,Dog,1,250,188
PetImages/Dog/3443.jpg,Dog,1,320,240
PetImages/Dog/3444.jpg,Dog,1,434,450
PetImages/Dog/3445.jpg,Dog,1,200,151
PetImages/Dog/3447.jpg,Dog,1,375,500
PetImages/Dog/3448.jpg,Dog,1,500,375
PetImages/Dog/345.jpg,Dog,1,490,500
PetImages/Dog/3451.jpg,Dog,1,441,500
PetImages/Dog/3453.jpg,Dog,1,300,225
PetImages/Dog/3454.jpg,Dog,1,500,429
PetImages/Dog/3456.jpg,Dog,1,375,500
PetImages/Dog/3458.jpg,Dog,1,500,375
PetImages/Dog/346.jpg,Dog,1,320,240
PetImages/Dog/3460.jpg,Dog,1,380,333
PetImages/Dog/3461.jpg,Dog,1,355,500
PetImages/Dog/3463.jpg,Dog,1,500,375
PetImages/Dog/3464.jpg,Dog,1,500,332
PetImages/Dog/3465.jpg,Dog,1,400,467
PetImages/Dog/3466.jpg,Dog,1,500,461
PetImages/Dog/3467.jpg,Dog,1,216,204
PetImages/Dog/3470.jpg,Dog,1,500,352
PetImages/Dog/3471.jpg,Dog,1,333,500
PetImages/Dog/3472.jpg,Dog,1,227,300
PetImages/Dog/3473.jpg,Dog,1,384,500
PetImages/Dog/3475.jpg,Dog,1,500,375
PetImages/Dog/3476.jpg,Dog,1,252,228
PetImages/Dog/3477.jpg,Dog,1,188,200
PetImages/Dog/3478.jpg,Dog,1,300,423
PetImages/Dog/3479.jpg,Dog,1,500,375
PetImages/Dog/348.jpg,Dog,1,300,247
PetImages/Dog/3480.jpg,Dog,1,416,500
PetImages/Dog/3481.jpg,Dog,1,296,500
PetImages/Dog/3485.jpg,Dog,1,500,460
PetImages/Dog/3487.jpg,Dog,1,500,375
PetImages/Dog/3488.jpg,Dog,1,500,375
PetImages/Dog/349.jpg,Dog,1,500,380
PetImages/Dog/3491.jpg,Dog,1,370,500
PetImages/Dog/3492.jpg,Dog,1,200,169
PetImages/Dog/3493.jpg,Dog,1,384,289
PetImages/Dog/3497.jpg,Dog,1,500,338
PetImages/Dog/3498.jpg,Dog,1,350,257
PetImages/Dog/3499.jpg,Dog,1,500,353
PetImages/Dog/35.jpg,Dog,1,324,243
PetImages/Dog/350.jpg,Dog,1,200,191
PetImages/Dog/3500.jpg,Dog,1,288,216
PetImages/Dog/3505.jpg,Dog,1,320,240
PetImages/Dog/3511.jpg,Dog,1,367,500
PetImages/Dog/3512.jpg,Dog,1,500,295
PetImages/Dog/3513.jpg,Dog,1,320,192
PetImages/Dog/3517.jpg,Dog,1,360,432
PetImages/Dog/3518.jpg,Dog,1,500,480
PetImages/Dog/3519.jpg,Dog,1,500,497
PetImages/Dog/352.jpg,Dog,1,397,500
PetImages/Dog/3523.jpg,Dog,1,500,375
PetImages/Dog/3524.jpg,Dog,1,134,109
PetImages/Dog/3525.jpg,Dog,1,500,417
PetImages/Dog/3526.jpg,Dog,1,325,310
PetImages/Dog/3528.jpg,Dog,1,500,333
PetImages/Dog/3529.jpg,Dog,1,398,500
PetImages/Dog/353.jpg,Dog,1,400,397
PetImages/Dog/3530.jpg,Dog,1,482,500
PetImages/Dog/3531.jpg,Dog,1,500,375
PetImages/Dog/3532.jpg,Dog,1,500,375
PetImages/Dog/3533.jpg,Dog,1,135,200
PetImages/Dog/3536.jpg,Dog,1,151,101
PetImages/Dog/3537.jpg,Dog,1,500,375
PetImages/Dog/3538.jpg,Dog,1,378,278
PetImages/Dog/3539.jpg,Dog,1,180,231
PetImages/Dog/354.jpg,Dog,1,286,216
PetImages/Dog/3540.jpg,Dog,1,258,500
PetImages/Dog/3542.jpg,Dog,1,150,200
PetImages/Dog/3543.jpg,Dog,1,377,360
PetImages/Dog/3544.jpg,Dog,1,480,360
PetImages/Dog/3545.jpg,Dog,1,344,293
PetImages/Dog/3546.jpg,Dog,1,192,361
PetImages/Dog/3549.jpg,Dog,1,349,322
PetImages/Dog/355.jpg,Dog,1,401,481
PetImages/Dog/3553.jpg,Dog,1,147,163
PetImages/Dog/3554.jpg,Dog,1,500,375
PetImages/Dog/3555.jpg,Dog,1,500,283
PetImages/Dog/3556.jpg,Dog,1,500,375
PetImages/Dog/3557.jpg,Dog,1,380,328
PetImages/Dog/3558.jpg,Dog,1,300,184
PetImages/Dog/3559.jpg,Dog,1,473,287
PetImages/Dog/356.jpg,Dog,1,500,375
PetImages/Dog/3560.jpg,Dog,1,300,204
PetImages/Dog/3561.jpg,Dog,1,500,500
PetImages/Dog/3562.jpg,Dog,1,493,500
PetImages/Dog/3563.jpg,Dog,1,360,443
PetImages/Dog/3566.jpg,Dog,1,500,375
PetImages/Dog/3567.jpg,Dog,1,255,313
PetImages/Dog/3568.jpg,Dog,1,500,454
PetImages/Dog/357.jpg,Dog,1,500,375
PetImages/Dog/3570.jpg,Dog,1,500,375
PetImages/Dog/3573.jpg,Dog,1,350,259
PetImages/Dog/3574.jpg,Dog,1,254,350
PetImages/Dog/3575.jpg,Dog,1,364,363
PetImages/Dog/3576.jpg,Dog,1,166,227
PetImages/Dog/3577.jpg,Dog,1,500,375
PetImages/Dog/358.jpg,Dog,1,432,428
PetImages/Dog/3580.jpg,Dog,1,492,500
PetImages/Dog/3581.jpg,Dog,1,500,376
PetImages/Dog/3582.jpg,Dog,1,500,498
PetImages/Dog/3584.jpg,Dog,1,200,196
PetImages/Dog/3586.jpg,Dog,1,500,384
PetImages/Dog/3587.jpg,Dog,1,320,240
PetImages/Dog/3588.jpg,Dog,1,185,150
PetImages/Dog/3589.jpg,Dog,1,500,417
PetImages/Dog/359.jpg,Dog,1,275,271
PetImages/Dog/3590.jpg,Dog,1,192,200
PetImages/Dog/3591.jpg,Dog,1,449,500
PetImages/Dog/3593.jpg,Dog,1,318,380
PetImages/Dog/3594.jpg,Dog,1,395,500
PetImages/Dog/36.jpg,Dog,1,320,240
PetImages/Dog/360.jpg,Dog,1,500,375
PetImages/Dog/3600.jpg,Dog,1,500,375
PetImages/Dog/3601.jpg,Dog,1,480,360
PetImages/Dog/3602.jpg,Dog,1,364,500
PetImages/Dog/3603.jpg,Dog,1,500,333
PetImages/Dog/3605.jpg,Dog,1,358,281
PetImages/Dog/3606.jpg,Dog,1,370,480
PetImages/Dog/3608.jpg,Dog,1,500,375
PetImages/Dog/3610.jpg,Dog,1,500,323
PetImages/Dog/3611.jpg,Dog,1,500,351
PetImages/Dog/3612.jpg,Dog,1,356,422
PetImages/Dog/3613.jpg,Dog,1,500,378
PetImages/Dog/3614.jpg,Dog,1,380,500
PetImages/Dog/3616.jpg,Dog,1,260,232
PetImages/Dog/3618.jpg,Dog,1,500,375
PetImages/Dog/3619.jpg,Dog,1,376,438
PetImages/Dog/362.jpg,Dog,1,500,375
PetImages/Dog/3621.jpg,Dog,1,500,375
PetImages/Dog/3622.jpg,Dog,1,373,500
PetImages/Dog/3623.jpg,Dog,1,500,349
PetImages/Dog/3625.jpg,Dog,1,357,500
PetImages/Dog/3626.jpg,Dog,1,500,437
PetImages/Dog/3627.jpg,Dog,1,286,350
PetImages/Dog/3629.jpg,Dog,1,500,375
PetImages/Dog/3630.jpg,Dog,1,443,500
PetImages/Dog/3631.jpg,Dog,1,500,375
PetImages/Dog/3635.jpg,Dog,1,345,500
PetImages/Dog/3636.jpg,Dog,1,335,219
PetImages/Dog/3639.jpg,Dog,1,452,500
PetImages/Dog/364.jpg,Dog,1,477,500
PetImages/Dog/3640.jpg,Dog,1,387,309
PetImages/Dog/3641.jpg,Dog,1,270,500
PetImages/Dog/3642.jpg,Dog,1,500,375
PetImages/Dog/3643.jpg,Dog,1,500,322
PetImages/Dog/3644.jpg,Dog,1,500,406
PetImages/Dog/3645.jpg,Dog,1,282,198
PetImages/Dog/3646.jpg,Dog,1,317,500
PetImages/Dog/3648.jpg,Dog,1,500,367
PetImages/Dog/3649.jpg,Dog,1,250,337
PetImages/Dog/365.jpg,Dog,1,500,375
PetImages/Dog/3651.jpg,Dog,1,343,418
PetImages/Dog/3652.jpg,Dog,1,348,500
PetImages/Dog/3653.jpg,Dog,1,226,206
PetImages/Dog/3655.jpg,Dog,1,400,300
PetImages/Dog/3656.jpg,Dog,1,358,269
PetImages/Dog/3657.jpg,Dog,1,216,203
PetImages/Dog/3658.jpg,Dog,1,377,500
PetImages/Dog/3659.jpg,Dog,1,446,500
PetImages/Dog/3660.jpg,Dog,1,500,375
PetImages/Dog/3662.jpg,Dog,1,500,451
PetImages/Dog/3664.jpg,Dog,1,480,320
PetImages/Dog/3665.jpg,Dog,1,500,500
PetImages/Dog/3667.jpg,Dog,1,414,500
PetImages/Dog/3668.jpg,Dog,1,207,216
PetImages/Dog/3669.jpg,Dog,1,500,374
PetImages/Dog/3671.jpg,Dog,1,332,371
PetImages/Dog/3672.jpg,Dog,1,288,203
PetImages/Dog/3673.jpg,Dog,1,500,362
PetImages/Dog/3674.jpg,Dog,1,500,375
PetImages/Dog/3676.jpg,Dog,1,437,500
PetImages/Dog/3677.jpg,Dog,1,382,438
PetImages/Dog/3678.jpg,Dog,1,500,375
PetImages/Dog/3679.jpg,Dog,1,500,377
PetImages/Dog/368.jpg,Dog,1,393,500
PetImages/Dog/3680.jpg,Dog,1,500,375
PetImages/Dog/3681.jpg,Dog,1,389,461
PetImages/Dog/3683.jpg,Dog,1,309,300
PetImages/Dog/3685.jpg,Dog,1,345,500
PetImages/Dog/3686.jpg,Dog,1,438,455
PetImages/Dog/3687.jpg,Dog,1,259,346
PetImages/Dog/3688.jpg,Dog,1,466,500
PetImages/Dog/3691.jpg,Dog,1,480,360
PetImages/Dog/3692.jpg,Dog,1,273,500
PetImages/Dog/3693.jpg,Dog,1,500,375
PetImages/Dog/3695.jpg,Dog,1,463,500
PetImages/Dog/3696.jpg,Dog,1,500,374
PetImages/Dog/3697.jpg,Dog,1,500,375
PetImages/Dog/3698.jpg,Dog,1,484,500
PetImages/Dog/37.jpg,Dog,1,400,372
PetImages/Dog/370.jpg,Dog,1,397,453
PetImages/Dog/3701.jpg,Dog,1,340,260
PetImages/Dog/3702.jpg,Dog,1,320,319
PetImages/Dog/3703.jpg,Dog,1,500,375
PetImages/Dog/3704.jpg,Dog,1,500,500
PetImages/Dog/3705.jpg,Dog,1,500,333
PetImages/Dog/3707.jpg,Dog,1,500,375
PetImages/Dog/3708.jpg,Dog,1,500,375
PetImages/Dog/3709.jpg,Dog,1,306,326
PetImages/Dog/371.jpg,Dog,1,421,383
PetImages/Dog/3710.jpg,Dog,1,453,500
PetImages/Dog/3711.jpg,Dog,1,500,375
PetImages/Dog/3714.jpg,Dog,1,500,333
PetImages/Dog/3716.jpg,Dog,1,141,176
PetImages/Dog/3717.jpg,Dog,1,234,270
PetImages/Dog/3718.jpg,Dog,1,412,500
PetImages/Dog/3719.jpg,Dog,1,232,174
PetImages/Dog/3720.jpg,Dog,1,500,333
PetImages/Dog/3722.jpg,Dog,1,399,424
PetImages/Dog/3725.jpg,Dog,1,375,500
PetImages/Dog/3727.jpg,Dog,1,375,500
PetImages/Dog/3728.jpg,Dog,1,320,426
PetImages/Dog/3729.jpg,Dog,1,500,332
PetImages/Dog/3731.jpg,Dog,1,150,200
PetImages/Dog/3732.jpg,Dog,1,457,500
PetImages/Dog/3734.jpg,Dog,1,350,385
PetImages/Dog/3735.jpg,Dog,1,500,375
PetImages/Dog/3736.jpg,Dog,1,390,307
PetImages/Dog/3737.jpg,Dog,1,500,384
PetImages/Dog/3738.jpg,Dog,1,500,436
PetImages/Dog/3739.jpg,Dog,1,218,166
PetImages/Dog/374.jpg,Dog,1,320,240
PetImages/Dog/3740.jpg,Dog,1,220,194
PetImages/Dog/3741.jpg,Dog,1,500,371
PetImages/Dog/3742.jpg,Dog,1,400,500
PetImages/Dog/3743.jpg,Dog,1,500,332
PetImages/Dog/3744.jpg,Dog,1,500,375
PetImages/Dog/3745.jpg,Dog,1,348,500
PetImages/Dog/3746.jpg,Dog,1,500,357
PetImages/Dog/3747.jpg,Dog,1,500,375
PetImages/Dog/3748.jpg,Dog,1,500,375
PetImages/Dog/3749.jpg,Dog,1,300,225
PetImages/Dog/375.jpg,Dog,1,500,368
PetImages/Dog/3750.jpg,Dog,1,480,360
PetImages/Dog/3752.jpg,Dog,1,500,375
PetImages/Dog/3753.jpg,Dog,1,500,375
PetImages/Dog/3754.jpg,Dog,1,435,500
PetImages/Dog/3755.jpg,Dog,1,301,379
PetImages/Dog/3757.jpg,Dog,1,416,500
PetImages/Dog/3758.jpg,Dog,1,500,375
PetImages/Dog/3759.jpg,Dog,1,500,360
PetImages/Dog/3761.jpg,Dog,1,500,375
PetImages/Dog/3762.jpg,Dog,1,500,375
PetImages/Dog/3763.jpg,Dog,1,283,387
PetImages/Dog/3764.jpg,Dog,1,253,250
PetImages/Dog/3765.jpg,Dog,1,299,237
PetImages/Dog/3766.jpg,Dog,1,494,329
PetImages/Dog/3767.jpg,Dog,1,358,500
PetImages/Dog/3768.jpg,Dog,1,448,336
PetImages/Dog/377.jpg,Dog,1,500,392
PetImages/Dog/3770.jpg,Dog,1,500,333
PetImages/Dog/3772.jpg,Dog,1,320,286
PetImages/Dog/3774.jpg,Dog,1,415,500
PetImages/Dog/3775.jpg,Dog,1,500,445
PetImages/Dog/3776.jpg,Dog,1,474,500
PetImages/Dog/3778.jpg,Dog,1,187,237
PetImages/Dog/3780.jpg,Dog,1,500,375
PetImages/Dog/3781.jpg,Dog,1,299,500
PetImages/Dog/3782.jpg,Dog,1,386,500
PetImages/Dog/3785.jpg,Dog,1,500,496
PetImages/Dog/3787.jpg,Dog,1,343,480
PetImages/Dog/3788.jpg,Dog,1,307,320
PetImages/Dog/3789.jpg,Dog,1,500,375
PetImages/Dog/379.jpg,Dog,1,420,500
PetImages/Dog/3790.jpg,Dog,1,500,330
PetImages/Dog/3791.jpg,Dog,1,500,437
PetImages/Dog/3793.jpg,Dog,1,500,375
PetImages/Dog/3794.jpg,Dog,1,500,446
PetImages/Dog/3796.jpg,Dog,1,500,375
PetImages/Dog/3797.jpg,Dog,1,254,300
PetImages/Dog/38.jpg,Dog,1,500,374
PetImages/Dog/380.jpg,Dog,1,495,500
PetImages/Dog/3800.jpg,Dog,1,500,375
PetImages/Dog/3802.jpg,Dog,1,160,156
PetImages/Dog/3804.jpg,Dog,1,450,357
PetImages/Dog/3806.jpg,Dog,1,400,300
PetImages/Dog/3807.jpg,Dog,1,200,270
PetImages/Dog/3809.jpg,Dog,1,154,180
PetImages/Dog/381.jpg,Dog,1,320,240
PetImages/Dog/3811.jpg,Dog,1,320,213
PetImages/Dog/3812.jpg,Dog,1,500,325
PetImages/Dog/3813.jpg,Dog,1,500,334
PetImages/Dog/3814.jpg,Dog,1,500,375
PetImages/Dog/3815.jpg,Dog,1,241,240
PetImages/Dog/3816.jpg,Dog,1,500,375
PetImages/Dog/3817.jpg,Dog,1,500,375
PetImages/Dog/3818.jpg,Dog,1,500,375
PetImages/Dog/3819.jpg,Dog,1,253,298
PetImages/Dog/3820.jpg,Dog,1,392,500
PetImages/Dog/3822.jpg,Dog,1,500,375
PetImages/Dog/3823.jpg,Dog,1,217,267
PetImages/Dog/3825.jpg,Dog,1,480,360
PetImages/Dog/3826.jpg,Dog,1,500,375
PetImages/Dog/3827.jpg,Dog,1,375,500
PetImages/Dog/3828.jpg,Dog,1,358,294
PetImages/Dog/3829.jpg,Dog,1,500,405
PetImages/Dog/383.jpg,Dog,1,382,450
PetImages/Dog/3830.jpg,Dog,1,361,480
PetImages/Dog/3832.jpg,Dog,1,345,346
PetImages/Dog/3833.jpg,Dog,1,316,500
PetImages/Dog/3834.jpg,Dog,1,500,375
PetImages/Dog/3836.jpg,Dog,1,479,302
PetImages/Dog/3837.jpg,Dog,1,311,495
PetImages/Dog/3838.jpg,Dog,1,438,500
PetImages/Dog/3839.jpg,Dog,1,500,375
PetImages/Dog/384.jpg,Dog,1,350,315
PetImages/Dog/3842.jpg,Dog,1,320,264
PetImages/Dog/3843.jpg,Dog,1,153,188
PetImages/Dog/3844.jpg,Dog,1,500,397
PetImages/Dog/3845.jpg,Dog,1,167,125
PetImages/Dog/3846.jpg,Dog,1,320,255
PetImages/Dog/3847.jpg,Dog,1,196,280
PetImages/Dog/385.jpg,Dog,1,486,500
PetImages/Dog/3851.jpg,Dog,1,300,334
PetImages/Dog/3853.jpg,Dog,1,500,499
PetImages/Dog/3854.jpg,Dog,1,500,375
PetImages/Dog/3857.jpg,Dog,1,421,480
PetImages/Dog/3858.jpg,Dog,1,225,210
PetImages/Dog/3859.jpg,Dog,1,273,366
PetImages/Dog/386.jpg,Dog,1,500,346
PetImages/Dog/3861.jpg,Dog,1,480,360
PetImages/Dog/3863.jpg,Dog,1,231,500
PetImages/Dog/3865.jpg,Dog,1,350,489
PetImages/Dog/3867.jpg,Dog,1,500,375
PetImages/Dog/3868.jpg,Dog,1,500,375
PetImages/Dog/3869.jpg,Dog,1,491,400
PetImages/Dog/387.jpg,Dog,1,350,262
PetImages/Dog/3871.jpg,Dog,1,416,312
PetImages/Dog/3872.jpg,Dog,1,375,500
PetImages/Dog/3873.jpg,Dog,1,309,319
PetImages/Dog/3876.jpg,Dog,1,300,300
PetImages/Dog/3877.jpg,Dog,1,490,500
PetImages/Dog/3879.jpg,Dog,1,500,375
PetImages/Dog/388.jpg,Dog,1,500,375
PetImages/Dog/3880.jpg,Dog,1,500,395
PetImages/Dog/3881.jpg,Dog,1,419,359
PetImages/Dog/3884.jpg,Dog,1,354,479
PetImages/Dog/3885.jpg,Dog,1,446,299
PetImages/Dog/3886.jpg,Dog,1,480,432
PetImages/Dog/3887.jpg,Dog,1,500,375
PetImages/Dog/3888.jpg,Dog,1,450,422
PetImages/Dog/389.jpg,Dog,1,300,371
PetImages/Dog/3892.jpg,Dog,1,500,486
PetImages/Dog/3894.jpg,Dog,1,400,280
PetImages/Dog/3895.jpg,Dog,1,500,464
PetImages/Dog/3896.jpg,Dog,1,500,372
PetImages/Dog/3897.jpg,Dog,1,350,466
PetImages/Dog/3898.jpg,Dog,1,500,375
PetImages/Dog/3899.jpg,Dog,1,430,410
PetImages/Dog/390.jpg,Dog,1,356,500
PetImages/Dog/3900.jpg,Dog,1,301,500
PetImages/Dog/3901.jpg,Dog,1,300,218
PetImages/Dog/3902.jpg,Dog,1,304,400
PetImages/Dog/3903.jpg,Dog,1,500,467
PetImages/Dog/3906.jpg,Dog,1,384,290
PetImages/Dog/3907.jpg,Dog,1,336,480
PetImages/Dog/3908.jpg,Dog,1,500,375
PetImages/Dog/3909.jpg,Dog,1,290,354
PetImages/Dog/391.jpg,Dog,1,200,328
PetImages/Dog/3910.jpg,Dog,1,376,395
PetImages/Dog/3911.jpg,Dog,1,500,375
PetImages/Dog/3914.jpg,Dog,1,500,443
PetImages/Dog/3915.jpg,Dog,1,324,281
PetImages/Dog/3917.jpg,Dog,1,500,375
PetImages/Dog/3918.jpg,Dog,1,500,375
PetImages/Dog/3920.jpg,Dog,1,220,375
PetImages/Dog/3922.jpg,Dog,1,320,240
PetImages/Dog/3923.jpg,Dog,1,390,400
PetImages/Dog/3924.jpg,Dog,1,414,500
PetImages/Dog/3925.jpg,Dog,1,300,300
PetImages/Dog/3926.jpg,Dog,1,320,240
PetImages/Dog/3927.jpg,Dog,1,250,250
PetImages/Dog/3928.jpg,Dog,1,253,288
PetImages/Dog/3929.jpg,Dog,1,456,480
PetImages/Dog/393.jpg,Dog,1,500,375
PetImages/Dog/3930.jpg,Dog,1,239,263
PetImages/Dog/3931.jpg,Dog,1,500,375
PetImages/Dog/3932.jpg,Dog,1,400,500
PetImages/Dog/3933.jpg,Dog,1,500,375
PetImages/Dog/3938.jpg,Dog,1,424,336
PetImages/Dog/3944.jpg,Dog,1,500,375
PetImages/Dog/3945.jpg,Dog,1,423,483
PetImages/Dog/3946.jpg,Dog,1,357,500
PetImages/Dog/3947.jpg,Dog,1,500,375
PetImages/Dog/3948.jpg,Dog,1,389,500
PetImages/Dog/3950.jpg,Dog,1,500,388
PetImages/Dog/3951.jpg,Dog,1,432,287
PetImages/Dog/3952.jpg,Dog,1,500,375
PetImages/Dog/3955.jpg,Dog,1,320,240
PetImages/Dog/3956.jpg,Dog,1,500,444
PetImages/Dog/3957.jpg,Dog,1,500,375
PetImages/Dog/3958.jpg,Dog,1,258,288
PetImages/Dog/3959.jpg,Dog,1,364,500
PetImages/Dog/3960.jpg,Dog,1,500,383
PetImages/Dog/3961.jpg,Dog,1,500,500
PetImages/Dog/3962.jpg,Dog,1,500,375
PetImages/Dog/3964.jpg,Dog,1,500,375
PetImages/Dog/3966.jpg,Dog,1,500,445
PetImages/Dog/3967.jpg,Dog,1,500,375
PetImages/Dog/3969.jpg,Dog,1,300,271
PetImages/Dog/397.jpg,Dog,1,500,344
PetImages/Dog/3970.jpg,Dog,1,500,255
PetImages/Dog/3971.jpg,Dog,1,500,375
PetImages/Dog/3973.jpg,Dog,1,319,274
PetImages/Dog/3976.jpg,Dog,1,500,375
PetImages/Dog/3977.jpg,Dog,1,500,500
PetImages/Dog/3978.jpg,Dog,1,398,462
PetImages/Dog/3980.jpg,Dog,1,317,448
PetImages/Dog/3981.jpg,Dog,1,283,270
PetImages/Dog/3982.jpg,Dog,1,250,236
PetImages/Dog/3985.jpg,Dog,1,360,270
PetImages/Dog/3987.jpg,Dog,1,394,500
PetImages/Dog/3988.jpg,Dog,1,500,375
PetImages/Dog/399.jpg,Dog,1,500,375
PetImages/Dog/3990.jpg,Dog,1,500,375
PetImages/Dog/3991.jpg,Dog,1,500,375
PetImages/Dog/3992.jpg,Dog,1,439,336
PetImages/Dog/3993.jpg,Dog,1,488,456
PetImages/Dog/3994.jpg,Dog,1,364,500
PetImages/Dog/3995.jpg,Dog,1,461,500
PetImages/Dog/3996.jpg,Dog,1,360,270
PetImages/Dog/3997.jpg,Dog,1,325,500
PetImages/Dog/3998.jpg,Dog,1,487,400
PetImages/Dog/3999.jpg,Dog,1,400,390
PetImages/Dog/4.jpg,Dog,1,300,288
PetImages/Dog/40.jpg,Dog,1,150,197
PetImages/Dog/400.jpg,Dog,1,350,320
PetImages/Dog/4000.jpg,Dog,1,500,375
PetImages/Dog/4001.jpg,Dog,1,421,500
PetImages/Dog/4002.jpg,Dog,1,429,500
PetImages/Dog/4003.jpg,Dog,1,297,448
PetImages/Dog/4005.jpg,Dog,1,454,404
PetImages/Dog/4006.jpg,Dog,1,500,458
PetImages/Dog/4008.jpg,Dog,1,342,456
PetImages/Dog/4009.jpg,Dog,1,500,401
PetImages/Dog/401.jpg,Dog,1,180,164
PetImages/Dog/4012.jpg,Dog,1,476,430
PetImages/Dog/4013.jpg,Dog,1,233,240
PetImages/Dog/4017.jpg,Dog,1,422,500
PetImages/Dog/4018.jpg,Dog,1,500,375
PetImages/Dog/4019.jpg,Dog,1,500,375
PetImages/Dog/402.jpg,Dog,1,324,500
PetImages/Dog/4021.jpg,Dog,1,500,375
PetImages/Dog/4022.jpg,Dog,1,388,500
PetImages/Dog/4024.jpg,Dog,1,500,435
PetImages/Dog/4026.jpg,Dog,1,485,500
PetImages/Dog/4028.jpg,Dog,1,172,279
PetImages/Dog/403.jpg,Dog,1,350,262
PetImages/Dog/4030.jpg,Dog,1,266,400
PetImages/Dog/4031.jpg,Dog,1,372,480
PetImages/Dog/4033.jpg,Dog,1,217,270
PetImages/Dog/4034.jpg,Dog,1,136,221
PetImages/Dog/4035.jpg,Dog,1,400,300
PetImages/Dog/4036.jpg,Dog,1,174,189
PetImages/Dog/4037.jpg,Dog,1,489,500
PetImages/Dog/4039.jpg,Dog,1,323,273
PetImages/Dog/4040.jpg,Dog,1,300,252
PetImages/Dog/4041.jpg,Dog,1,375,500
PetImages/Dog/4042.jpg,Dog,1,500,375
PetImages/Dog/4043.jpg,Dog,1,500,375
PetImages/Dog/4044.jpg,Dog,1,500,375
PetImages/Dog/4045.jpg,Dog,1,500,375
PetImages/Dog/4046.jpg,Dog,1,500,375
PetImages/Dog/4047.jpg,Dog,1,292,294
PetImages/Dog/4049.jpg,Dog,1,500,375
PetImages/Dog/405.jpg,Dog,1,500,375
PetImages/Dog/4051.jpg,Dog,1,345,500
PetImages/Dog/4052.jpg,Dog,1,283,300
PetImages/Dog/4053.jpg,Dog,1,444,487
PetImages/Dog/4055.jpg,Dog,1,500,375
PetImages/Dog/4056.jpg,Dog,1,480,360
PetImages/Dog/4057.jpg,Dog,1,500,334
PetImages/Dog/4058.jpg,Dog,1,500,380
PetImages/Dog/4059.jpg,Dog,1,329,495
PetImages/Dog/406.jpg,Dog,1,359,480
PetImages/Dog/4061.jpg,Dog,1,471,500
PetImages/Dog/4063.jpg,Dog,1,400,241
PetImages/Dog/4064.jpg,Dog,1,500,375
PetImages/Dog/4065.jpg,Dog,1,500,375
PetImages/Dog/4066.jpg,Dog,1,334,500
PetImages/Dog/4067.jpg,Dog,1,500,333
PetImages/Dog/4068.jpg,Dog,1,500,375
PetImages/Dog/4069.jpg,Dog,1,340,260
PetImages/Dog/407.jpg,Dog,1,125,125
PetImages/Dog/4070.jpg,Dog,1,500,375
PetImages/Dog/4072.jpg,Dog,1,359,500
PetImages/Dog/4073.jpg,Dog,1,300,181
PetImages/Dog/4074.jpg,Dog,1,500,491
PetImages/Dog/4076.jpg,Dog,1,500,375
PetImages/Dog/4077.jpg,Dog,1,336,409
PetImages/Dog/408.jpg,Dog,1,500,375
PetImages/Dog/4080.jpg,Dog,1,352,500
PetImages/Dog/4081.jpg,Dog,1,400,300
PetImages/Dog/4083.jpg,Dog,1,500,375
PetImages/Dog/4084.jpg,Dog,1,306,270
PetImages/Dog/4087.jpg,Dog,1,183,117
PetImages/Dog/4089.jpg,Dog,1,300,299
PetImages/Dog/4091.jpg,Dog,1,260,195
PetImages/Dog/4092.jpg,Dog,1,322,383
PetImages/Dog/4093.jpg,Dog,1,300,424
PetImages/Dog/4094.jpg,Dog,1,300,384
PetImages/Dog/4098.jpg,Dog,1,375,500
PetImages/Dog/4099.jpg,Dog,1,500,333
PetImages/Dog/41.jpg,Dog,1,320,240
PetImages/Dog/410.jpg,Dog,1,175,240
PetImages/Dog/4100.jpg,Dog,1,376,500
PetImages/Dog/4101.jpg,Dog,1,324,395
PetImages/Dog/4102.jpg,Dog,1,500,375
PetImages/Dog/4104.jpg,Dog,1,465,474
PetImages/Dog/4105.jpg,Dog,1,360,270
PetImages/Dog/4107.jpg,Dog,1,360,337
PetImages/Dog/4108.jpg,Dog,1,448,315
PetImages/Dog/4110.jpg,Dog,1,256,256
PetImages/Dog/4111.jpg,Dog,1,298,245
PetImages/Dog/4113.jpg,Dog,1,102,224
PetImages/Dog/4114.jpg,Dog,1,399,408
PetImages/Dog/4115.jpg,Dog,1,388,500
PetImages/Dog/4116.jpg,Dog,1,500,288
PetImages/Dog/4117.jpg,Dog,1,195,385
PetImages/Dog/4119.jpg,Dog,1,300,225
PetImages/Dog/4120.jpg,Dog,1,316,390
PetImages/Dog/4121.jpg,Dog,1,359,270
PetImages/Dog/4122.jpg,Dog,1,250,227
PetImages/Dog/4123.jpg,Dog,1,200,298
PetImages/Dog/4124.jpg,Dog,1,263,500
PetImages/Dog/4125.jpg,Dog,1,401,500
PetImages/Dog/4126.jpg,Dog,1,500,410
PetImages/Dog/4127.jpg,Dog,1,500,375
PetImages/Dog/413.jpg,Dog,1,500,375
PetImages/Dog/4130.jpg,Dog,1,500,375
PetImages/Dog/4132.jpg,Dog,1,434,500
PetImages/Dog/4133.jpg,Dog,1,500,383
PetImages/Dog/4134.jpg,Dog,1,95,76
PetImages/Dog/4135.jpg,Dog,1,500,375
PetImages/Dog/4136.jpg,Dog,1,479,267
PetImages/Dog/4138.jpg,Dog,1,438,500
PetImages/Dog/414.jpg,Dog,1,161,200
PetImages/Dog/4141.jpg,Dog,1,360,270
PetImages/Dog/4142.jpg,Dog,1,500,424
PetImages/Dog/4143.jpg,Dog,1,500,375
PetImages/Dog/4144.jpg,Dog,1,321,500
PetImages/Dog/4145.jpg,Dog,1,500,393
PetImages/Dog/4146.jpg,Dog,1,497,500
PetImages/Dog/4147.jpg,Dog,1,500,390
PetImages/Dog/4148.jpg,Dog,1,350,262
PetImages/Dog/415.jpg,Dog,1,320,240
PetImages/Dog/4150.jpg,Dog,1,333,500
PetImages/Dog/4151.jpg,Dog,1,500,375
PetImages/Dog/4153.jpg,Dog,1,500,500
PetImages/Dog/4154.jpg,Dog,1,343,299
PetImages/Dog/4155.jpg,Dog,1,361,400
PetImages/Dog/4156.jpg,Dog,1,350,477
PetImages/Dog/4157.jpg,Dog,1,400,300
PetImages/Dog/4158.jpg,Dog,1,500,375
PetImages/Dog/416.jpg,Dog,1,500,375
PetImages/Dog/4160.jpg,Dog,1,500,375
PetImages/Dog/4162.jpg,Dog,1,500,332
PetImages/Dog/4163.jpg,Dog,1,400,313
PetImages/Dog/4166.jpg,Dog,1,253,350
PetImages/Dog/4167.jpg,Dog,1,500,372
PetImages/Dog/4168.jpg,Dog,1,194,162
PetImages/Dog/4169.jpg,Dog,1,500,375
PetImages/Dog/417.jpg,Dog,1,404,500
PetImages/Dog/4171.jpg,Dog,1,500,375
PetImages/Dog/4172.jpg,Dog,1,323,406
PetImages/Dog/4173.jpg,Dog,1,400,232
PetImages/Dog/4174.jpg,Dog,1,319,480
PetImages/Dog/4175.jpg,Dog,1,434,500
PetImages/Dog/4176.jpg,Dog,1,389,500
PetImages/Dog/4177.jpg,Dog,1,185,277
PetImages/Dog/4178.jpg,Dog,1,483,500
PetImages/Dog/4179.jpg,Dog,1,272,324
PetImages/Dog/4180.jpg,Dog,1,500,375
PetImages/Dog/4181.jpg,Dog,1,432,453
PetImages/Dog/4182.jpg,Dog,1,492,500
PetImages/Dog/4183.jpg,Dog,1,300,300
PetImages/Dog/4184.jpg,Dog,1,500,375
PetImages/Dog/4185.jpg,Dog,1,229,250
PetImages/Dog/4186.jpg,Dog,1,181,351
PetImages/Dog/4187.jpg,Dog,1,467,492
PetImages/Dog/4189.jpg,Dog,1,500,375
PetImages/Dog/419.jpg,Dog,1,400,304
PetImages/Dog/4193.jpg,Dog,1,300,251
PetImages/Dog/4195.jpg,Dog,1,500,460
PetImages/Dog/4196.jpg,Dog,1,345,500
PetImages/Dog/4199.jpg,Dog,1,500,375
PetImages/Dog/42.jpg,Dog,1,500,375
PetImages/Dog/420.jpg,Dog,1,315,307
PetImages/Dog/4203.jpg,Dog,1,144,122
PetImages/Dog/4204.jpg,Dog,1,500,375
PetImages/Dog/4205.jpg,Dog,1,500,375
PetImages/Dog/4206.jpg,Dog,1,400,500
PetImages/Dog/4207.jpg,Dog,1,312,500
PetImages/Dog/4209.jpg,Dog,1,500,375
PetImages/Dog/421.jpg,Dog,1,500,375
PetImages/Dog/4210.jpg,Dog,1,500,440
PetImages/Dog/4211.jpg,Dog,1,365,336
PetImages/Dog/4212.jpg,Dog,1,500,500
PetImages/Dog/4213.jpg,Dog,1,241,240
PetImages/Dog/4214.jpg,Dog,1,320,240
PetImages/Dog/4215.jpg,Dog,1,500,375
PetImages/Dog/4218.jpg,Dog,1,500,367
PetImages/Dog/4219.jpg,Dog,1,331,500
PetImages/Dog/422.jpg,Dog,1,346,461
PetImages/Dog/4220.jpg,Dog,1,500,375
PetImages/Dog/4221.jpg,Dog,1,325,448
PetImages/Dog/4223.jpg,Dog,1,242,415
PetImages/Dog/4225.jpg,Dog,1,341,317
PetImages/Dog/4226.jpg,Dog,1,266,400
PetImages/Dog/4227.jpg,Dog,1,200,150
PetImages/Dog/423.jpg,Dog,1,500,335
PetImages/Dog/4230.jpg,Dog,1,360,314
PetImages/Dog/4231.jpg,Dog,1,500,426
PetImages/Dog/4232.jpg,Dog,1,320,240
PetImages/Dog/4234.jpg,Dog,1,500,375
PetImages/Dog/4235.jpg,Dog,1,273,281
PetImages/Dog/4236.jpg,Dog,1,358,500
PetImages/Dog/4237.jpg,Dog,1,440,439
PetImages/Dog/4239.jpg,Dog,1,403,500
PetImages/Dog/4240.jpg,Dog,1,313,500
PetImages/Dog/4241.jpg,Dog,1,390,500
PetImages/Dog/4242.jpg,Dog,1,485,476
PetImages/Dog/4243.jpg,Dog,1,450,313
PetImages/Dog/4247.jpg,Dog,1,500,333
PetImages/Dog/4248.jpg,Dog,1,500,333
PetImages/Dog/4249.jpg,Dog,1,441,465
PetImages/Dog/425.jpg,Dog,1,155,180
PetImages/Dog/4252.jpg,Dog,1,500,375
PetImages/Dog/4253.jpg,Dog,1,500,375
PetImages/Dog/4254.jpg,Dog,1,500,355
PetImages/Dog/4255.jpg,Dog,1,327,500
PetImages/Dog/4257.jpg,Dog,1,298,227
PetImages/Dog/4258.jpg,Dog,1,400,300
PetImages/Dog/4259.jpg,Dog,1,500,468
PetImages/Dog/426.jpg,Dog,1,464,500
PetImages/Dog/4260.jpg,Dog,1,500,375
PetImages/Dog/4263.jpg,Dog,1,350,355
PetImages/Dog/4264.jpg,Dog,1,500,500
PetImages/Dog/4265.jpg,Dog,1,400,400
PetImages/Dog/4272.jpg,Dog,1,500,334
PetImages/Dog/4276.jpg,Dog,1,372,337
PetImages/Dog/4277.jpg,Dog,1,448,297
PetImages/Dog/4278.jpg,Dog,1,500,375
PetImages/Dog/4280.jpg,Dog,1,333,500
PetImages/Dog/4281.jpg,Dog,1,500,375
PetImages/Dog/4283.jpg,Dog,1,183,274
PetImages/Dog/4284.jpg,Dog,1,307,190
PetImages/Dog/4285.jpg,Dog,1,320,240
PetImages/Dog/4286.jpg,Dog,1,240,320
PetImages/Dog/4287.jpg,Dog,1,500,375
PetImages/Dog/4288.jpg,Dog,1,500,375
PetImages/Dog/429.jpg,Dog,1,423,402
PetImages/Dog/4290.jpg,Dog,1,500,375
PetImages/Dog/4291.jpg,Dog,1,211,244
PetImages/Dog/4293.jpg,Dog,1,404,420
PetImages/Dog/4294.jpg,Dog,1,349,332
PetImages/Dog/4297.jpg,Dog,1,120,182
PetImages/Dog/4299.jpg,Dog,1,375,500
PetImages/Dog/43.jpg,Dog,1,375,250
PetImages/Dog/4301.jpg,Dog,1,140,104
PetImages/Dog/4302.jpg,Dog,1,400,266
PetImages/Dog/4303.jpg,Dog,1,417,398
PetImages/Dog/4304.jpg,Dog,1,339,500
PetImages/Dog/4305.jpg,Dog,1,500,471
PetImages/Dog/4306.jpg,Dog,1,500,375
PetImages/Dog/4307.jpg,Dog,1,344,305
PetImages/Dog/4309.jpg,Dog,1,500,375
PetImages/Dog/431.jpg,Dog,1,500,375
PetImages/Dog/4312.jpg,Dog,1,334,500
PetImages/Dog/4313.jpg,Dog,1,500,375
PetImages/Dog/4314.jpg,Dog,1,500,375
PetImages/Dog/4316.jpg,Dog,1,375,500
PetImages/Dog/4318.jpg,Dog,1,291,265
PetImages/Dog/4322.jpg,Dog,1,298,253
PetImages/Dog/4324.jpg,Dog,1,500,377
PetImages/Dog/4325.jpg,Dog,1,500,333
PetImages/Dog/4326.jpg,Dog,1,489,500
PetImages/Dog/4327.jpg,Dog,1,408,500
PetImages/Dog/4328.jpg,Dog,1,317,500
PetImages/Dog/433.jpg,Dog,1,320,240
PetImages/Dog/4330.jpg,Dog,1,500,384
PetImages/Dog/4331.jpg,Dog,1,231,480
PetImages/Dog/4332.jpg,Dog,1,500,344
PetImages/Dog/4333.jpg,Dog,1,471,400
PetImages/Dog/4335.jpg,Dog,1,334,500
PetImages/Dog/4336.jpg,Dog,1,120,90
PetImages/Dog/4337.jpg,Dog,1,500,444
PetImages/Dog/4338.jpg,Dog,1,255,196
PetImages/Dog/4339.jpg,Dog,1,423,423
PetImages/Dog/4340.jpg,Dog,1,242,400
PetImages/Dog/4343.jpg,Dog,1,252,336
PetImages/Dog/4344.jpg,Dog,1,274,500
PetImages/Dog/4346.jpg,Dog,1,500,375
PetImages/Dog/4347.jpg,Dog,1,400,319
PetImages/Dog/4348.jpg,Dog,1,160,120
PetImages/Dog/4349.jpg,Dog,1,335,304
PetImages/Dog/4350.jpg,Dog,1,500,376
PetImages/Dog/4351.jpg,Dog,1,500,454
PetImages/Dog/4353.jpg,Dog,1,500,372
PetImages/Dog/4354.jpg,Dog,1,500,375
PetImages/Dog/4355.jpg,Dog,1,500,333
PetImages/Dog/4357.jpg,Dog,1,500,375
PetImages/Dog/4359.jpg,Dog,1,356,500
PetImages/Dog/4360.jpg,Dog,1,500,471
PetImages/Dog/4361.jpg,Dog,1,300,225
PetImages/Dog/4362.jpg,Dog,1,500,379
PetImages/Dog/4363.jpg,Dog,1,364,319
PetImages/Dog/4364.jpg,Dog,1,500,428
PetImages/Dog/4365.jpg,Dog,1,304,500
PetImages/Dog/4366.jpg,Dog,1,500,332
PetImages/Dog/4367.jpg,Dog,1,196,33
PetImages/Dog/4369.jpg,Dog,1,348,500
PetImages/Dog/437.jpg,Dog,1,394,500
PetImages/Dog/4370.jpg,Dog,1,339,478
PetImages/Dog/4372.jpg,Dog,1,500,452
PetImages/Dog/4373.jpg,Dog,1,468,391
PetImages/Dog/4376.jpg,Dog,1,500,375
PetImages/Dog/4377.jpg,Dog,1,500,375
PetImages/Dog/4378.jpg,Dog,1,500,375
PetImages/Dog/4379.jpg,Dog,1,500,375
PetImages/Dog/438.jpg,Dog,1,500,375
PetImages/Dog/4381.jpg,Dog,1,500,360
PetImages/Dog/4382.jpg,Dog,1,363,480
PetImages/Dog/4383.jpg,Dog,1,375,500
PetImages/Dog/4384.jpg,Dog,1,337,449
PetImages/Dog/4385.jpg,Dog,1,448,336
PetImages/Dog/4386.jpg,Dog,1,500,491
PetImages/Dog/4387.jpg,Dog,1,315,500
PetImages/Dog/4391.jpg,Dog,1,399,267
PetImages/Dog/4392.jpg,Dog,1,395,340
PetImages/Dog/4393.jpg,Dog,1,496,500
PetImages/Dog/4395.jpg,Dog,1,500,375
PetImages/Dog/4398.jpg,Dog,1,500,442
PetImages/Dog/4399.jpg,Dog,1,500,360
PetImages/Dog/44.jpg,Dog,1,500,375
PetImages/Dog/440.jpg,Dog,1,424,500
PetImages/Dog/4401.jpg,Dog,1,267,326
PetImages/Dog/4403.jpg,Dog,1,384,288
PetImages/Dog/4404.jpg,Dog,1,500,375
PetImages/Dog/4405.jpg,Dog,1,500,375
PetImages/Dog/4406.jpg,Dog,1,349,424
PetImages/Dog/4407.jpg,Dog,1,500,375
PetImages/Dog/4408.jpg,Dog,1,319,500
PetImages/Dog/4409.jpg,Dog,1,320,366
PetImages/Dog/4412.jpg,Dog,1,140,104
PetImages/Dog/4415.jpg,Dog,1,500,358
PetImages/Dog/4416.jpg,Dog,1,408,360
PetImages/Dog/4417.jpg,Dog,1,319,324
PetImages/Dog/4418.jpg,Dog,1,440,420
PetImages/Dog/4419.jpg,Dog,1,409,408
PetImages/Dog/442.jpg,Dog,1,375,500
PetImages/Dog/4421.jpg,Dog,1,500,375
PetImages/Dog/4422.jpg,Dog,1,347,500
PetImages/Dog/4423.jpg,Dog,1,500,375
PetImages/Dog/4424.jpg,Dog,1,500,399
PetImages/Dog/4425.jpg,Dog,1,500,487
PetImages/Dog/4427.jpg,Dog,1,199,189
PetImages/Dog/4428.jpg,Dog,1,150,150
PetImages/Dog/4429.jpg,Dog,1,500,400
PetImages/Dog/443.jpg,Dog,1,500,255
PetImages/Dog/4431.jpg,Dog,1,400,300
PetImages/Dog/4432.jpg,Dog,1,417,500
PetImages/Dog/4436.jpg,Dog,1,322,480
PetImages/Dog/4437.jpg,Dog,1,500,374
PetImages/Dog/4439.jpg,Dog,1,350,320
PetImages/Dog/444.jpg,Dog,1,336,300
PetImages/Dog/4440.jpg,Dog,1,200,200
PetImages/Dog/4441.jpg,Dog,1,336,357
PetImages/Dog/4442.jpg,Dog,1,138,232
PetImages/Dog/4443.jpg,Dog,1,245,400
PetImages/Dog/4445.jpg,Dog,1,441,500
PetImages/Dog/4446.jpg,Dog,1,500,375
PetImages/Dog/4447.jpg,Dog,1,354,500
PetImages/Dog/4448.jpg,Dog,1,450,322
PetImages/Dog/4449.jpg,Dog,1,448,336
PetImages/Dog/445.jpg,Dog,1,500,332
PetImages/Dog/4450.jpg,Dog,1,263,350
PetImages/Dog/4451.jpg,Dog,1,489,500
PetImages/Dog/4453.jpg,Dog,1,350,233
PetImages/Dog/4454.jpg,Dog,1,298,500
PetImages/Dog/4455.jpg,Dog,1,500,467
PetImages/Dog/4456.jpg,Dog,1,300,225
PetImages/Dog/4458.jpg,Dog,1,500,333
PetImages/Dog/4459.jpg,Dog,1,500,375
PetImages/Dog/446.jpg,Dog,1,333,500
PetImages/Dog/4460.jpg,Dog,1,320,320
PetImages/Dog/4461.jpg,Dog,1,367,400
PetImages/Dog/4462.jpg,Dog,1,250,241
PetImages/Dog/4463.jpg,Dog,1,500,375
PetImages/Dog/4465.jpg,Dog,1,187,249
PetImages/Dog/4466.jpg,Dog,1,288,275
PetImages/Dog/4467.jpg,Dog,1,375,500
PetImages/Dog/4468.jpg,Dog,1,120,90
PetImages/Dog/4469.jpg,Dog,1,217,262
PetImages/Dog/447.jpg,Dog,1,444,380
PetImages/Dog/4470.jpg,Dog,1,500,375
PetImages/Dog/4472.jpg,Dog,1,313,480
PetImages/Dog/4473.jpg,Dog,1,410,480
PetImages/Dog/4474.jpg,Dog,1,375,500
PetImages/Dog/4475.jpg,Dog,1,500,375
PetImages/Dog/4476.jpg,Dog,1,500,467
PetImages/Dog/4477.jpg,Dog,1,337,500
PetImages/Dog/4478.jpg,Dog,1,500,458
PetImages/Dog/4479.jpg,Dog,1,352,288
PetImages/Dog/448.jpg,Dog,1,500,375
PetImages/Dog/4480.jpg,Dog,1,500,375
PetImages/Dog/4481.jpg,Dog,1,336,417
PetImages/Dog/4482.jpg,Dog,1,288,384
PetImages/Dog/4483.jpg,Dog,1,500,269
PetImages/Dog/4484.jpg,Dog,1,500,375
PetImages/Dog/4485.jpg,Dog,1,500,375
PetImages/Dog/4488.jpg,Dog,1,400,335
PetImages/Dog/4489.jpg,Dog,1,318,350
PetImages/Dog/4490.jpg,Dog,1,500,449
PetImages/Dog/4492.jpg,Dog,1,500,375
PetImages/Dog/4493.jpg,Dog,1,482,279
PetImages/Dog/4494.jpg,Dog,1,500,375
PetImages/Dog/4496.jpg,Dog,1,347,500
PetImages/Dog/4498.jpg,Dog,1,375,500
PetImages/Dog/45.jpg,Dog,1,426,320
PetImages/Dog/4500.jpg,Dog,1,500,269
PetImages/Dog/4501.jpg,Dog,1,480,281
PetImages/Dog/4502.jpg,Dog,1,500,375
PetImages/Dog/4503.jpg,Dog,1,477,435
PetImages/Dog/4504.jpg,Dog,1,500,375
PetImages/Dog/4506.jpg,Dog,1,432,356
PetImages/Dog/4507.jpg,Dog,1,150,150
PetImages/Dog/4509.jpg,Dog,1,179,163
PetImages/Dog/4511.jpg,Dog,1,360,402
PetImages/Dog/4512.jpg,Dog,1,266,500
PetImages/Dog/4513.jpg,Dog,1,186,227
PetImages/Dog/4515.jpg,Dog,1,480,317
PetImages/Dog/4519.jpg,Dog,1,500,375
PetImages/Dog/4520.jpg,Dog,1,500,407
PetImages/Dog/4521.jpg,Dog,1,320,240
PetImages/Dog/4522.jpg,Dog,1,350,280
PetImages/Dog/4523.jpg,Dog,1,220,221
PetImages/Dog/4524.jpg,Dog,1,500,375
PetImages/Dog/4525.jpg,Dog,1,500,375
PetImages/Dog/4526.jpg,Dog,1,425,329
PetImages/Dog/4527.jpg,Dog,1,500,391
PetImages/Dog/453.jpg,Dog,1,407,500
PetImages/Dog/4530.jpg,Dog,1,448,298
PetImages/Dog/4532.jpg,Dog,1,336,353
PetImages/Dog/4533.jpg,Dog,1,433,303
PetImages/Dog/4534.jpg,Dog,1,500,366
PetImages/Dog/4535.jpg,Dog,1,375,500
PetImages/Dog/4536.jpg,Dog,1,192,200
PetImages/Dog/4537.jpg,Dog,1,288,433
PetImages/Dog/4538.jpg,Dog,1,500,375
PetImages/Dog/454.jpg,Dog,1,333,500
PetImages/Dog/4540.jpg,Dog,1,383,500
PetImages/Dog/4543.jpg,Dog,1,200,200
PetImages/Dog/4544.jpg,Dog,1,500,375
PetImages/Dog/4545.jpg,Dog,1,492,448
PetImages/Dog/4546.jpg,Dog,1,500,334
PetImages/Dog/4548.jpg,Dog,1,180,239
PetImages/Dog/455.jpg,Dog,1,448,329
PetImages/Dog/4550.jpg,Dog,1,401,500
PetImages/Dog/4552.jpg,Dog,1,500,274
PetImages/Dog/4554.jpg,Dog,1,333,500
PetImages/Dog/4555.jpg,Dog,1,415,500
PetImages/Dog/4557.jpg,Dog,1,232,226
PetImages/Dog/4559.jpg,Dog,1,500,375
PetImages/Dog/4560.jpg,Dog,1,262,370
PetImages/Dog/4561.jpg,Dog,1,200,213
PetImages/Dog/4562.jpg,Dog,1,500,440
PetImages/Dog/4563.jpg,Dog,1,500,321
PetImages/Dog/4564.jpg,Dog,1,200,171
PetImages/Dog/4565.jpg,Dog,1,285,282
PetImages/Dog/4566.jpg,Dog,1,278,400
PetImages/Dog/4567.jpg,Dog,1,475,500
PetImages/Dog/4569.jpg,Dog,1,500,283
PetImages/Dog/457.jpg,Dog,1,358,269
PetImages/Dog/4570.jpg,Dog,1,385,399
PetImages/Dog/4571.jpg,Dog,1,396,322
PetImages/Dog/4572.jpg,Dog,1,418,426
PetImages/Dog/4573.jpg,Dog,1,400,267
PetImages/Dog/4574.jpg,Dog,1,500,375
PetImages/Dog/4575.jpg,Dog,1,500,375
PetImages/Dog/4576.jpg,Dog,1,350,350
PetImages/Dog/4577.jpg,Dog,1,500,375
PetImages/Dog/4578.jpg,Dog,1,500,375
PetImages/Dog/4579.jpg,Dog,1,500,375
PetImages/Dog/458.jpg,Dog,1,500,353
PetImages/Dog/4580.jpg,Dog,1,380,500
PetImages/Dog/4582.jpg,Dog,1,500,333
PetImages/Dog/4583.jpg,Dog,1,432,279
PetImages/Dog/4586.jpg,Dog,1,500,393
PetImages/Dog/4587.jpg,Dog,1,391,375
PetImages/Dog/4589.jpg,Dog,1,500,375
PetImages/Dog/459.jpg,Dog,1,404,335
PetImages/Dog/4590.jpg,Dog,1,416,500
PetImages/Dog/4592.jpg,Dog,1,300,299
PetImages/Dog/4594.jpg,Dog,1,330,450
PetImages/Dog/4595.jpg,Dog,1,500,375
PetImages/Dog/4596.jpg,Dog,1,321,322
PetImages/Dog/4597.jpg,Dog,1,500,477
PetImages/Dog/4598.jpg,Dog,1,131,150
PetImages/Dog/4599.jpg,Dog,1,350,262
PetImages/Dog/460.jpg,Dog,1,375,500
PetImages/Dog/4600.jpg,Dog,1,288,474
PetImages/Dog/4602.jpg,Dog,1,431,480
PetImages/Dog/4603.jpg,Dog,1,320,240
PetImages/Dog/4604.jpg,Dog,1,500,333
PetImages/Dog/4605.jpg,Dog,1,179,220
PetImages/Dog/4606.jpg,Dog,1,500,375
PetImages/Dog/4607.jpg,Dog,1,332,284
PetImages/Dog/4609.jpg,Dog,1,382,500
PetImages/Dog/461.jpg,Dog,1,480,360
PetImages/Dog/4611.jpg,Dog,1,307,409
PetImages/Dog/4612.jpg,Dog,1,500,331
PetImages/Dog/4613.jpg,Dog,1,350,262
PetImages/Dog/4615.jpg,Dog,1,500,375
PetImages/Dog/4617.jpg,Dog,1,500,417
PetImages/Dog/4618.jpg,Dog,1,300,225
PetImages/Dog/4622.jpg,Dog,1,338,500
PetImages/Dog/4625.jpg,Dog,1,375,500
PetImages/Dog/4626.jpg,Dog,1,350,362
PetImages/Dog/4628.jpg,Dog,1,346,500
PetImages/Dog/4629.jpg,Dog,1,500,375
PetImages/Dog/463.jpg,Dog,1,500,400
PetImages/Dog/4630.jpg,Dog,1,134,126
PetImages/Dog/4631.jpg,Dog,1,424,318
PetImages/Dog/4632.jpg,Dog,1,419,332
PetImages/Dog/4633.jpg,Dog,1,500,404
PetImages/Dog/4636.jpg,Dog,1,301,497
PetImages/Dog/464.jpg,Dog,1,500,375
PetImages/Dog/4640.jpg,Dog,1,275,279
PetImages/Dog/4641.jpg,Dog,1,468,341
PetImages/Dog/4642.jpg,Dog,1,458,500
PetImages/Dog/4643.jpg,Dog,1,500,375
PetImages/Dog/4644.jpg,Dog,1,346,450
PetImages/Dog/4647.jpg,Dog,1,375,500
PetImages/Dog/4649.jpg,Dog,1,333,500
PetImages/Dog/4650.jpg,Dog,1,187,187
PetImages/Dog/4653.jpg,Dog,1,500,415
PetImages/Dog/4654.jpg,Dog,1,270,203
PetImages/Dog/4655.jpg,Dog,1,480,324
PetImages/Dog/4656.jpg,Dog,1,500,333
PetImages/Dog/4657.jpg,Dog,1,375,500
PetImages/Dog/4659.jpg,Dog,1,314,402
PetImages/Dog/4660.jpg,Dog,1,500,375
PetImages/Dog/4661.jpg,Dog,1,327,330
PetImages/Dog/4662.jpg,Dog,1,133,200
PetImages/Dog/4665.jpg,Dog,1,231,250
PetImages/Dog/4666.jpg,Dog,1,400,500
PetImages/Dog/4667.jpg,Dog,1,389,500
PetImages/Dog/4668.jpg,Dog,1,500,383
PetImages/Dog/4670.jpg,Dog,1,286,216
PetImages/Dog/4671.jpg,Dog,1,360,240
PetImages/Dog/4673.jpg,Dog,1,500,375
PetImages/Dog/4674.jpg,Dog,1,500,332
PetImages/Dog/4675.jpg,Dog,1,500,495
PetImages/Dog/4676.jpg,Dog,1,335,422
PetImages/Dog/4677.jpg,Dog,1,500,375
PetImages/Dog/4678.jpg,Dog,1,300,276
PetImages/Dog/4679.jpg,Dog,1,500,375
PetImages/Dog/468.jpg,Dog,1,500,377
PetImages/Dog/4680.jpg,Dog,1,375,500
PetImages/Dog/4682.jpg,Dog,1,339,400
PetImages/Dog/4683.jpg,Dog,1,500,375
PetImages/Dog/4684.jpg,Dog,1,461,418
PetImages/Dog/4685.jpg,Dog,1,500,500
PetImages/Dog/4686.jpg,Dog,1,500,375
PetImages/Dog/4688.jpg,Dog,1,320,240
PetImages/Dog/469.jpg,Dog,1,500,333
PetImages/Dog/4691.jpg,Dog,1,360,270
PetImages/Dog/4692.jpg,Dog,1,467,500
PetImages/Dog/4695.jpg,Dog,1,500,382
PetImages/Dog/4697.jpg,Dog,1,500,375
PetImages/Dog/4698.jpg,Dog,1,289,400
PetImages/Dog/4699.jpg,Dog,1,500,333
PetImages/Dog/47.jpg,Dog,1,500,478
PetImages/Dog/470.jpg,Dog,1,358,500
PetImages/Dog/4701.jpg,Dog,1,333,500
PetImages/Dog/4704.jpg,Dog,1,466,400
PetImages/Dog/4706.jpg,Dog,1,500,399
PetImages/Dog/4708.jpg,Dog,1,190,209
PetImages/Dog/4709.jpg,Dog,1,301,500
PetImages/Dog/471.jpg,Dog,1,393,480
PetImages/Dog/4710.jpg,Dog,1,320,240
PetImages/Dog/4711.jpg,Dog,1,500,375
PetImages/Dog/4713.jpg,Dog,1,500,420
PetImages/Dog/4715.jpg,Dog,1,500,375
PetImages/Dog/4716.jpg,Dog,1,500,375
PetImages/Dog/4717.jpg,Dog,1,435,482
PetImages/Dog/4718.jpg,Dog,1,500,301
PetImages/Dog/4719.jpg,Dog,1,450,497
PetImages/Dog/472.jpg,Dog,1,500,400
PetImages/Dog/4720.jpg,Dog,1,500,334
PetImages/Dog/4722.jpg,Dog,1,427,353
PetImages/Dog/4723.jpg,Dog,1,500,366
PetImages/Dog/4724.jpg,Dog,1,375,500
PetImages/Dog/4725.jpg,Dog,1,320,231
PetImages/Dog/4726.jpg,Dog,1,500,375
PetImages/Dog/4727.jpg,Dog,1,500,333
PetImages/Dog/4728.jpg,Dog,1,441,500
PetImages/Dog/4729.jpg,Dog,1,353,419
PetImages/Dog/473.jpg,Dog,1,500,375
PetImages/Dog/4731.jpg,Dog,1,500,375
PetImages/Dog/4732.jpg,Dog,1,500,375
PetImages/Dog/4734.jpg,Dog,1,336,500
PetImages/Dog/4735.jpg,Dog,1,500,480
PetImages/Dog/4736.jpg,Dog,1,270,262
PetImages/Dog/4737.jpg,Dog,1,500,375
PetImages/Dog/4738.jpg,Dog,1,367,500
PetImages/Dog/4739.jpg,Dog,1,360,261
PetImages/Dog/474.jpg,Dog,1,377,500
PetImages/Dog/4742.jpg,Dog,1,500,373
PetImages/Dog/4744.jpg,Dog,1,493,500
PetImages/Dog/4745.jpg,Dog,1,400,300
PetImages/Dog/4746.jpg,Dog,1,250,393
PetImages/Dog/4747.jpg,Dog,1,500,375
PetImages/Dog/4748.jpg,Dog,1,500,375
PetImages/Dog/4749.jpg,Dog,1,500,375
PetImages/Dog/475.jpg,Dog,1,291,500
PetImages/Dog/4750.jpg,Dog,1,211,209
PetImages/Dog/4751.jpg,Dog,1,418,314
PetImages/Dog/4752.jpg,Dog,1,200,300
PetImages/Dog/4754.jpg,Dog,1,500,330
PetImages/Dog/4755.jpg,Dog,1,500,375
PetImages/Dog/4756.jpg,Dog,1,375,500
PetImages/Dog/4757.jpg,Dog,1,500,377
PetImages/Dog/4758.jpg,Dog,1,300,225
PetImages/Dog/4759.jpg,Dog,1,233,291
PetImages/Dog/4761.jpg,Dog,1,275,274
PetImages/Dog/4762.jpg,Dog,1,230,314
PetImages/Dog/4763.jpg,Dog,1,423,401
PetImages/Dog/4764.jpg,Dog,1,500,375
PetImages/Dog/4765.jpg,Dog,1,320,400
PetImages/Dog/4768.jpg,Dog,1,400,389
PetImages/Dog/4769.jpg,Dog,1,500,477
PetImages/Dog/477.jpg,Dog,1,375,500
PetImages/Dog/4770.jpg,Dog,1,375,450
PetImages/Dog/4771.jpg,Dog,1,193,125
PetImages/Dog/4775.jpg,Dog,1,350,258
PetImages/Dog/4776.jpg,Dog,1,125,200
PetImages/Dog/4778.jpg,Dog,1,500,376
PetImages/Dog/478.jpg,Dog,1,500,375
PetImages/Dog/4781.jpg,Dog,1,500,333
PetImages/Dog/4782.jpg,Dog,1,500,375
PetImages/Dog/4783.jpg,Dog,1,296,480
PetImages/Dog/4785.jpg,Dog,1,500,375
PetImages/Dog/4786.jpg,Dog,1,480,359
PetImages/Dog/4787.jpg,Dog,1,355,420
PetImages/Dog/4788.jpg,Dog,1,500,334
PetImages/Dog/4789.jpg,Dog,1,350,279
PetImages/Dog/479.jpg,Dog,1,333,500
PetImages/Dog/4790.jpg,Dog,1,375,500
PetImages/Dog/4791.jpg,Dog,1,500,375
PetImages/Dog/4793.jpg,Dog,1,384,442
PetImages/Dog/4795.jpg,Dog,1,320,200
PetImages/Dog/4796.jpg,Dog,1,500,375
PetImages/Dog/4797.jpg,Dog,1,320,213
PetImages/Dog/4798.jpg,Dog,1,229,228
PetImages/Dog/4800.jpg,Dog,1,137,228
PetImages/Dog/4801.jpg,Dog,1,500,375
PetImages/Dog/4802.jpg,Dog,1,500,375
PetImages/Dog/4803.jpg,Dog,1,500,375
PetImages/Dog/4804.jpg,Dog,1,500,375
PetImages/Dog/4805.jpg,Dog,1,375,500
PetImages/Dog/4808.jpg,Dog,1,500,489
PetImages/Dog/4809.jpg,Dog,1,415,500
PetImages/Dog/481.jpg,Dog,1,497,427
PetImages/Dog/4810.jpg,Dog,1,300,249
PetImages/Dog/4811.jpg,Dog,1,500,412
PetImages/Dog/4814.jpg,Dog,1,484,323
PetImages/Dog/4815.jpg,Dog,1,274,240
PetImages/Dog/4816.jpg,Dog,1,225,393
PetImages/Dog/4817.jpg,Dog,1,500,472
PetImages/Dog/4818.jpg,Dog,1,500,344
PetImages/Dog/4819.jpg,Dog,1,500,299
PetImages/Dog/482.jpg,Dog,1,155,222
PetImages/Dog/4820.jpg,Dog,1,330,305
PetImages/Dog/4822.jpg,Dog,1,500,375
PetImages/Dog/4823.jpg,Dog,1,417,500
PetImages/Dog/4825.jpg,Dog,1,448,336
PetImages/Dog/4826.jpg,Dog,1,375,500
PetImages/Dog/4827.jpg,Dog,1,276,219
PetImages/Dog/4828.jpg,Dog,1,500,375
PetImages/Dog/4829.jpg,Dog,1,414,500
PetImages/Dog/483.jpg,Dog,1,500,334
PetImages/Dog/4830.jpg,Dog,1,280,256
PetImages/Dog/4831.jpg,Dog,1,500,495
PetImages/Dog/4832.jpg,Dog,1,500,280
PetImages/Dog/4833.jpg,Dog,1,500,375
PetImages/Dog/4834.jpg,Dog,1,500,375
PetImages/Dog/4835.jpg,Dog,1,456,500
PetImages/Dog/4836.jpg,Dog,1,344,500
PetImages/Dog/4839.jpg,Dog,1,500,375
PetImages/Dog/4840.jpg,Dog,1,200,250
PetImages/Dog/4841.jpg,Dog,1,500,375
PetImages/Dog/4842.jpg,Dog,1,277,500
PetImages/Dog/4844.jpg,Dog,1,375,375
PetImages/Dog/4846.jpg,Dog,1,500,375
PetImages/Dog/4847.jpg,Dog,1,500,375
PetImages/Dog/4848.jpg,Dog,1,500,375
PetImages/Dog/4849.jpg,Dog,1,500,356
PetImages/Dog/4851.jpg,Dog,1,500,386
PetImages/Dog/4852.jpg,Dog,1,417,500
PetImages/Dog/4855.jpg,Dog,1,320,240
PetImages/Dog/4856.jpg,Dog,1,296,294
PetImages/Dog/4857.jpg,Dog,1,445,500
PetImages/Dog/4858.jpg,Dog,1,333,500
PetImages/Dog/486.jpg,Dog,1,171,247
PetImages/Dog/4860.jpg,Dog,1,246,350
PetImages/Dog/4861.jpg,Dog,1,500,375
PetImages/Dog/4863.jpg,Dog,1,318,426
PetImages/Dog/4865.jpg,Dog,1,422,500
PetImages/Dog/4866.jpg,Dog,1,500,400
PetImages/Dog/4868.jpg,Dog,1,434,477
PetImages/Dog/4869.jpg,Dog,1,500,359
PetImages/Dog/4871.jpg,Dog,1,375,500
PetImages/Dog/4872.jpg,Dog,1,225,168
PetImages/Dog/4873.jpg,Dog,1,500,375
PetImages/Dog/4875.jpg,Dog,1,500,338
PetImages/Dog/4876.jpg,Dog,1,412,500
PetImages/Dog/4877.jpg,Dog,1,375,500
PetImages/Dog/4878.jpg,Dog,1,500,332
PetImages/Dog/4879.jpg,Dog,1,500,375
PetImages/Dog/488.jpg,Dog,1,500,375
PetImages/Dog/4880.jpg,Dog,1,490,500
PetImages/Dog/4881.jpg,Dog,1,350,350
PetImages/Dog/4882.jpg,Dog,1,200,200
PetImages/Dog/4884.jpg,Dog,1,500,375
PetImages/Dog/4885.jpg,Dog,1,464,500
PetImages/Dog/4886.jpg,Dog,1,171,156
PetImages/Dog/489.jpg,Dog,1,500,375
PetImages/Dog/4890.jpg,Dog,1,207,270
PetImages/Dog/4891.jpg,Dog,1,448,500
PetImages/Dog/4892.jpg,Dog,1,500,375
PetImages/Dog/4893.jpg,Dog,1,500,335
PetImages/Dog/4894.jpg,Dog,1,375,500
PetImages/Dog/4895.jpg,Dog,1,252,152
PetImages/Dog/4896.jpg,Dog,1,315,500
PetImages/Dog/4898.jpg,Dog,1,345,500
PetImages/Dog/4899.jpg,Dog,1,170,200
PetImages/Dog/4900.jpg,Dog,1,500,435
PetImages/Dog/4902.jpg,Dog,1,371,406
PetImages/Dog/4903.jpg,Dog,1,281,280
PetImages/Dog/4904.jpg,Dog,1,500,375
PetImages/Dog/4905.jpg,Dog,1,500,375
PetImages/Dog/4906.jpg,Dog,1,326,246
PetImages/Dog/4907.jpg,Dog,1,500,443
PetImages/Dog/4908.jpg,Dog,1,375,500
PetImages/Dog/4909.jpg,Dog,1,500,375
PetImages/Dog/491.jpg,Dog,1,500,375
PetImages/Dog/4910.jpg,Dog,1,500,488
PetImages/Dog/4911.jpg,Dog,1,500,500
PetImages/Dog/4912.jpg,Dog,1,469,500
PetImages/Dog/4917.jpg,Dog,1,400,300
PetImages/Dog/4918.jpg,Dog,1,333,500
PetImages/Dog/4919.jpg,Dog,1,380,285
PetImages/Dog/492.jpg,Dog,1,500,375
PetImages/Dog/4920.jpg,Dog,1,320,240
PetImages/Dog/4922.jpg,Dog,1,252,237
PetImages/Dog/4923.jpg,Dog,1,500,375
PetImages/Dog/4924.jpg,Dog,1,133,100
PetImages/Dog/4926.jpg,Dog,1,300,225
PetImages/Dog/4927.jpg,Dog,1,500,334
PetImages/Dog/493.jpg,Dog,1,379,400
PetImages/Dog/4931.jpg,Dog,1,400,486
PetImages/Dog/4932.jpg,Dog,1,427,320
PetImages/Dog/4933.jpg,Dog,1,448,299
PetImages/Dog/4934.jpg,Dog,1,500,375
PetImages/Dog/4935.jpg,Dog,1,500,375
PetImages/Dog/4939.jpg,Dog,1,288,288
PetImages/Dog/494.jpg,Dog,1,500,375
PetImages/Dog/4941.jpg,Dog,1,500,375
PetImages/Dog/4944.jpg,Dog,1,500,320
PetImages/Dog/4946.jpg,Dog,1,500,375
PetImages/Dog/4947.jpg,Dog,1,380,500
PetImages/Dog/4948.jpg,Dog,1,349,278
PetImages/Dog/4949.jpg,Dog,1,500,331
PetImages/Dog/4950.jpg,Dog,1,160,120
PetImages/Dog/4952.jpg,Dog,1,500,333
PetImages/Dog/4954.jpg,Dog,1,318,375
PetImages/Dog/4955.jpg,Dog,1,378,500
PetImages/Dog/4959.jpg,Dog,1,500,436
PetImages/Dog/496.jpg,Dog,1,390,393
PetImages/Dog/4961.jpg,Dog,1,337,352
PetImages/Dog/4962.jpg,Dog,1,359,346
PetImages/Dog/4964.jpg,Dog,1,184,200
PetImages/Dog/4965.jpg,Dog,1,375,500
PetImages/Dog/4966.jpg,Dog,1,375,269
PetImages/Dog/4969.jpg,Dog,1,500,375
PetImages/Dog/497.jpg,Dog,1,267,400
PetImages/Dog/4970.jpg,Dog,1,329,247
PetImages/Dog/4971.jpg,Dog,1,450,317
PetImages/Dog/4973.jpg,Dog,1,250,266
PetImages/Dog/4974.jpg,Dog,1,500,375
PetImages/Dog/4975.jpg,Dog,1,150,150
PetImages/Dog/4976.jpg,Dog,1,448,336
PetImages/Dog/4978.jpg,Dog,1,204,271
PetImages/Dog/4981.jpg,Dog,1,248,372
PetImages/Dog/4982.jpg,Dog,1,500,375
PetImages/Dog/4983.jpg,Dog,1,290,368
PetImages/Dog/4984.jpg,Dog,1,320,240
PetImages/Dog/4985.jpg,Dog,1,500,375
PetImages/Dog/4987.jpg,Dog,1,500,375
PetImages/Dog/4989.jpg,Dog,1,200,200
PetImages/Dog/499.jpg,Dog,1,500,375
PetImages/Dog/4990.jpg,Dog,1,500,334
PetImages/Dog/4991.jpg,Dog,1,307,500
PetImages/Dog/4992.jpg,Dog,1,500,333
PetImages/Dog/4993.jpg,Dog,1,500,375
PetImages/Dog/4994.jpg,Dog,1,255,225
PetImages/Dog/4995.jpg,Dog,1,500,333
PetImages/Dog/4996.jpg,Dog,1,444,474
PetImages/Dog/4997.jpg,Dog,1,448,336
PetImages/Dog/4999.jpg,Dog,1,500,396
PetImages/Dog/50.jpg,Dog,1,157,200
PetImages/Dog/500.jpg,Dog,1,500,328
PetImages/Dog/5003.jpg,Dog,1,348,500
PetImages/Dog/5005.jpg,Dog,1,209,315
PetImages/Dog/5006.jpg,Dog,1,233,387
PetImages/Dog/5007.jpg,Dog,1,471,445
PetImages/Dog/5008.jpg,Dog,1,500,375
PetImages/Dog/501.jpg,Dog,1,432,500
PetImages/Dog/5010.jpg,Dog,1,414,500
PetImages/Dog/5011.jpg,Dog,1,375,500
PetImages/Dog/5013.jpg,Dog,1,400,369
PetImages/Dog/5015.jpg,Dog,1,120,80
PetImages/Dog/5016.jpg,Dog,1,500,398
PetImages/Dog/5019.jpg,Dog,1,500,375
PetImages/Dog/5021.jpg,Dog,1,500,333
PetImages/Dog/5022.jpg,Dog,1,408,500
PetImages/Dog/5023.jpg,Dog,1,500,333
PetImages/Dog/5024.jpg,Dog,1,386,500
PetImages/Dog/5026.jpg,Dog,1,500,495
PetImages/Dog/5027.jpg,Dog,1,500,375
PetImages/Dog/503.jpg,Dog,1,380,285
PetImages/Dog/5030.jpg,Dog,1,500,375
PetImages/Dog/5031.jpg,Dog,1,152,200
PetImages/Dog/5033.jpg,Dog,1,500,377
PetImages/Dog/5034.jpg,Dog,1,500,375
PetImages/Dog/5035.jpg,Dog,1,333,500
PetImages/Dog/5036.jpg,Dog,1,500,375
PetImages/Dog/5039.jpg,Dog,1,500,334
PetImages/Dog/5040.jpg,Dog,1,500,375
PetImages/Dog/5041.jpg,Dog,1,500,375
PetImages/Dog/5043.jpg,Dog,1,278,500
PetImages/Dog/5044.jpg,Dog,1,500,416
PetImages/Dog/5045.jpg,Dog,1,125,108
PetImages/Dog/5046.jpg,Dog,1,317,364
PetImages/Dog/5048.jpg,Dog,1,500,375
PetImages/Dog/5049.jpg,Dog,1,500,438
PetImages/Dog/5050.jpg,Dog,1,500,375
PetImages/Dog/5051.jpg,Dog,1,321,400
PetImages/Dog/5053.jpg,Dog,1,500,482
PetImages/Dog/5055.jpg,Dog,1,500,485
PetImages/Dog/5056.jpg,Dog,1,500,375
PetImages/Dog/5057.jpg,Dog,1,472,500
PetImages/Dog/5058.jpg,Dog,1,298,448
PetImages/Dog/506.jpg,Dog,1,252,360
PetImages/Dog/5060.jpg,Dog,1,500,334
PetImages/Dog/5061.jpg,Dog,1,464,462
PetImages/Dog/5062.jpg,Dog,1,400,297
PetImages/Dog/5063.jpg,Dog,1,500,375
PetImages/Dog/5064.jpg,Dog,1,500,443
PetImages/Dog/5066.jpg,Dog,1,333,432
PetImages/Dog/5067.jpg,Dog,1,256,192
PetImages/Dog/5069.jpg,Dog,1,350,262
PetImages/Dog/507.jpg,Dog,1,500,446
PetImages/Dog/5070.jpg,Dog,1,300,500
PetImages/Dog/5071.jpg,Dog,1,320,240
PetImages/Dog/5072.jpg,Dog,1,250,250
PetImages/Dog/5073.jpg,Dog,1,500,338
PetImages/Dog/5074.jpg,Dog,1,326,337
PetImages/Dog/5075.jpg,Dog,1,500,419
PetImages/Dog/5077.jpg,Dog,1,500,329
PetImages/Dog/5078.jpg,Dog,1,500,431
PetImages/Dog/508.jpg,Dog,1,475,418
PetImages/Dog/5081.jpg,Dog,1,500,375
PetImages/Dog/5083.jpg,Dog,1,500,375
PetImages/Dog/5084.jpg,Dog,1,352,379
PetImages/Dog/5087.jpg,Dog,1,500,375
PetImages/Dog/5088.jpg,Dog,1,360,270
PetImages/Dog/5089.jpg,Dog,1,300,400
PetImages/Dog/5091.jpg,Dog,1,313,400
PetImages/Dog/5092.jpg,Dog,1,289,500
PetImages/Dog/5093.jpg,Dog,1,377,471
PetImages/Dog/5095.jpg,Dog,1,500,378
PetImages/Dog/5096.jpg,Dog,1,500,375
PetImages/Dog/5098.jpg,Dog,1,241,252
PetImages/Dog/5099.jpg,Dog,1,319,362
PetImages/Dog/510.jpg,Dog,1,440,500
PetImages/Dog/5100.jpg,Dog,1,377,500
PetImages/Dog/5103.jpg,Dog,1,500,491
PetImages/Dog/5106.jpg,Dog,1,363,399
PetImages/Dog/5107.jpg,Dog,1,273,400
PetImages/Dog/5108.jpg,Dog,1,405,219
PetImages/Dog/5109.jpg,Dog,1,350,263
PetImages/Dog/5112.jpg,Dog,1,500,478
PetImages/Dog/5113.jpg,Dog,1,335,500
PetImages/Dog/5114.jpg,Dog,1,500,375
PetImages/Dog/5115.jpg,Dog,1,500,374
PetImages/Dog/5116.jpg,Dog,1,500,332
PetImages/Dog/5117.jpg,Dog,1,266,265
PetImages/Dog/5118.jpg,Dog,1,350,262
PetImages/Dog/512.jpg,Dog,1,500,385
PetImages/Dog/5120.jpg,Dog,1,290,252
PetImages/Dog/5121.jpg,Dog,1,400,272
PetImages/Dog/5126.jpg,Dog,1,297,500
PetImages/Dog/5127.jpg,Dog,1,316,500
PetImages/Dog/5128.jpg,Dog,1,123,80
PetImages/Dog/5129.jpg,Dog,1,250,237
PetImages/Dog/513.jpg,Dog,1,500,375
PetImages/Dog/5130.jpg,Dog,1,332,500
PetImages/Dog/5131.jpg,Dog,1,340,260
PetImages/Dog/5132.jpg,Dog,1,300,193
PetImages/Dog/5133.jpg,Dog,1,320,213
PetImages/Dog/5134.jpg,Dog,1,444,500
PetImages/Dog/5136.jpg,Dog,1,409,320
PetImages/Dog/5137.jpg,Dog,1,400,313
PetImages/Dog/5138.jpg,Dog,1,500,375
PetImages/Dog/5140.jpg,Dog,1,473,500
PetImages/Dog/5142.jpg,Dog,1,500,334
PetImages/Dog/5143.jpg,Dog,1,375,417
PetImages/Dog/5145.jpg,Dog,1,500,375
PetImages/Dog/5147.jpg,Dog,1,500,375
PetImages/Dog/5148.jpg,Dog,1,300,378
PetImages/Dog/515.jpg,Dog,1,500,375
PetImages/Dog/5151.jpg,Dog,1,500,332
PetImages/Dog/5153.jpg,Dog,1,351,300
PetImages/Dog/5154.jpg,Dog,1,480,418
PetImages/Dog/5155.jpg,Dog,1,500,436
PetImages/Dog/5156.jpg,Dog,1,282,500
PetImages/Dog/5157.jpg,Dog,1,288,288
PetImages/Dog/5158.jpg,Dog,1,484,500
PetImages/Dog/5159.jpg,Dog,1,357,396
PetImages/Dog/516.jpg,Dog,1,252,113
PetImages/Dog/5160.jpg,Dog,1,380,353
PetImages/Dog/5163.jpg,Dog,1,200,150
PetImages/Dog/5164.jpg,Dog,1,375,500
PetImages/Dog/5165.jpg,Dog,1,180,270
PetImages/Dog/5167.jpg,Dog,1,400,354
PetImages/Dog/5168.jpg,Dog,1,500,332
PetImages/Dog/5170.jpg,Dog,1,375,500
PetImages/Dog/5171.jpg,Dog,1,110,141
PetImages/Dog/5172.jpg,Dog,1,500,432
PetImages/Dog/5174.jpg,Dog,1,500,375
PetImages/Dog/5177.jpg,Dog,1,379,304
PetImages/Dog/5178.jpg,Dog,1,320,282
PetImages/Dog/518.jpg,Dog,1,500,458
PetImages/Dog/5181.jpg,Dog,1,423,500
PetImages/Dog/5182.jpg,Dog,1,500,375
PetImages/Dog/5183.jpg,Dog,1,457,500
PetImages/Dog/5184.jpg,Dog,1,500,375
PetImages/Dog/5185.jpg,Dog,1,455,500
PetImages/Dog/5187.jpg,Dog,1,267,400
PetImages/Dog/5188.jpg,Dog,1,320,213
PetImages/Dog/5189.jpg,Dog,1,500,375
PetImages/Dog/5190.jpg,Dog,1,320,240
PetImages/Dog/5192.jpg,Dog,1,500,400
PetImages/Dog/5193.jpg,Dog,1,450,500
PetImages/Dog/5194.jpg,Dog,1,300,226
PetImages/Dog/5195.jpg,Dog,1,400,298
PetImages/Dog/5197.jpg,Dog,1,497,333
PetImages/Dog/5198.jpg,Dog,1,500,338
PetImages/Dog/5201.jpg,Dog,1,179,271
PetImages/Dog/5202.jpg,Dog,1,470,300
PetImages/Dog/5203.jpg,Dog,1,500,375
PetImages/Dog/5204.jpg,Dog,1,500,333
PetImages/Dog/5205.jpg,Dog,1,490,453
PetImages/Dog/5207.jpg,Dog,1,200,192
PetImages/Dog/5208.jpg,Dog,1,279,500
PetImages/Dog/521.jpg,Dog,1,375,500
PetImages/Dog/5211.jpg,Dog,1,406,500
PetImages/Dog/5212.jpg,Dog,1,291,429
PetImages/Dog/5213.jpg,Dog,1,500,375
PetImages/Dog/5216.jpg,Dog,1,500,375
PetImages/Dog/5217.jpg,Dog,1,392,300
PetImages/Dog/5218.jpg,Dog,1,375,500
PetImages/Dog/5219.jpg,Dog,1,500,375
PetImages/Dog/5222.jpg,Dog,1,221,166
PetImages/Dog/5224.jpg,Dog,1,226,254
PetImages/Dog/5225.jpg,Dog,1,500,500
PetImages/Dog/5226.jpg,Dog,1,500,486
PetImages/Dog/5227.jpg,Dog,1,500,438
PetImages/Dog/5228.jpg,Dog,1,500,375
PetImages/Dog/5229.jpg,Dog,1,500,333
PetImages/Dog/523.jpg,Dog,1,500,335
PetImages/Dog/5232.jpg,Dog,1,444,277
PetImages/Dog/5233.jpg,Dog,1,500,378
PetImages/Dog/5236.jpg,Dog,1,399,500
PetImages/Dog/5239.jpg,Dog,1,500,375
PetImages/Dog/524.jpg,Dog,1,182,166
PetImages/Dog/5244.jpg,Dog,1,300,400
PetImages/Dog/5245.jpg,Dog,1,400,407
PetImages/Dog/5246.jpg,Dog,1,205,329
PetImages/Dog/5247.jpg,Dog,1,500,371
PetImages/Dog/5248.jpg,Dog,1,300,225
PetImages/Dog/5249.jpg,Dog,1,360,270
PetImages/Dog/525.jpg,Dog,1,404,500
PetImages/Dog/5250.jpg,Dog,1,500,375
PetImages/Dog/5252.jpg,Dog,1,350,233
PetImages/Dog/5253.jpg,Dog,1,350,262
PetImages/Dog/5254.jpg,Dog,1,288,300
PetImages/Dog/5255.jpg,Dog,1,284,398
PetImages/Dog/5257.jpg,Dog,1,350,306
PetImages/Dog/5258.jpg,Dog,1,500,363
PetImages/Dog/5259.jpg,Dog,1,500,375
PetImages/Dog/5261.jpg,Dog,1,500,375
PetImages/Dog/5262.jpg,Dog,1,309,500
PetImages/Dog/5263.jpg,Dog,1,480,320
PetImages/Dog/5264.jpg,Dog,1,220,331
PetImages/Dog/5266.jpg,Dog,1,500,446
PetImages/Dog/5267.jpg,Dog,1,500,375
PetImages/Dog/5269.jpg,Dog,1,500,332
PetImages/Dog/527.jpg,Dog,1,319,400
PetImages/Dog/5270.jpg,Dog,1,341,404
PetImages/Dog/5271.jpg,Dog,1,460,312
PetImages/Dog/5272.jpg,Dog,1,400,333
PetImages/Dog/5273.jpg,Dog,1,500,343
PetImages/Dog/5274.jpg,Dog,1,400,376
PetImages/Dog/5275.jpg,Dog,1,217,247
PetImages/Dog/5277.jpg,Dog,1,118,250
PetImages/Dog/5278.jpg,Dog,1,332,500
PetImages/Dog/5279.jpg,Dog,1,350,278
PetImages/Dog/528.jpg,Dog,1,300,294
PetImages/Dog/5280.jpg,Dog,1,500,381
PetImages/Dog/5281.jpg,Dog,1,424,500
PetImages/Dog/5282.jpg,Dog,1,474,500
PetImages/Dog/5283.jpg,Dog,1,300,500
PetImages/Dog/5285.jpg,Dog,1,176,144
PetImages/Dog/5286.jpg,Dog,1,479,412
PetImages/Dog/5288.jpg,Dog,1,227,183
PetImages/Dog/529.jpg,Dog,1,258,400
PetImages/Dog/5291.jpg,Dog,1,400,300
PetImages/Dog/5292.jpg,Dog,1,277,407
PetImages/Dog/5294.jpg,Dog,1,285,323
PetImages/Dog/5297.jpg,Dog,1,375,500
PetImages/Dog/5299.jpg,Dog,1,500,375
PetImages/Dog/53.jpg,Dog,1,396,268
PetImages/Dog/530.jpg,Dog,1,500,375
PetImages/Dog/5303.jpg,Dog,1,455,480
PetImages/Dog/5304.jpg,Dog,1,448,336
PetImages/Dog/5306.jpg,Dog,1,396,500
PetImages/Dog/5307.jpg,Dog,1,500,375
PetImages/Dog/5309.jpg,Dog,1,500,375
PetImages/Dog/531.jpg,Dog,1,113,123
PetImages/Dog/5311.jpg,Dog,1,500,375
PetImages/Dog/5312.jpg,Dog,1,333,500
PetImages/Dog/5313.jpg,Dog,1,205,154
PetImages/Dog/5314.jpg,Dog,1,500,375
PetImages/Dog/5315.jpg,Dog,1,500,375
PetImages/Dog/5316.jpg,Dog,1,500,456
PetImages/Dog/5317.jpg,Dog,1,500,344
PetImages/Dog/5318.jpg,Dog,1,288,360
PetImages/Dog/5319.jpg,Dog,1,500,333
PetImages/Dog/532.jpg,Dog,1,500,375
PetImages/Dog/5320.jpg,Dog,1,289,500
PetImages/Dog/5321.jpg,Dog,1,500,375
PetImages/Dog/5323.jpg,Dog,1,500,474
PetImages/Dog/5324.jpg,Dog,1,440,440
PetImages/Dog/5325.jpg,Dog,1,448,336
PetImages/Dog/5326.jpg,Dog,1,500,375
PetImages/Dog/5328.jpg,Dog,1,381,500
PetImages/Dog/5329.jpg,Dog,1,480,360
PetImages/Dog/533.jpg,Dog,1,500,375
PetImages/Dog/5330.jpg,Dog,1,272,500
PetImages/Dog/5331.jpg,Dog,1,186,200
PetImages/Dog/5332.jpg,Dog,1,300,296
PetImages/Dog/5333.jpg,Dog,1,362,500
PetImages/Dog/5335.jpg,Dog,1,227,329
PetImages/Dog/5338.jpg,Dog,1,500,420
PetImages/Dog/5339.jpg,Dog,1,338,288
PetImages/Dog/534.jpg,Dog,1,383,500
PetImages/Dog/5340.jpg,Dog,1,500,333
PetImages/Dog/5343.jpg,Dog,1,300,286
PetImages/Dog/5344.jpg,Dog,1,350,374
PetImages/Dog/5345.jpg,Dog,1,288,216
PetImages/Dog/5346.jpg,Dog,1,400,300
PetImages/Dog/5347.jpg,Dog,1,329,500
PetImages/Dog/5348.jpg,Dog,1,319,400
PetImages/Dog/5349.jpg,Dog,1,288,359
PetImages/Dog/5350.jpg,Dog,1,136,241
PetImages/Dog/5351.jpg,Dog,1,375,500
PetImages/Dog/5352.jpg,Dog,1,500,375
PetImages/Dog/5353.jpg,Dog,1,500,391
PetImages/Dog/5354.jpg,Dog,1,350,262
PetImages/Dog/5355.jpg,Dog,1,234,352
PetImages/Dog/5356.jpg,Dog,1,294,357
PetImages/Dog/5357.jpg,Dog,1,429,500
PetImages/Dog/5358.jpg,Dog,1,500,447
PetImages/Dog/5359.jpg,Dog,1,300,225
PetImages/Dog/536.jpg,Dog,1,272,350
PetImages/Dog/5360.jpg,Dog,1,228,180
PetImages/Dog/5361.jpg,Dog,1,475,438
PetImages/Dog/5362.jpg,Dog,1,220,193
PetImages/Dog/5363.jpg,Dog,1,352,336
PetImages/Dog/5364.jpg,Dog,1,470,500
PetImages/Dog/5365.jpg,Dog,1,234,178
PetImages/Dog/5366.jpg,Dog,1,355,325
PetImages/Dog/5367.jpg,Dog,1,500,333
PetImages/Dog/537.jpg,Dog,1,500,375
PetImages/Dog/5370.jpg,Dog,1,357,474
PetImages/Dog/5371.jpg,Dog,1,386,475
PetImages/Dog/5372.jpg,Dog,1,500,369
PetImages/Dog/5375.jpg,Dog,1,500,275
PetImages/Dog/5378.jpg,Dog,1,162,162
PetImages/Dog/5379.jpg,Dog,1,500,415
PetImages/Dog/5381.jpg,Dog,1,500,375
PetImages/Dog/5382.jpg,Dog,1,201,200
PetImages/Dog/5383.jpg,Dog,1,500,375
PetImages/Dog/5384.jpg,Dog,1,480,319
PetImages/Dog/5385.jpg,Dog,1,500,375
PetImages/Dog/5386.jpg,Dog,1,456,500
PetImages/Dog/5387.jpg,Dog,1,350,262
PetImages/Dog/5388.jpg,Dog,1,334,324
PetImages/Dog/5390.jpg,Dog,1,320,277
PetImages/Dog/5391.jpg,Dog,1,457,365
PetImages/Dog/5393.jpg,Dog,1,280,233
PetImages/Dog/5394.jpg,Dog,1,260,318
PetImages/Dog/5395.jpg,Dog,1,500,459
PetImages/Dog/5396.jpg,Dog,1,447,450
PetImages/Dog/5397.jpg,Dog,1,89,140
PetImages/Dog/5399.jpg,Dog,1,256,332
PetImages/Dog/54.jpg,Dog,1,400,285
PetImages/Dog/540.jpg,Dog,1,320,240
PetImages/Dog/5400.jpg,Dog,1,350,492
PetImages/Dog/5401.jpg,Dog,1,346,461
PetImages/Dog/5403.jpg,Dog,1,297,360
PetImages/Dog/5404.jpg,Dog,1,362,500
PetImages/Dog/5407.jpg,Dog,1,350,262
PetImages/Dog/5408.jpg,Dog,1,480,401
PetImages/Dog/5409.jpg,Dog,1,307,342
PetImages/Dog/541.jpg,Dog,1,500,377
PetImages/Dog/5410.jpg,Dog,1,200,187
PetImages/Dog/5411.jpg,Dog,1,500,375
PetImages/Dog/5412.jpg,Dog,1,390,500
PetImages/Dog/5413.jpg,Dog,1,500,375
PetImages/Dog/5414.jpg,Dog,1,500,413
PetImages/Dog/5416.jpg,Dog,1,500,437
PetImages/Dog/5418.jpg,Dog,1,500,374
PetImages/Dog/5419.jpg,Dog,1,500,375
PetImages/Dog/5420.jpg,Dog,1,300,200
PetImages/Dog/5424.jpg,Dog,1,273,500
PetImages/Dog/5426.jpg,Dog,1,500,375
PetImages/Dog/5427.jpg,Dog,1,150,113
PetImages/Dog/5428.jpg,Dog,1,371,313
PetImages/Dog/5429.jpg,Dog,1,377,500
PetImages/Dog/543.jpg,Dog,1,202,213
PetImages/Dog/5430.jpg,Dog,1,320,240
PetImages/Dog/5432.jpg,Dog,1,500,375
PetImages/Dog/5433.jpg,Dog,1,486,500
PetImages/Dog/5434.jpg,Dog,1,500,447
PetImages/Dog/5437.jpg,Dog,1,248,296
PetImages/Dog/5438.jpg,Dog,1,300,225
PetImages/Dog/5442.jpg,Dog,1,306,500
PetImages/Dog/5445.jpg,Dog,1,361,500
PetImages/Dog/5446.jpg,Dog,1,419,500
PetImages/Dog/5447.jpg,Dog,1,346,364
PetImages/Dog/5448.jpg,Dog,1,500,332
PetImages/Dog/545.jpg,Dog,1,336,448
PetImages/Dog/5454.jpg,Dog,1,400,380
PetImages/Dog/5455.jpg,Dog,1,496,496
PetImages/Dog/5456.jpg,Dog,1,450,444
PetImages/Dog/5457.jpg,Dog,1,434,500
PetImages/Dog/546.jpg,Dog,1,500,375
PetImages/Dog/5460.jpg,Dog,1,500,375
PetImages/Dog/5462.jpg,Dog,1,500,375
PetImages/Dog/5463.jpg,Dog,1,251,267
PetImages/Dog/5464.jpg,Dog,1,500,435
PetImages/Dog/5465.jpg,Dog,1,500,377
PetImages/Dog/5466.jpg,Dog,1,499,374
PetImages/Dog/5467.jpg,Dog,1,500,334
PetImages/Dog/5468.jpg,Dog,1,500,330
PetImages/Dog/5469.jpg,Dog,1,500,416
PetImages/Dog/547.jpg,Dog,1,250,187
PetImages/Dog/5471.jpg,Dog,1,375,500
PetImages/Dog/5472.jpg,Dog,1,500,377
PetImages/Dog/5475.jpg,Dog,1,344,360
PetImages/Dog/5476.jpg,Dog,1,185,300
PetImages/Dog/5479.jpg,Dog,1,500,500
PetImages/Dog/5480.jpg,Dog,1,375,500
PetImages/Dog/5481.jpg,Dog,1,500,434
PetImages/Dog/5482.jpg,Dog,1,500,333
PetImages/Dog/5483.jpg,Dog,1,500,375
PetImages/Dog/5484.jpg,Dog,1,376,299
PetImages/Dog/5485.jpg,Dog,1,288,500
PetImages/Dog/5488.jpg,Dog,1,320,399
PetImages/Dog/549.jpg,Dog,1,500,375
PetImages/Dog/5490.jpg,Dog,1,320,240
PetImages/Dog/5491.jpg,Dog,1,500,375
PetImages/Dog/5492.jpg,Dog,1,335,270
PetImages/Dog/5493.jpg,Dog,1,360,270
PetImages/Dog/5495.jpg,Dog,1,271,500
PetImages/Dog/5496.jpg,Dog,1,443,234
PetImages/Dog/5497.jpg,Dog,1,500,333
PetImages/Dog/5498.jpg,Dog,1,500,333
PetImages/Dog/550.jpg,Dog,1,200,162
PetImages/Dog/5500.jpg,Dog,1,500,375
PetImages/Dog/5501.jpg,Dog,1,350,466
PetImages/Dog/5503.jpg,Dog,1,500,333
PetImages/Dog/5504.jpg,Dog,1,200,200
PetImages/Dog/5506.jpg,Dog,1,170,194
PetImages/Dog/5509.jpg,Dog,1,500,374
PetImages/Dog/551.jpg,Dog,1,500,375
PetImages/Dog/5516.jpg,Dog,1,448,500
PetImages/Dog/5517.jpg,Dog,1,500,375
PetImages/Dog/5518.jpg,Dog,1,130,138
PetImages/Dog/5520.jpg,Dog,1,300,250
PetImages/Dog/5522.jpg,Dog,1,500,374
PetImages/Dog/5523.jpg,Dog,1,500,375
PetImages/Dog/5525.jpg,Dog,1,386,500
PetImages/Dog/5526.jpg,Dog,1,350,500
PetImages/Dog/5527.jpg,Dog,1,454,433
PetImages/Dog/5528.jpg,Dog,1,360,224
PetImages/Dog/5529.jpg,Dog,1,266,400
PetImages/Dog/553.jpg,Dog,1,117,137
PetImages/Dog/5530.jpg,Dog,1,266,312
PetImages/Dog/5531.jpg,Dog,1,419,331
PetImages/Dog/5532.jpg,Dog,1,376,479
PetImages/Dog/5533.jpg,Dog,1,500,375
PetImages/Dog/5534.jpg,Dog,1,320,440
PetImages/Dog/5536.jpg,Dog,1,409,392
PetImages/Dog/5538.jpg,Dog,1,500,333
PetImages/Dog/5539.jpg,Dog,1,500,375
PetImages/Dog/554.jpg,Dog,1,500,418
PetImages/Dog/5545.jpg,Dog,1,268,397
PetImages/Dog/5547.jpg,Dog,1,173,216
PetImages/Dog/5548.jpg,Dog,1,389,500
PetImages/Dog/555.jpg,Dog,1,300,201
PetImages/Dog/5551.jpg,Dog,1,312,469
PetImages/Dog/5553.jpg,Dog,1,500,468
PetImages/Dog/5554.jpg,Dog,1,441,404
PetImages/Dog/5555.jpg,Dog,1,500,332
PetImages/Dog/5556.jpg,Dog,1,320,240
PetImages/Dog/5557.jpg,Dog,1,500,342
PetImages/Dog/5559.jpg,Dog,1,315,500
PetImages/Dog/556.jpg,Dog,1,500,375
PetImages/Dog/5561.jpg,Dog,1,500,464
PetImages/Dog/5562.jpg,Dog,1,500,469
PetImages/Dog/5565.jpg,Dog,1,288,150
PetImages/Dog/5566.jpg,Dog,1,405,500
PetImages/Dog/5567.jpg,Dog,1,223,217
PetImages/Dog/5569.jpg,Dog,1,284,345
PetImages/Dog/557.jpg,Dog,1,381,480
PetImages/Dog/5570.jpg,Dog,1,500,371
PetImages/Dog/5571.jpg,Dog,1,500,375
PetImages/Dog/5575.jpg,Dog,1,300,294
PetImages/Dog/5577.jpg,Dog,1,480,360
PetImages/Dog/5578.jpg,Dog,1,350,262
PetImages/Dog/5579.jpg,Dog,1,161,185
PetImages/Dog/558.jpg,Dog,1,300,400
PetImages/Dog/5580.jpg,Dog,1,465,480
PetImages/Dog/5581.jpg,Dog,1,200,216
PetImages/Dog/5582.jpg,Dog,1,500,375
PetImages/Dog/5585.jpg,Dog,1,500,375
PetImages/Dog/5586.jpg,Dog,1,336,500
PetImages/Dog/5587.jpg,Dog,1,500,465
PetImages/Dog/5588.jpg,Dog,1,323,500
PetImages/Dog/5589.jpg,Dog,1,319,239
PetImages/Dog/5592.jpg,Dog,1,160,120
PetImages/Dog/5593.jpg,Dog,1,250,335
PetImages/Dog/5594.jpg,Dog,1,395,419
PetImages/Dog/5596.jpg,Dog,1,500,375
PetImages/Dog/5597.jpg,Dog,1,357,500
PetImages/Dog/5599.jpg,Dog,1,318,385
PetImages/Dog/56.jpg,Dog,1,492,500
PetImages/Dog/560.jpg,Dog,1,374,336
PetImages/Dog/5600.jpg,Dog,1,319,500
PetImages/Dog/5602.jpg,Dog,1,124,115
PetImages/Dog/5603.jpg,Dog,1,410,500
PetImages/Dog/5605.jpg,Dog,1,283,226
PetImages/Dog/5606.jpg,Dog,1,200,150
PetImages/Dog/5607.jpg,Dog,1,375,500
PetImages/Dog/5608.jpg,Dog,1,257,392
PetImages/Dog/5609.jpg,Dog,1,450,450
PetImages/Dog/561.jpg,Dog,1,100,112
PetImages/Dog/5611.jpg,Dog,1,500,375
PetImages/Dog/5612.jpg,Dog,1,448,336
PetImages/Dog/5613.jpg,Dog,1,472,461
PetImages/Dog/5614.jpg,Dog,1,500,375
PetImages/Dog/5615.jpg,Dog,1,500,375
PetImages/Dog/5617.jpg,Dog,1,375,273
PetImages/Dog/5618.jpg,Dog,1,60,90
PetImages/Dog/5619.jpg,Dog,1,360,401
PetImages/Dog/562.jpg,Dog,1,400,390
PetImages/Dog/5620.jpg,Dog,1,500,333
PetImages/Dog/5622.jpg,Dog,1,184,201
PetImages/Dog/5623.jpg,Dog,1,108,144
PetImages/Dog/5626.jpg,Dog,1,500,338
PetImages/Dog/5629.jpg,Dog,1,320,240
PetImages/Dog/563.jpg,Dog,1,306,339
PetImages/Dog/5630.jpg,Dog,1,500,375
PetImages/Dog/5631.jpg,Dog,1,295,474
PetImages/Dog/5633.jpg,Dog,1,159,136
PetImages/Dog/5634.jpg,Dog,1,417,283
PetImages/Dog/5635.jpg,Dog,1,500,420
PetImages/Dog/5637.jpg,Dog,1,320,239
PetImages/Dog/5638.jpg,Dog,1,300,237
PetImages/Dog/5641.jpg,Dog,1,500,375
PetImages/Dog/5642.jpg,Dog,1,448,336
PetImages/Dog/5643.jpg,Dog,1,374,500
PetImages/Dog/5644.jpg,Dog,1,500,377
PetImages/Dog/5646.jpg,Dog,1,200,182
PetImages/Dog/5647.jpg,Dog,1,500,375
PetImages/Dog/5648.jpg,Dog,1,405,500
PetImages/Dog/5650.jpg,Dog,1,340,270
PetImages/Dog/5651.jpg,Dog,1,480,321
PetImages/Dog/5653.jpg,Dog,1,350,232
PetImages/Dog/5654.jpg,Dog,1,500,375
PetImages/Dog/5656.jpg,Dog,1,433,479
PetImages/Dog/5658.jpg,Dog,1,350,231
PetImages/Dog/5659.jpg,Dog,1,500,375
PetImages/Dog/566.jpg,Dog,1,283,500
PetImages/Dog/5661.jpg,Dog,1,306,421
PetImages/Dog/5662.jpg,Dog,1,235,243
PetImages/Dog/5663.jpg,Dog,1,500,375
PetImages/Dog/5664.jpg,Dog,1,500,375
PetImages/Dog/5665.jpg,Dog,1,349,413
PetImages/Dog/5666.jpg,Dog,1,400,385
PetImages/Dog/5667.jpg,Dog,1,358,500
PetImages/Dog/5668.jpg,Dog,1,500,333
PetImages/Dog/5669.jpg,Dog,1,374,400
PetImages/Dog/567.jpg,Dog,1,334,500
PetImages/Dog/5670.jpg,Dog,1,120,113
PetImages/Dog/5671.jpg,Dog,1,480,360
PetImages/Dog/5674.jpg,Dog,1,240,225
PetImages/Dog/5675.jpg,Dog,1,375,500
PetImages/Dog/5676.jpg,Dog,1,375,500
PetImages/Dog/568.jpg,Dog,1,300,300
PetImages/Dog/5680.jpg,Dog,1,500,332
PetImages/Dog/5683.jpg,Dog,1,350,357
PetImages/Dog/5684.jpg,Dog,1,320,240
PetImages/Dog/5685.jpg,Dog,1,200,198
PetImages/Dog/5686.jpg,Dog,1,500,375
PetImages/Dog/5688.jpg,Dog,1,324,400
PetImages/Dog/5689.jpg,Dog,1,322,500
PetImages/Dog/5690.jpg,Dog,1,500,375
PetImages/Dog/5692.jpg,Dog,1,500,375
PetImages/Dog/5693.jpg,Dog,1,143,200
PetImages/Dog/5695.jpg,Dog,1,360,480
PetImages/Dog/5697.jpg,Dog,1,500,375
PetImages/Dog/5698.jpg,Dog,1,500,375
PetImages/Dog/5699.jpg,Dog,1,500,375
PetImages/Dog/5700.jpg,Dog,1,188,155
PetImages/Dog/5701.jpg,Dog,1,461,461
PetImages/Dog/5702.jpg,Dog,1,480,360
PetImages/Dog/5703.jpg,Dog,1,350,300
PetImages/Dog/5709.jpg,Dog,1,475,500
PetImages/Dog/571.jpg,Dog,1,500,375
PetImages/Dog/5712.jpg,Dog,1,181,360
PetImages/Dog/5714.jpg,Dog,1,500,230
PetImages/Dog/5715.jpg,Dog,1,301,300
PetImages/Dog/5716.jpg,Dog,1,300,200
PetImages/Dog/5718.jpg,Dog,1,479,319
PetImages/Dog/5719.jpg,Dog,1,222,216
PetImages/Dog/572.jpg,Dog,1,500,333
PetImages/Dog/5720.jpg,Dog,1,426,479
PetImages/Dog/5721.jpg,Dog,1,150,179
PetImages/Dog/5723.jpg,Dog,1,500,375
PetImages/Dog/5724.jpg,Dog,1,500,375
PetImages/Dog/5725.jpg,Dog,1,222,410
PetImages/Dog/5727.jpg,Dog,1,400,379
PetImages/Dog/5728.jpg,Dog,1,200,264
PetImages/Dog/5729.jpg,Dog,1,500,374
PetImages/Dog/5730.jpg,Dog,1,455,300
PetImages/Dog/5733.jpg,Dog,1,500,377
PetImages/Dog/5737.jpg,Dog,1,500,375
PetImages/Dog/5738.jpg,Dog,1,500,375
PetImages/Dog/5739.jpg,Dog,1,500,477
PetImages/Dog/574.jpg,Dog,1,480,360
PetImages/Dog/5740.jpg,Dog,1,357,400
PetImages/Dog/5741.jpg,Dog,1,350,233
PetImages/Dog/5742.jpg,Dog,1,336,384
PetImages/Dog/5743.jpg,Dog,1,252,221
PetImages/Dog/5744.jpg,Dog,1,500,453
PetImages/Dog/5746.jpg,Dog,1,150,69
PetImages/Dog/5748.jpg,Dog,1,448,336
PetImages/Dog/5749.jpg,Dog,1,250,188
PetImages/Dog/575.jpg,Dog,1,250,278
PetImages/Dog/5750.jpg,Dog,1,268,202
PetImages/Dog/5751.jpg,Dog,1,350,350
PetImages/Dog/5752.jpg,Dog,1,500,375
PetImages/Dog/5753.jpg,Dog,1,338,500
PetImages/Dog/5754.jpg,Dog,1,500,375
PetImages/Dog/5755.jpg,Dog,1,500,375
PetImages/Dog/5757.jpg,Dog,1,500,430
PetImages/Dog/5759.jpg,Dog,1,500,432
PetImages/Dog/576.jpg,Dog,1,307,500
PetImages/Dog/5761.jpg,Dog,1,500,375
PetImages/Dog/5764.jpg,Dog,1,500,434
PetImages/Dog/5765.jpg,Dog,1,500,375
PetImages/Dog/5766.jpg,Dog,1,321,500
PetImages/Dog/5767.jpg,Dog,1,500,375
PetImages/Dog/5768.jpg,Dog,1,500,356
PetImages/Dog/577.jpg,Dog,1,500,332
PetImages/Dog/5772.jpg,Dog,1,266,389
PetImages/Dog/5773.jpg,Dog,1,500,498
PetImages/Dog/5775.jpg,Dog,1,245,302
PetImages/Dog/5777.jpg,Dog,1,376,303
PetImages/Dog/5778.jpg,Dog,1,307,448
PetImages/Dog/5779.jpg,Dog,1,386,500
PetImages/Dog/5780.jpg,Dog,1,500,338
PetImages/Dog/5781.jpg,Dog,1,500,375
PetImages/Dog/5783.jpg,Dog,1,500,334
PetImages/Dog/5785.jpg,Dog,1,500,375
PetImages/Dog/5786.jpg,Dog,1,364,321
PetImages/Dog/5789.jpg,Dog,1,500,333
PetImages/Dog/579.jpg,Dog,1,500,333
PetImages/Dog/5790.jpg,Dog,1,214,381
PetImages/Dog/5792.jpg,Dog,1,167,220
PetImages/Dog/5793.jpg,Dog,1,144,108
PetImages/Dog/5794.jpg,Dog,1,319,500
PetImages/Dog/5796.jpg,Dog,1,150,150
PetImages/Dog/5799.jpg,Dog,1,500,375
PetImages/Dog/58.jpg,Dog,1,500,281
PetImages/Dog/580.jpg,Dog,1,500,420
PetImages/Dog/5800.jpg,Dog,1,500,333
PetImages/Dog/5802.jpg,Dog,1,500,375
PetImages/Dog/5803.jpg,Dog,1,413,500
PetImages/Dog/5804.jpg,Dog,1,200,107
PetImages/Dog/5805.jpg,Dog,1,407,400
PetImages/Dog/5806.jpg,Dog,1,375,500
PetImages/Dog/5807.jpg,Dog,1,186,231
PetImages/Dog/581.jpg,Dog,1,480,360
PetImages/Dog/5810.jpg,Dog,1,363,500
PetImages/Dog/5811.jpg,Dog,1,400,378
PetImages/Dog/5812.jpg,Dog,1,384,309
PetImages/Dog/5813.jpg,Dog,1,500,375
PetImages/Dog/5814.jpg,Dog,1,216,340
PetImages/Dog/5815.jpg,Dog,1,398,500
PetImages/Dog/5816.jpg,Dog,1,500,375
PetImages/Dog/5817.jpg,Dog,1,178,200
PetImages/Dog/5818.jpg,Dog,1,400,300
PetImages/Dog/5819.jpg,Dog,1,320,240
PetImages/Dog/582.jpg,Dog,1,252,235
PetImages/Dog/5820.jpg,Dog,1,500,375
PetImages/Dog/5821.jpg,Dog,1,500,375
PetImages/Dog/5823.jpg,Dog,1,500,375
PetImages/Dog/5824.jpg,Dog,1,500,375
PetImages/Dog/5825.jpg,Dog,1,326,350
PetImages/Dog/5826.jpg,Dog,1,320,328
PetImages/Dog/5827.jpg,Dog,1,500,500
PetImages/Dog/5828.jpg,Dog,1,492,500
PetImages/Dog/5829.jpg,Dog,1,500,375
PetImages/Dog/5830.jpg,Dog,1,500,375
PetImages/Dog/5831.jpg,Dog,1,500,400
PetImages/Dog/5832.jpg,Dog,1,500,413
PetImages/Dog/5834.jpg,Dog,1,450,365
PetImages/Dog/5835.jpg,Dog,1,422,500
PetImages/Dog/5836.jpg,Dog,1,350,321
PetImages/Dog/5838.jpg,Dog,1,360,480
PetImages/Dog/584.jpg,Dog,1,500,333
PetImages/Dog/5842.jpg,Dog,1,500,375
PetImages/Dog/5843.jpg,Dog,1,500,331
PetImages/Dog/5844.jpg,Dog,1,450,338
PetImages/Dog/5845.jpg,Dog,1,500,375
PetImages/Dog/5846.jpg,Dog,1,457,500
PetImages/Dog/5847.jpg,Dog,1,375,500
PetImages/Dog/5848.jpg,Dog,1,500,420
PetImages/Dog/585.jpg,Dog,1,164,222
PetImages/Dog/5851.jpg,Dog,1,500,375
PetImages/Dog/5852.jpg,Dog,1,250,301
PetImages/Dog/5853.jpg,Dog,1,500,375
PetImages/Dog/5854.jpg,Dog,1,300,300
PetImages/Dog/5855.jpg,Dog,1,314,352
PetImages/Dog/5856.jpg,Dog,1,264,298
PetImages/Dog/5858.jpg,Dog,1,300,252
PetImages/Dog/586.jpg,Dog,1,432,203
PetImages/Dog/5860.jpg,Dog,1,386,500
PetImages/Dog/5861.jpg,Dog,1,356,402
PetImages/Dog/5862.jpg,Dog,1,150,157
PetImages/Dog/5863.jpg,Dog,1,444,313
PetImages/Dog/5864.jpg,Dog,1,300,282
PetImages/Dog/5866.jpg,Dog,1,500,375
PetImages/Dog/5868.jpg,Dog,1,252,307
PetImages/Dog/5869.jpg,Dog,1,240,209
PetImages/Dog/587.jpg,Dog,1,259,291
PetImages/Dog/5870.jpg,Dog,1,320,240
PetImages/Dog/5872.jpg,Dog,1,500,375
PetImages/Dog/5873.jpg,Dog,1,500,375
PetImages/Dog/5874.jpg,Dog,1,332,390
PetImages/Dog/5875.jpg,Dog,1,500,375
PetImages/Dog/5878.jpg,Dog,1,400,373
PetImages/Dog/5879.jpg,Dog,1,500,479
PetImages/Dog/588.jpg,Dog,1,170,215
PetImages/Dog/5880.jpg,Dog,1,217,500
PetImages/Dog/5881.jpg,Dog,1,350,262
PetImages/Dog/5883.jpg,Dog,1,341,305
PetImages/Dog/5887.jpg,Dog,1,320,240
PetImages/Dog/5888.jpg,Dog,1,500,375
PetImages/Dog/5890.jpg,Dog,1,370,277
PetImages/Dog/5892.jpg,Dog,1,500,334
PetImages/Dog/5893.jpg,Dog,1,500,375
PetImages/Dog/5895.jpg,Dog,1,320,240
PetImages/Dog/5896.jpg,Dog,1,500,375
PetImages/Dog/5897.jpg,Dog,1,308,320
PetImages/Dog/5898.jpg,Dog,1,500,375
PetImages/Dog/5899.jpg,Dog,1,266,400
PetImages/Dog/5900.jpg,Dog,1,461,378
PetImages/Dog/5902.jpg,Dog,1,381,500
PetImages/Dog/5903.jpg,Dog,1,500,375
PetImages/Dog/5905.jpg,Dog,1,500,375
PetImages/Dog/5906.jpg,Dog,1,445,336
PetImages/Dog/5907.jpg,Dog,1,500,500
PetImages/Dog/591.jpg,Dog,1,500,295
PetImages/Dog/5910.jpg,Dog,1,500,375
PetImages/Dog/5911.jpg,Dog,1,298,500
PetImages/Dog/5912.jpg,Dog,1,500,375
PetImages/Dog/5913.jpg,Dog,1,441,330
PetImages/Dog/5914.jpg,Dog,1,500,291
PetImages/Dog/5915.jpg,Dog,1,500,375
PetImages/Dog/5916.jpg,Dog,1,456,500
PetImages/Dog/5918.jpg,Dog,1,333,500
PetImages/Dog/5921.jpg,Dog,1,150,94
PetImages/Dog/5924.jpg,Dog,1,300,225
PetImages/Dog/5926.jpg,Dog,1,375,500
PetImages/Dog/5927.jpg,Dog,1,500,384
PetImages/Dog/5929.jpg,Dog,1,413,432
PetImages/Dog/593.jpg,Dog,1,500,375
PetImages/Dog/5931.jpg,Dog,1,500,375
PetImages/Dog/5932.jpg,Dog,1,332,309
PetImages/Dog/5936.jpg,Dog,1,247,428
PetImages/Dog/5937.jpg,Dog,1,350,350
PetImages/Dog/5938.jpg,Dog,1,500,375
PetImages/Dog/5940.jpg,Dog,1,431,323
PetImages/Dog/5941.jpg,Dog,1,500,375
PetImages/Dog/5943.jpg,Dog,1,500,375
PetImages/Dog/5944.jpg,Dog,1,363,500
PetImages/Dog/5945.jpg,Dog,1,480,360
PetImages/Dog/5946.jpg,Dog,1,500,499
PetImages/Dog/5947.jpg,Dog,1,350,328
PetImages/Dog/5948.jpg,Dog,1,480,370
PetImages/Dog/5949.jpg,Dog,1,297,500
PetImages/Dog/5951.jpg,Dog,1,324,319
PetImages/Dog/5952.jpg,Dog,1,257,373
PetImages/Dog/5953.jpg,Dog,1,500,500
PetImages/Dog/5954.jpg,Dog,1,480,319
PetImages/Dog/5955.jpg,Dog,1,320,240
PetImages/Dog/5957.jpg,Dog,1,500,375
PetImages/Dog/5958.jpg,Dog,1,500,375
PetImages/Dog/5959.jpg,Dog,1,331,388
PetImages/Dog/596.jpg,Dog,1,228,284
PetImages/Dog/5960.jpg,Dog,1,266,400
PetImages/Dog/5963.jpg,Dog,1,431,394
PetImages/Dog/5964.jpg,Dog,1,500,375
PetImages/Dog/5965.jpg,Dog,1,500,369
PetImages/Dog/5966.jpg,Dog,1,357,500
PetImages/Dog/5967.jpg,Dog,1,333,285
PetImages/Dog/5968.jpg,Dog,1,350,262
PetImages/Dog/597.jpg,Dog,1,380,420
PetImages/Dog/5970.jpg,Dog,1,500,417
PetImages/Dog/5971.jpg,Dog,1,255,500
PetImages/Dog/5974.jpg,Dog,1,500,384
PetImages/Dog/5975.jpg,Dog,1,500,332
PetImages/Dog/5977.jpg,Dog,1,500,374
PetImages/Dog/5979.jpg,Dog,1,408,500
PetImages/Dog/5980.jpg,Dog,1,173,212
PetImages/Dog/5981.jpg,Dog,1,500,462
PetImages/Dog/5982.jpg,Dog,1,453,500
PetImages/Dog/5983.jpg,Dog,1,375,500
PetImages/Dog/5984.jpg,Dog,1,250,187
PetImages/Dog/5987.jpg,Dog,1,362,500
PetImages/Dog/5988.jpg,Dog,1,500,470
PetImages/Dog/5989.jpg,Dog,1,500,375
PetImages/Dog/599.jpg,Dog,1,240,320
PetImages/Dog/5992.jpg,Dog,1,500,375
PetImages/Dog/5993.jpg,Dog,1,500,449
PetImages/Dog/5994.jpg,Dog,1,375,500
PetImages/Dog/5995.jpg,Dog,1,432,325
PetImages/Dog/5996.jpg,Dog,1,300,300
PetImages/Dog/5997.jpg,Dog,1,222,173
PetImages/Dog/5999.jpg,Dog,1,384,473
PetImages/Dog/6.jpg,Dog,1,500,488
PetImages/Dog/60.jpg,Dog,1,448,305
PetImages/Dog/600.jpg,Dog,1,350,262
PetImages/Dog/6000.jpg,Dog,1,375,500
PetImages/Dog/6001.jpg,Dog,1,500,375
PetImages/Dog/6002.jpg,Dog,1,400,400
PetImages/Dog/6004.jpg,Dog,1,155,201
PetImages/Dog/6005.jpg,Dog,1,169,220
PetImages/Dog/6006.jpg,Dog,1,350,490
PetImages/Dog/6007.jpg,Dog,1,306,500
PetImages/Dog/6008.jpg,Dog,1,427,500
PetImages/Dog/6009.jpg,Dog,1,422,480
PetImages/Dog/601.jpg,Dog,1,500,375
PetImages/Dog/6010.jpg,Dog,1,500,333
PetImages/Dog/6012.jpg,Dog,1,500,375
PetImages/Dog/6013.jpg,Dog,1,374,500
PetImages/Dog/6014.jpg,Dog,1,493,336
PetImages/Dog/6016.jpg,Dog,1,409,306
PetImages/Dog/6018.jpg,Dog,1,298,500
PetImages/Dog/6019.jpg,Dog,1,500,375
PetImages/Dog/602.jpg,Dog,1,489,500
PetImages/Dog/6020.jpg,Dog,1,320,240
PetImages/Dog/6023.jpg,Dog,1,500,442
PetImages/Dog/6025.jpg,Dog,1,329,363
PetImages/Dog/6028.jpg,Dog,1,377,175
PetImages/Dog/6029.jpg,Dog,1,500,375
PetImages/Dog/6030.jpg,Dog,1,500,372
PetImages/Dog/6032.jpg,Dog,1,400,300
PetImages/Dog/6033.jpg,Dog,1,411,500
PetImages/Dog/6034.jpg,Dog,1,320,401
PetImages/Dog/6037.jpg,Dog,1,500,375
PetImages/Dog/6038.jpg,Dog,1,500,371
PetImages/Dog/6039.jpg,Dog,1,345,500
PetImages/Dog/604.jpg,Dog,1,399,400
PetImages/Dog/6042.jpg,Dog,1,306,200
PetImages/Dog/6043.jpg,Dog,1,356,500
PetImages/Dog/6044.jpg,Dog,1,500,375
PetImages/Dog/6048.jpg,Dog,1,164,180
PetImages/Dog/6049.jpg,Dog,1,439,448
PetImages/Dog/6051.jpg,Dog,1,146,146
PetImages/Dog/6053.jpg,Dog,1,320,219
PetImages/Dog/6054.jpg,Dog,1,500,375
PetImages/Dog/6055.jpg,Dog,1,500,377
PetImages/Dog/6056.jpg,Dog,1,357,289
PetImages/Dog/6057.jpg,Dog,1,340,450
PetImages/Dog/6058.jpg,Dog,1,269,293
PetImages/Dog/6060.jpg,Dog,1,500,375
PetImages/Dog/6061.jpg,Dog,1,500,397
PetImages/Dog/6062.jpg,Dog,1,500,375
PetImages/Dog/6063.jpg,Dog,1,500,375
PetImages/Dog/6064.jpg,Dog,1,300,300
PetImages/Dog/6066.jpg,Dog,1,286,288
PetImages/Dog/6067.jpg,Dog,1,500,444
PetImages/Dog/6068.jpg,Dog,1,325,384
PetImages/Dog/607.jpg,Dog,1,500,375
PetImages/Dog/6070.jpg,Dog,1,500,375
PetImages/Dog/6072.jpg,Dog,1,250,258
PetImages/Dog/6074.jpg,Dog,1,300,336
PetImages/Dog/6075.jpg,Dog,1,180,324
PetImages/Dog/6076.jpg,Dog,1,500,375
PetImages/Dog/6077.jpg,Dog,1,188,192
PetImages/Dog/6079.jpg,Dog,1,500,449
PetImages/Dog/608.jpg,Dog,1,373,251
PetImages/Dog/6080.jpg,Dog,1,500,375
PetImages/Dog/6081.jpg,Dog,1,500,329
PetImages/Dog/6082.jpg,Dog,1,500,356
PetImages/Dog/6083.jpg,Dog,1,500,375
PetImages/Dog/6084.jpg,Dog,1,500,375
PetImages/Dog/6086.jpg,Dog,1,179,286
PetImages/Dog/6087.jpg,Dog,1,500,375
PetImages/Dog/6088.jpg,Dog,1,296,400
PetImages/Dog/6089.jpg,Dog,1,189,145
PetImages/Dog/6090.jpg,Dog,1,500,375
PetImages/Dog/6091.jpg,Dog,1,361,500
PetImages/Dog/6092.jpg,Dog,1,400,383
PetImages/Dog/6093.jpg,Dog,1,496,500
PetImages/Dog/6094.jpg,Dog,1,400,218
PetImages/Dog/6095.jpg,Dog,1,500,375
PetImages/Dog/6096.jpg,Dog,1,432,376
PetImages/Dog/6097.jpg,Dog,1,249,297
PetImages/Dog/6098.jpg,Dog,1,500,457
PetImages/Dog/6099.jpg,Dog,1,368,500
PetImages/Dog/61.jpg,Dog,1,500,342
PetImages/Dog/610.jpg,Dog,1,300,451
PetImages/Dog/6102.jpg,Dog,1,391,500
PetImages/Dog/6104.jpg,Dog,1,500,375
PetImages/Dog/6107.jpg,Dog,1,375,500
PetImages/Dog/6109.jpg,Dog,1,495,500
PetImages/Dog/611.jpg,Dog,1,500,375
PetImages/Dog/6110.jpg,Dog,1,300,226
PetImages/Dog/6111.jpg,Dog,1,500,408
PetImages/Dog/6113.jpg,Dog,1,500,375
PetImages/Dog/6114.jpg,Dog,1,500,375
PetImages/Dog/6115.jpg,Dog,1,500,375
PetImages/Dog/6116.jpg,Dog,1,375,500
PetImages/Dog/6117.jpg,Dog,1,360,270
PetImages/Dog/6119.jpg,Dog,1,500,344
PetImages/Dog/612.jpg,Dog,1,299,265
PetImages/Dog/6122.jpg,Dog,1,500,245
PetImages/Dog/6123.jpg,Dog,1,300,247
PetImages/Dog/6125.jpg,Dog,1,265,468
PetImages/Dog/6126.jpg,Dog,1,346,500
PetImages/Dog/6128.jpg,Dog,1,360,251
PetImages/Dog/6129.jpg,Dog,1,400,297
PetImages/Dog/613.jpg,Dog,1,333,400
PetImages/Dog/6131.jpg,Dog,1,500,375
PetImages/Dog/6132.jpg,Dog,1,400,301
PetImages/Dog/6134.jpg,Dog,1,327,500
PetImages/Dog/6135.jpg,Dog,1,476,500
PetImages/Dog/6136.jpg,Dog,1,200,273
PetImages/Dog/6138.jpg,Dog,1,346,384
PetImages/Dog/6139.jpg,Dog,1,251,349
PetImages/Dog/614.jpg,Dog,1,379,480
PetImages/Dog/6140.jpg,Dog,1,257,225
PetImages/Dog/6141.jpg,Dog,1,409,500
PetImages/Dog/6145.jpg,Dog,1,500,408
PetImages/Dog/6146.jpg,Dog,1,500,375
PetImages/Dog/6147.jpg,Dog,1,500,398
PetImages/Dog/6149.jpg,Dog,1,398,300
PetImages/Dog/615.jpg,Dog,1,500,375
PetImages/Dog/6154.jpg,Dog,1,333,500
PetImages/Dog/6156.jpg,Dog,1,250,203
PetImages/Dog/6157.jpg,Dog,1,500,375
PetImages/Dog/6158.jpg,Dog,1,500,397
PetImages/Dog/6159.jpg,Dog,1,500,375
PetImages/Dog/616.jpg,Dog,1,324,400
PetImages/Dog/6160.jpg,Dog,1,318,500
PetImages/Dog/6161.jpg,Dog,1,255,500
PetImages/Dog/6163.jpg,Dog,1,317,320
PetImages/Dog/6164.jpg,Dog,1,500,372
PetImages/Dog/6166.jpg,Dog,1,350,271
PetImages/Dog/6170.jpg,Dog,1,126,194
PetImages/Dog/6174.jpg,Dog,1,448,336
PetImages/Dog/6175.jpg,Dog,1,356,417
PetImages/Dog/6176.jpg,Dog,1,290,229
PetImages/Dog/6179.jpg,Dog,1,500,375
PetImages/Dog/618.jpg,Dog,1,403,500
PetImages/Dog/6180.jpg,Dog,1,500,375
PetImages/Dog/6181.jpg,Dog,1,199,273
PetImages/Dog/6182.jpg,Dog,1,500,375
PetImages/Dog/6183.jpg,Dog,1,395,500
PetImages/Dog/6185.jpg,Dog,1,155,180
PetImages/Dog/6186.jpg,Dog,1,500,375
PetImages/Dog/6187.jpg,Dog,1,500,422
PetImages/Dog/6189.jpg,Dog,1,500,375
PetImages/Dog/619.jpg,Dog,1,208,211
PetImages/Dog/6190.jpg,Dog,1,375,250
PetImages/Dog/6192.jpg,Dog,1,479,301
PetImages/Dog/6193.jpg,Dog,1,500,375
PetImages/Dog/6194.jpg,Dog,1,200,167
PetImages/Dog/6195.jpg,Dog,1,347,480
PetImages/Dog/6197.jpg,Dog,1,362,391
PetImages/Dog/6198.jpg,Dog,1,326,270
PetImages/Dog/6199.jpg,Dog,1,500,375
PetImages/Dog/62.jpg,Dog,1,337,450
PetImages/Dog/620.jpg,Dog,1,300,455
PetImages/Dog/6200.jpg,Dog,1,380,342
PetImages/Dog/6202.jpg,Dog,1,249,437
PetImages/Dog/6203.jpg,Dog,1,500,375
PetImages/Dog/6205.jpg,Dog,1,378,225
PetImages/Dog/6206.jpg,Dog,1,393,416
PetImages/Dog/6208.jpg,Dog,1,500,416
PetImages/Dog/6209.jpg,Dog,1,277,497
PetImages/Dog/621.jpg,Dog,1,500,334
PetImages/Dog/6210.jpg,Dog,1,500,377
PetImages/Dog/6211.jpg,Dog,1,480,360
PetImages/Dog/6212.jpg,Dog,1,375,500
PetImages/Dog/6213.jpg,Dog,1,400,300
PetImages/Dog/6214.jpg,Dog,1,500,333
PetImages/Dog/6215.jpg,Dog,1,400,340
PetImages/Dog/6216.jpg,Dog,1,293,330
PetImages/Dog/6217.jpg,Dog,1,307,410
PetImages/Dog/6218.jpg,Dog,1,216,288
PetImages/Dog/6221.jpg,Dog,1,500,341
PetImages/Dog/6222.jpg,Dog,1,500,375
PetImages/Dog/6226.jpg,Dog,1,498,500
PetImages/Dog/6227.jpg,Dog,1,500,374
PetImages/Dog/6228.jpg,Dog,1,375,500
PetImages/Dog/623.jpg,Dog,1,448,319
PetImages/Dog/6234.jpg,Dog,1,440,440
PetImages/Dog/6235.jpg,Dog,1,500,204
PetImages/Dog/6236.jpg,Dog,1,500,333
PetImages/Dog/6239.jpg,Dog,1,195,161
PetImages/Dog/624.jpg,Dog,1,336,370
PetImages/Dog/6240.jpg,Dog,1,500,451
PetImages/Dog/6241.jpg,Dog,1,500,375
PetImages/Dog/6243.jpg,Dog,1,500,375
PetImages/Dog/6244.jpg,Dog,1,500,375
PetImages/Dog/6245.jpg,Dog,1,400,400
PetImages/Dog/6246.jpg,Dog,1,360,270
PetImages/Dog/6247.jpg,Dog,1,375,500
PetImages/Dog/6249.jpg,Dog,1,179,269
PetImages/Dog/6251.jpg,Dog,1,300,281
PetImages/Dog/6252.jpg,Dog,1,464,500
PetImages/Dog/6253.jpg,Dog,1,341,300
PetImages/Dog/6254.jpg,Dog,1,182,144
PetImages/Dog/6255.jpg,Dog,1,500,368
PetImages/Dog/6256.jpg,Dog,1,500,289
PetImages/Dog/6257.jpg,Dog,1,212,206
PetImages/Dog/6258.jpg,Dog,1,312,449
PetImages/Dog/6259.jpg,Dog,1,423,400
PetImages/Dog/6260.jpg,Dog,1,500,375
PetImages/Dog/6261.jpg,Dog,1,218,230
PetImages/Dog/6263.jpg,Dog,1,385,384
PetImages/Dog/6264.jpg,Dog,1,500,342
PetImages/Dog/6265.jpg,Dog,1,367,500
PetImages/Dog/6266.jpg,Dog,1,500,375
PetImages/Dog/6267.jpg,Dog,1,500,375
PetImages/Dog/6268.jpg,Dog,1,500,466
PetImages/Dog/6269.jpg,Dog,1,500,375
PetImages/Dog/627.jpg,Dog,1,216,216
PetImages/Dog/6270.jpg,Dog,1,265,216
PetImages/Dog/6271.jpg,Dog,1,500,375
PetImages/Dog/6272.jpg,Dog,1,300,226
PetImages/Dog/6273.jpg,Dog,1,500,375
PetImages/Dog/6274.jpg,Dog,1,500,333
PetImages/Dog/6275.jpg,Dog,1,500,375
PetImages/Dog/6276.jpg,Dog,1,400,382
PetImages/Dog/6277.jpg,Dog,1,331,442
PetImages/Dog/6278.jpg,Dog,1,309,500
PetImages/Dog/6279.jpg,Dog,1,184,320
PetImages/Dog/628.jpg,Dog,1,428,500
PetImages/Dog/6283.jpg,Dog,1,310,500
PetImages/Dog/6285.jpg,Dog,1,458,500
PetImages/Dog/6286.jpg,Dog,1,333,500
PetImages/Dog/6287.jpg,Dog,1,400,329
PetImages/Dog/6288.jpg,Dog,1,500,359
PetImages/Dog/6290.jpg,Dog,1,295,196
PetImages/Dog/6293.jpg,Dog,1,500,375
PetImages/Dog/6296.jpg,Dog,1,500,375
PetImages/Dog/6297.jpg,Dog,1,500,375
PetImages/Dog/6298.jpg,Dog,1,397,385
PetImages/Dog/6299.jpg,Dog,1,144,108
PetImages/Dog/63.jpg,Dog,1,401,500
PetImages/Dog/630.jpg,Dog,1,74,50
PetImages/Dog/6302.jpg,Dog,1,450,365
PetImages/Dog/6304.jpg,Dog,1,500,489
PetImages/Dog/6305.jpg,Dog,1,135,170
PetImages/Dog/6306.jpg,Dog,1,450,316
PetImages/Dog/6309.jpg,Dog,1,254,500
PetImages/Dog/631.jpg,Dog,1,500,376
PetImages/Dog/6311.jpg,Dog,1,271,211
PetImages/Dog/6312.jpg,Dog,1,299,269
PetImages/Dog/6314.jpg,Dog,1,500,375
PetImages/Dog/6315.jpg,Dog,1,220,264
PetImages/Dog/6316.jpg,Dog,1,500,375
PetImages/Dog/6318.jpg,Dog,1,185,157
PetImages/Dog/6319.jpg,Dog,1,500,414
PetImages/Dog/6321.jpg,Dog,1,208,402
PetImages/Dog/6322.jpg,Dog,1,500,397
PetImages/Dog/6323.jpg,Dog,1,180,154
PetImages/Dog/6324.jpg,Dog,1,431,500
PetImages/Dog/6325.jpg,Dog,1,344,480
PetImages/Dog/6326.jpg,Dog,1,400,267
PetImages/Dog/6328.jpg,Dog,1,500,380
PetImages/Dog/633.jpg,Dog,1,500,333
PetImages/Dog/6331.jpg,Dog,1,320,240
PetImages/Dog/6332.jpg,Dog,1,391,500
PetImages/Dog/6333.jpg,Dog,1,500,375
PetImages/Dog/6336.jpg,Dog,1,350,262
PetImages/Dog/6337.jpg,Dog,1,256,256
PetImages/Dog/6338.jpg,Dog,1,150,200
PetImages/Dog/634.jpg,Dog,1,500,332
PetImages/Dog/6340.jpg,Dog,1,500,231
PetImages/Dog/6342.jpg,Dog,1,360,270
PetImages/Dog/6343.jpg,Dog,1,152,227
PetImages/Dog/6344.jpg,Dog,1,500,478
PetImages/Dog/6345.jpg,Dog,1,500,336
PetImages/Dog/6346.jpg,Dog,1,500,339
PetImages/Dog/6347.jpg,Dog,1,500,375
PetImages/Dog/6348.jpg,Dog,1,375,500
PetImages/Dog/6349.jpg,Dog,1,480,488
PetImages/Dog/635.jpg,Dog,1,392,293
PetImages/Dog/6350.jpg,Dog,1,500,375
PetImages/Dog/6351.jpg,Dog,1,400,301
PetImages/Dog/6352.jpg,Dog,1,408,500
PetImages/Dog/6353.jpg,Dog,1,500,374
PetImages/Dog/6354.jpg,Dog,1,300,279
PetImages/Dog/6355.jpg,Dog,1,500,375
PetImages/Dog/6356.jpg,Dog,1,345,336
PetImages/Dog/6357.jpg,Dog,1,495,371
PetImages/Dog/6358.jpg,Dog,1,480,360
PetImages/Dog/6359.jpg,Dog,1,321,273
PetImages/Dog/636.jpg,Dog,1,474,388
PetImages/Dog/6360.jpg,Dog,1,500,332
PetImages/Dog/6363.jpg,Dog,1,325,500
PetImages/Dog/6366.jpg,Dog,1,355,400
PetImages/Dog/6367.jpg,Dog,1,317,500
PetImages/Dog/6368.jpg,Dog,1,500,380
PetImages/Dog/6369.jpg,Dog,1,500,333
PetImages/Dog/6371.jpg,Dog,1,200,200
PetImages/Dog/6372.jpg,Dog,1,449,500
PetImages/Dog/6374.jpg,Dog,1,342,416
PetImages/Dog/6375.jpg,Dog,1,375,500
PetImages/Dog/6379.jpg,Dog,1,265,269
PetImages/Dog/638.jpg,Dog,1,500,375
PetImages/Dog/6380.jpg,Dog,1,500,375
PetImages/Dog/6381.jpg,Dog,1,350,349
PetImages/Dog/6384.jpg,Dog,1,500,333
PetImages/Dog/6386.jpg,Dog,1,124,150
PetImages/Dog/6389.jpg,Dog,1,500,357
PetImages/Dog/639.jpg,Dog,1,180,172
PetImages/Dog/6390.jpg,Dog,1,350,481
PetImages/Dog/6391.jpg,Dog,1,464,500
PetImages/Dog/6392.jpg,Dog,1,350,259
PetImages/Dog/6393.jpg,Dog,1,500,253
PetImages/Dog/6394.jpg,Dog,1,400,300
PetImages/Dog/6395.jpg,Dog,1,370,278
PetImages/Dog/6398.jpg,Dog,1,350,241
PetImages/Dog/6399.jpg,Dog,1,320,326
PetImages/Dog/64.jpg,Dog,1,420,500
PetImages/Dog/6401.jpg,Dog,1,482,500
PetImages/Dog/6404.jpg,Dog,1,350,466
PetImages/Dog/6405.jpg,Dog,1,375,300
PetImages/Dog/6408.jpg,Dog,1,375,500
PetImages/Dog/6409.jpg,Dog,1,500,375
PetImages/Dog/641.jpg,Dog,1,396,463
PetImages/Dog/6410.jpg,Dog,1,378,313
PetImages/Dog/6411.jpg,Dog,1,257,253
PetImages/Dog/6414.jpg,Dog,1,500,400
PetImages/Dog/6416.jpg,Dog,1,383,500
PetImages/Dog/6418.jpg,Dog,1,422,453
PetImages/Dog/6419.jpg,Dog,1,180,240
PetImages/Dog/642.jpg,Dog,1,500,265
PetImages/Dog/6420.jpg,Dog,1,308,188
PetImages/Dog/6422.jpg,Dog,1,350,365
PetImages/Dog/6423.jpg,Dog,1,500,333
PetImages/Dog/6424.jpg,Dog,1,500,365
PetImages/Dog/6426.jpg,Dog,1,400,400
PetImages/Dog/6428.jpg,Dog,1,500,375
PetImages/Dog/6429.jpg,Dog,1,480,320
PetImages/Dog/6431.jpg,Dog,1,320,240
PetImages/Dog/6432.jpg,Dog,1,410,500
PetImages/Dog/6433.jpg,Dog,1,500,375
PetImages/Dog/6434.jpg,Dog,1,500,228
PetImages/Dog/6436.jpg,Dog,1,500,375
PetImages/Dog/6437.jpg,Dog,1,350,438
PetImages/Dog/6438.jpg,Dog,1,500,375
PetImages/Dog/6439.jpg,Dog,1,400,404
PetImages/Dog/644.jpg,Dog,1,500,375
PetImages/Dog/6440.jpg,Dog,1,500,375
PetImages/Dog/6441.jpg,Dog,1,250,257
PetImages/Dog/6443.jpg,Dog,1,500,375
PetImages/Dog/6444.jpg,Dog,1,500,375
PetImages/Dog/6445.jpg,Dog,1,500,375
PetImages/Dog/6447.jpg,Dog,1,350,466
PetImages/Dog/6448.jpg,Dog,1,500,368
PetImages/Dog/6449.jpg,Dog,1,333,500
PetImages/Dog/645.jpg,Dog,1,500,375
PetImages/Dog/6451.jpg,Dog,1,500,375
PetImages/Dog/6452.jpg,Dog,1,500,300
PetImages/Dog/6455.jpg,Dog,1,400,449
PetImages/Dog/6456.jpg,Dog,1,463,500
PetImages/Dog/6457.jpg,Dog,1,500,375
PetImages/Dog/6458.jpg,Dog,1,260,196
PetImages/Dog/6460.jpg,Dog,1,498,500
PetImages/Dog/6462.jpg,Dog,1,350,267
PetImages/Dog/6465.jpg,Dog,1,500,333
PetImages/Dog/6468.jpg,Dog,1,356,500
PetImages/Dog/647.jpg,Dog,1,500,333
PetImages/Dog/6470.jpg,Dog,1,500,375
PetImages/Dog/6471.jpg,Dog,1,400,400
PetImages/Dog/6472.jpg,Dog,1,500,383
PetImages/Dog/6473.jpg,Dog,1,100,91
PetImages/Dog/6474.jpg,Dog,1,332,416
PetImages/Dog/6475.jpg,Dog,1,258,145
PetImages/Dog/6476.jpg,Dog,1,329,500
PetImages/Dog/6479.jpg,Dog,1,350,276
PetImages/Dog/6480.jpg,Dog,1,200,150
PetImages/Dog/6483.jpg,Dog,1,500,375
PetImages/Dog/6485.jpg,Dog,1,500,375
PetImages/Dog/6486.jpg,Dog,1,372,349
PetImages/Dog/6488.jpg,Dog,1,500,446
PetImages/Dog/6489.jpg,Dog,1,500,351
PetImages/Dog/649.jpg,Dog,1,400,442
PetImages/Dog/6490.jpg,Dog,1,320,272
PetImages/Dog/6492.jpg,Dog,1,333,500
PetImages/Dog/6496.jpg,Dog,1,350,239
PetImages/Dog/6498.jpg,Dog,1,484,500
PetImages/Dog/6499.jpg,Dog,1,500,333
PetImages/Dog/650.jpg,Dog,1,160,121
PetImages/Dog/6500.jpg,Dog,1,480,321
PetImages/Dog/6501.jpg,Dog,1,456,389
PetImages/Dog/6502.jpg,Dog,1,500,375
PetImages/Dog/6503.jpg,Dog,1,192,251
PetImages/Dog/6504.jpg,Dog,1,100,104
PetImages/Dog/6506.jpg,Dog,1,500,422
PetImages/Dog/6507.jpg,Dog,1,250,188
PetImages/Dog/6508.jpg,Dog,1,235,246
PetImages/Dog/6509.jpg,Dog,1,154,122
PetImages/Dog/651.jpg,Dog,1,500,375
PetImages/Dog/6510.jpg,Dog,1,500,375
PetImages/Dog/6511.jpg,Dog,1,439,323
PetImages/Dog/6512.jpg,Dog,1,125,124
PetImages/Dog/6514.jpg,Dog,1,500,375
PetImages/Dog/6515.jpg,Dog,1,500,285
PetImages/Dog/6516.jpg,Dog,1,500,439
PetImages/Dog/6519.jpg,Dog,1,500,375
PetImages/Dog/652.jpg,Dog,1,500,357
PetImages/Dog/6520.jpg,Dog,1,350,262
PetImages/Dog/6521.jpg,Dog,1,357,425
PetImages/Dog/6522.jpg,Dog,1,480,360
PetImages/Dog/6524.jpg,Dog,1,238,300
PetImages/Dog/6525.jpg,Dog,1,319,500
PetImages/Dog/6526.jpg,Dog,1,300,389
PetImages/Dog/6528.jpg,Dog,1,500,375
PetImages/Dog/653.jpg,Dog,1,474,461
PetImages/Dog/6531.jpg,Dog,1,305,323
PetImages/Dog/6532.jpg,Dog,1,360,240
PetImages/Dog/6533.jpg,Dog,1,307,252
PetImages/Dog/6534.jpg,Dog,1,500,327
PetImages/Dog/6535.jpg,Dog,1,200,258
PetImages/Dog/6536.jpg,Dog,1,262,210
PetImages/Dog/6538.jpg,Dog,1,225,300
PetImages/Dog/6539.jpg,Dog,1,407,500
PetImages/Dog/654.jpg,Dog,1,500,375
PetImages/Dog/6541.jpg,Dog,1,500,333
PetImages/Dog/6543.jpg,Dog,1,310,400
PetImages/Dog/6544.jpg,Dog,1,307,358
PetImages/Dog/6545.jpg,Dog,1,264,400
PetImages/Dog/6546.jpg,Dog,1,500,434
PetImages/Dog/6547.jpg,Dog,1,304,500
PetImages/Dog/6548.jpg,Dog,1,329,442
PetImages/Dog/6549.jpg,Dog,1,300,299
PetImages/Dog/655.jpg,Dog,1,363,280
PetImages/Dog/6550.jpg,Dog,1,320,240
PetImages/Dog/6551.jpg,Dog,1,500,337
PetImages/Dog/6552.jpg,Dog,1,500,301
PetImages/Dog/6553.jpg,Dog,1,500,375
PetImages/Dog/6555.jpg,Dog,1,343,365
PetImages/Dog/6556.jpg,Dog,1,407,310
PetImages/Dog/6557.jpg,Dog,1,500,375
PetImages/Dog/6559.jpg,Dog,1,443,500
PetImages/Dog/656.jpg,Dog,1,500,375
PetImages/Dog/6560.jpg,Dog,1,375,500
PetImages/Dog/6561.jpg,Dog,1,360,240
PetImages/Dog/6562.jpg,Dog,1,240,175
PetImages/Dog/6563.jpg,Dog,1,500,375
PetImages/Dog/6564.jpg,Dog,1,500,447
PetImages/Dog/6565.jpg,Dog,1,500,334
PetImages/Dog/6566.jpg,Dog,1,240,180
PetImages/Dog/6567.jpg,Dog,1,500,332
PetImages/Dog/6568.jpg,Dog,1,500,377
PetImages/Dog/6569.jpg,Dog,1,500,334
PetImages/Dog/657.jpg,Dog,1,441,500
PetImages/Dog/6573.jpg,Dog,1,500,375
PetImages/Dog/6575.jpg,Dog,1,413,500
PetImages/Dog/6576.jpg,Dog,1,500,375
PetImages/Dog/6579.jpg,Dog,1,400,300
PetImages/Dog/6580.jpg,Dog,1,410,500
PetImages/Dog/6581.jpg,Dog,1,239,500
PetImages/Dog/6582.jpg,Dog,1,484,500
PetImages/Dog/6584.jpg,Dog,1,500,375
PetImages/Dog/6585.jpg,Dog,1,500,375
PetImages/Dog/6586.jpg,Dog,1,500,375
PetImages/Dog/6587.jpg,Dog,1,500,375
PetImages/Dog/6588.jpg,Dog,1,341,500
PetImages/Dog/6589.jpg,Dog,1,430,494
PetImages/Dog/6591.jpg,Dog,1,374,500
PetImages/Dog/6592.jpg,Dog,1,500,375
PetImages/Dog/6593.jpg,Dog,1,500,463
PetImages/Dog/6594.jpg,Dog,1,496,354
PetImages/Dog/6595.jpg,Dog,1,500,375
PetImages/Dog/6599.jpg,Dog,1,367,319
PetImages/Dog/660.jpg,Dog,1,263,269
PetImages/Dog/6601.jpg,Dog,1,500,375
PetImages/Dog/6602.jpg,Dog,1,278,448
PetImages/Dog/6604.jpg,Dog,1,333,264
PetImages/Dog/6605.jpg,Dog,1,332,500
PetImages/Dog/6606.jpg,Dog,1,441,296
PetImages/Dog/6607.jpg,Dog,1,389,500
PetImages/Dog/6608.jpg,Dog,1,350,402
PetImages/Dog/6609.jpg,Dog,1,280,500
PetImages/Dog/661.jpg,Dog,1,240,180
PetImages/Dog/6612.jpg,Dog,1,238,288
PetImages/Dog/6613.jpg,Dog,1,500,332
PetImages/Dog/6616.jpg,Dog,1,127,181
PetImages/Dog/6617.jpg,Dog,1,500,375
PetImages/Dog/6618.jpg,Dog,1,350,319
PetImages/Dog/6619.jpg,Dog,1,220,200
PetImages/Dog/662.jpg,Dog,1,500,485
PetImages/Dog/6620.jpg,Dog,1,300,351
PetImages/Dog/6621.jpg,Dog,1,471,500
PetImages/Dog/6622.jpg,Dog,1,300,376
PetImages/Dog/6623.jpg,Dog,1,500,334
PetImages/Dog/6627.jpg,Dog,1,500,375
PetImages/Dog/6628.jpg,Dog,1,225,300
PetImages/Dog/663.jpg,Dog,1,252,359
PetImages/Dog/6630.jpg,Dog,1,404,500
PetImages/Dog/6631.jpg,Dog,1,351,247
PetImages/Dog/6632.jpg,Dog,1,446,500
PetImages/Dog/6633.jpg,Dog,1,370,500
PetImages/Dog/6635.jpg,Dog,1,500,375
PetImages/Dog/6636.jpg,Dog,1,336,500
PetImages/Dog/6637.jpg,Dog,1,141,135
PetImages/Dog/6639.jpg,Dog,1,423,500
PetImages/Dog/664.jpg,Dog,1,370,278
PetImages/Dog/6640.jpg,Dog,1,200,179
PetImages/Dog/6641.jpg,Dog,1,500,375
PetImages/Dog/6642.jpg,Dog,1,500,383
PetImages/Dog/6643.jpg,Dog,1,150,150
PetImages/Dog/6646.jpg,Dog,1,500,375
PetImages/Dog/6649.jpg,Dog,1,480,419
PetImages/Dog/665.jpg,Dog,1,406,332
PetImages/Dog/6650.jpg,Dog,1,101,150
PetImages/Dog/6651.jpg,Dog,1,375,500
PetImages/Dog/6654.jpg,Dog,1,320,240
PetImages/Dog/6655.jpg,Dog,1,200,300
PetImages/Dog/6657.jpg,Dog,1,435,500
PetImages/Dog/6658.jpg,Dog,1,500,375
PetImages/Dog/6659.jpg,Dog,1,398,398
PetImages/Dog/666.jpg,Dog,1,500,375
PetImages/Dog/6660.jpg,Dog,1,375,500
PetImages/Dog/6661.jpg,Dog,1,320,240
PetImages/Dog/6662.jpg,Dog,1,500,488
PetImages/Dog/6664.jpg,Dog,1,150,112
PetImages/Dog/6665.jpg,Dog,1,500,375
PetImages/Dog/6666.jpg,Dog,1,240,320
PetImages/Dog/6668.jpg,Dog,1,500,375
PetImages/Dog/6669.jpg,Dog,1,500,375
PetImages/Dog/667.jpg,Dog,1,422,500
PetImages/Dog/6670.jpg,Dog,1,500,374
PetImages/Dog/6671.jpg,Dog,1,500,375
PetImages/Dog/6673.jpg,Dog,1,250,257
PetImages/Dog/6674.jpg,Dog,1,500,375
PetImages/Dog/6675.jpg,Dog,1,450,416
PetImages/Dog/6678.jpg,Dog,1,250,198
PetImages/Dog/668.jpg,Dog,1,500,375
PetImages/Dog/6682.jpg,Dog,1,471,500
PetImages/Dog/6683.jpg,Dog,1,500,375
PetImages/Dog/6684.jpg,Dog,1,239,382
PetImages/Dog/6685.jpg,Dog,1,154,102
PetImages/Dog/6686.jpg,Dog,1,474,500
PetImages/Dog/6687.jpg,Dog,1,500,382
PetImages/Dog/6688.jpg,Dog,1,500,376
PetImages/Dog/6689.jpg,Dog,1,500,375
PetImages/Dog/669.jpg,Dog,1,385,255
PetImages/Dog/6690.jpg,Dog,1,260,195
PetImages/Dog/6692.jpg,Dog,1,305,500
PetImages/Dog/6693.jpg,Dog,1,500,336
PetImages/Dog/6695.jpg,Dog,1,500,375
PetImages/Dog/6696.jpg,Dog,1,250,187
PetImages/Dog/6698.jpg,Dog,1,500,401
PetImages/Dog/6699.jpg,Dog,1,159,200
PetImages/Dog/670.jpg,Dog,1,332,500
PetImages/Dog/6700.jpg,Dog,1,345,346
PetImages/Dog/6701.jpg,Dog,1,405,304
PetImages/Dog/6702.jpg,Dog,1,382,480
PetImages/Dog/6704.jpg,Dog,1,279,322
PetImages/Dog/6705.jpg,Dog,1,363,500
PetImages/Dog/6706.jpg,Dog,1,418,500
PetImages/Dog/6707.jpg,Dog,1,245,327
PetImages/Dog/671.jpg,Dog,1,500,485
PetImages/Dog/6710.jpg,Dog,1,333,500
PetImages/Dog/6713.jpg,Dog,1,500,375
PetImages/Dog/6714.jpg,Dog,1,320,240
PetImages/Dog/6715.jpg,Dog,1,500,375
PetImages/Dog/6716.jpg,Dog,1,500,329
PetImages/Dog/6717.jpg,Dog,1,500,300
PetImages/Dog/6719.jpg,Dog,1,500,400
PetImages/Dog/6720.jpg,Dog,1,448,336
PetImages/Dog/6721.jpg,Dog,1,352,264
PetImages/Dog/6722.jpg,Dog,1,500,375
PetImages/Dog/6723.jpg,Dog,1,238,158
PetImages/Dog/6724.jpg,Dog,1,500,419
PetImages/Dog/6725.jpg,Dog,1,370,278
PetImages/Dog/6726.jpg,Dog,1,500,375
PetImages/Dog/6728.jpg,Dog,1,288,264
PetImages/Dog/6729.jpg,Dog,1,350,233
PetImages/Dog/673.jpg,Dog,1,500,375
PetImages/Dog/6730.jpg,Dog,1,500,375
PetImages/Dog/6731.jpg,Dog,1,396,297
PetImages/Dog/6735.jpg,Dog,1,480,359
PetImages/Dog/6736.jpg,Dog,1,367,500
PetImages/Dog/6738.jpg,Dog,1,171,184
PetImages/Dog/6739.jpg,Dog,1,500,338
PetImages/Dog/674.jpg,Dog,1,240,320
PetImages/Dog/6740.jpg,Dog,1,406,332
PetImages/Dog/6741.jpg,Dog,1,500,375
PetImages/Dog/6742.jpg,Dog,1,267,400
PetImages/Dog/6743.jpg,Dog,1,400,300
PetImages/Dog/6744.jpg,Dog,1,500,478
PetImages/Dog/6745.jpg,Dog,1,404,350
PetImages/Dog/6746.jpg,Dog,1,360,270
PetImages/Dog/6749.jpg,Dog,1,500,375
PetImages/Dog/675.jpg,Dog,1,320,320
PetImages/Dog/6750.jpg,Dog,1,500,462
PetImages/Dog/6751.jpg,Dog,1,500,375
PetImages/Dog/6754.jpg,Dog,1,500,375
PetImages/Dog/6755.jpg,Dog,1,119,125
PetImages/Dog/6756.jpg,Dog,1,486,271
PetImages/Dog/6757.jpg,Dog,1,273,500
PetImages/Dog/6758.jpg,Dog,1,500,375
PetImages/Dog/6759.jpg,Dog,1,350,435
PetImages/Dog/6760.jpg,Dog,1,500,500
PetImages/Dog/6761.jpg,Dog,1,304,450
PetImages/Dog/6763.jpg,Dog,1,500,491
PetImages/Dog/6764.jpg,Dog,1,380,500
PetImages/Dog/6765.jpg,Dog,1,280,248
PetImages/Dog/6767.jpg,Dog,1,500,411
PetImages/Dog/6768.jpg,Dog,1,500,375
PetImages/Dog/6769.jpg,Dog,1,480,360
PetImages/Dog/677.jpg,Dog,1,500,333
PetImages/Dog/6770.jpg,Dog,1,500,398
PetImages/Dog/6771.jpg,Dog,1,500,334
PetImages/Dog/6773.jpg,Dog,1,500,446
PetImages/Dog/6774.jpg,Dog,1,213,250
PetImages/Dog/6775.jpg,Dog,1,500,375
PetImages/Dog/6776.jpg,Dog,1,500,375
PetImages/Dog/6777.jpg,Dog,1,500,375
PetImages/Dog/6778.jpg,Dog,1,500,375
PetImages/Dog/6779.jpg,Dog,1,299,500
PetImages/Dog/678.jpg,Dog,1,500,375
PetImages/Dog/6780.jpg,Dog,1,400,300
PetImages/Dog/6782.jpg,Dog,1,171,200
PetImages/Dog/6783.jpg,Dog,1,500,375
PetImages/Dog/6785.jpg,Dog,1,500,375
PetImages/Dog/6786.jpg,Dog,1,500,371
PetImages/Dog/6788.jpg,Dog,1,500,375
PetImages/Dog/6789.jpg,Dog,1,460,500
PetImages/Dog/679.jpg,Dog,1,468,312
PetImages/Dog/6790.jpg,Dog,1,400,300
PetImages/Dog/6791.jpg,Dog,1,500,489
PetImages/Dog/6792.jpg,Dog,1,500,374
PetImages/Dog/6793.jpg,Dog,1,500,349
PetImages/Dog/6795.jpg,Dog,1,500,375
PetImages/Dog/6797.jpg,Dog,1,500,412
PetImages/Dog/6799.jpg,Dog,1,500,375
PetImages/Dog/680.jpg,Dog,1,320,213
PetImages/Dog/6800.jpg,Dog,1,375,500
PetImages/Dog/6802.jpg,Dog,1,457,358
PetImages/Dog/6803.jpg,Dog,1,247,256
PetImages/Dog/6804.jpg,Dog,1,278,500
PetImages/Dog/6805.jpg,Dog,1,448,334
PetImages/Dog/6806.jpg,Dog,1,500,395
PetImages/Dog/6808.jpg,Dog,1,342,381
PetImages/Dog/6812.jpg,Dog,1,500,375
PetImages/Dog/6813.jpg,Dog,1,243,258
PetImages/Dog/6814.jpg,Dog,1,500,475
PetImages/Dog/6815.jpg,Dog,1,500,333
PetImages/Dog/6817.jpg,Dog,1,500,375
PetImages/Dog/6818.jpg,Dog,1,500,375
PetImages/Dog/6819.jpg,Dog,1,371,500
PetImages/Dog/682.jpg,Dog,1,500,375
PetImages/Dog/6820.jpg,Dog,1,180,135
PetImages/Dog/6821.jpg,Dog,1,180,199
PetImages/Dog/6822.jpg,Dog,1,336,363
PetImages/Dog/6823.jpg,Dog,1,375,500
PetImages/Dog/6824.jpg,Dog,1,340,500
PetImages/Dog/6825.jpg,Dog,1,300,225
PetImages/Dog/6826.jpg,Dog,1,448,400
PetImages/Dog/6827.jpg,Dog,1,308,462
PetImages/Dog/6828.jpg,Dog,1,344,500
PetImages/Dog/6829.jpg,Dog,1,500,334
PetImages/Dog/683.jpg,Dog,1,250,419
PetImages/Dog/6830.jpg,Dog,1,316,327
PetImages/Dog/6832.jpg,Dog,1,500,375
PetImages/Dog/6834.jpg,Dog,1,450,378
PetImages/Dog/6835.jpg,Dog,1,500,375
PetImages/Dog/6837.jpg,Dog,1,288,216
PetImages/Dog/6838.jpg,Dog,1,500,329
PetImages/Dog/6839.jpg,Dog,1,500,375
PetImages/Dog/6840.jpg,Dog,1,400,378
PetImages/Dog/6841.jpg,Dog,1,500,375
PetImages/Dog/6842.jpg,Dog,1,400,438
PetImages/Dog/6843.jpg,Dog,1,410,500
PetImages/Dog/6845.jpg,Dog,1,144,103
PetImages/Dog/6846.jpg,Dog,1,324,480
PetImages/Dog/6847.jpg,Dog,1,480,366
PetImages/Dog/6848.jpg,Dog,1,500,375
PetImages/Dog/6849.jpg,Dog,1,307,350
PetImages/Dog/685.jpg,Dog,1,500,375
PetImages/Dog/6850.jpg,Dog,1,227,193
PetImages/Dog/6851.jpg,Dog,1,500,377
PetImages/Dog/6853.jpg,Dog,1,500,375
PetImages/Dog/6854.jpg,Dog,1,500,375
PetImages/Dog/6855.jpg,Dog,1,176,144
PetImages/Dog/6856.jpg,Dog,1,500,375
PetImages/Dog/6858.jpg,Dog,1,142,128
PetImages/Dog/6859.jpg,Dog,1,360,239
PetImages/Dog/686.jpg,Dog,1,500,500
PetImages/Dog/6861.jpg,Dog,1,488,500
PetImages/Dog/6862.jpg,Dog,1,200,200
PetImages/Dog/6863.jpg,Dog,1,500,375
PetImages/Dog/6865.jpg,Dog,1,300,225
PetImages/Dog/6866.jpg,Dog,1,401,393
PetImages/Dog/6867.jpg,Dog,1,448,336
PetImages/Dog/6868.jpg,Dog,1,208,280
PetImages/Dog/6869.jpg,Dog,1,357,336
PetImages/Dog/687.jpg,Dog,1,307,409
PetImages/Dog/6870.jpg,Dog,1,500,474
PetImages/Dog/6871.jpg,Dog,1,500,365
PetImages/Dog/6872.jpg,Dog,1,129,200
PetImages/Dog/6873.jpg,Dog,1,500,375
PetImages/Dog/6874.jpg,Dog,1,500,375
PetImages/Dog/6875.jpg,Dog,1,500,333
PetImages/Dog/6876.jpg,Dog,1,500,375
PetImages/Dog/6877.jpg,Dog,1,359,500
PetImages/Dog/6878.jpg,Dog,1,200,150
PetImages/Dog/6879.jpg,Dog,1,500,333
PetImages/Dog/688.jpg,Dog,1,241,166
PetImages/Dog/6882.jpg,Dog,1,456,317
PetImages/Dog/6884.jpg,Dog,1,500,375
PetImages/Dog/6885.jpg,Dog,1,500,325
PetImages/Dog/6886.jpg,Dog,1,500,375
PetImages/Dog/6887.jpg,Dog,1,500,375
PetImages/Dog/6888.jpg,Dog,1,150,200
PetImages/Dog/6890.jpg,Dog,1,486,392
PetImages/Dog/6892.jpg,Dog,1,350,326
PetImages/Dog/6893.jpg,Dog,1,480,428
PetImages/Dog/6894.jpg,Dog,1,500,375
PetImages/Dog/6895.jpg,Dog,1,283,299
PetImages/Dog/6898.jpg,Dog,1,387,500
PetImages/Dog/6899.jpg,Dog,1,350,262
PetImages/Dog/69.jpg,Dog,1,128,96
PetImages/Dog/6900.jpg,Dog,1,279,500
PetImages/Dog/6903.jpg,Dog,1,288,325
PetImages/Dog/6904.jpg,Dog,1,352,288
PetImages/Dog/6905.jpg,Dog,1,500,375
PetImages/Dog/6906.jpg,Dog,1,500,340
PetImages/Dog/6907.jpg,Dog,1,500,375
PetImages/Dog/6909.jpg,Dog,1,181,144
PetImages/Dog/6910.jpg,Dog,1,357,500
PetImages/Dog/6911.jpg,Dog,1,500,375
PetImages/Dog/6912.jpg,Dog,1,500,435
PetImages/Dog/6913.jpg,Dog,1,500,375
PetImages/Dog/6914.jpg,Dog,1,291,448
PetImages/Dog/6915.jpg,Dog,1,500,401
PetImages/Dog/6916.jpg,Dog,1,500,333
PetImages/Dog/6917.jpg,Dog,1,241,260
PetImages/Dog/6918.jpg,Dog,1,500,375
PetImages/Dog/6919.jpg,Dog,1,141,213
PetImages/Dog/692.jpg,Dog,1,320,240
PetImages/Dog/6920.jpg,Dog,1,500,375
PetImages/Dog/6921.jpg,Dog,1,323,312
PetImages/Dog/6923.jpg,Dog,1,300,288
PetImages/Dog/6924.jpg,Dog,1,500,375
PetImages/Dog/6925.jpg,Dog,1,500,403
PetImages/Dog/6926.jpg,Dog,1,462,500
PetImages/Dog/6928.jpg,Dog,1,500,257
PetImages/Dog/6929.jpg,Dog,1,480,359
PetImages/Dog/6930.jpg,Dog,1,225,197
PetImages/Dog/6931.jpg,Dog,1,500,450
PetImages/Dog/6932.jpg,Dog,1,500,375
PetImages/Dog/6933.jpg,Dog,1,480,360
PetImages/Dog/6934.jpg,Dog,1,500,375
PetImages/Dog/6935.jpg,Dog,1,264,271
PetImages/Dog/6936.jpg,Dog,1,375,500
PetImages/Dog/6937.jpg,Dog,1,500,375
PetImages/Dog/6939.jpg,Dog,1,274,287
PetImages/Dog/694.jpg,Dog,1,500,433
PetImages/Dog/6941.jpg,Dog,1,320,248
PetImages/Dog/6942.jpg,Dog,1,500,375
PetImages/Dog/6943.jpg,Dog,1,194,170
PetImages/Dog/6945.jpg,Dog,1,486,500
PetImages/Dog/6947.jpg,Dog,1,499,347
PetImages/Dog/6948.jpg,Dog,1,500,375
PetImages/Dog/6949.jpg,Dog,1,484,390
PetImages/Dog/695.jpg,Dog,1,500,335
PetImages/Dog/6950.jpg,Dog,1,500,375
PetImages/Dog/6951.jpg,Dog,1,500,375
PetImages/Dog/6952.jpg,Dog,1,500,364
PetImages/Dog/6953.jpg,Dog,1,500,375
PetImages/Dog/6956.jpg,Dog,1,320,400
PetImages/Dog/6959.jpg,Dog,1,500,375
PetImages/Dog/696.jpg,Dog,1,430,480
PetImages/Dog/6960.jpg,Dog,1,500,500
PetImages/Dog/6962.jpg,Dog,1,200,181
PetImages/Dog/6963.jpg,Dog,1,500,375
PetImages/Dog/6964.jpg,Dog,1,269,219
PetImages/Dog/6965.jpg,Dog,1,400,300
PetImages/Dog/6967.jpg,Dog,1,500,375
PetImages/Dog/6968.jpg,Dog,1,420,500
PetImages/Dog/6969.jpg,Dog,1,354,500
PetImages/Dog/697.jpg,Dog,1,370,500
PetImages/Dog/6970.jpg,Dog,1,345,457
PetImages/Dog/6971.jpg,Dog,1,249,288
PetImages/Dog/6974.jpg,Dog,1,500,334
PetImages/Dog/6975.jpg,Dog,1,390,500
PetImages/Dog/6977.jpg,Dog,1,500,475
PetImages/Dog/6978.jpg,Dog,1,371,500
PetImages/Dog/6981.jpg,Dog,1,500,375
PetImages/Dog/6983.jpg,Dog,1,350,500
PetImages/Dog/6984.jpg,Dog,1,500,437
PetImages/Dog/6986.jpg,Dog,1,396,500
PetImages/Dog/6989.jpg,Dog,1,500,375
PetImages/Dog/699.jpg,Dog,1,500,380
PetImages/Dog/6990.jpg,Dog,1,200,158
PetImages/Dog/6992.jpg,Dog,1,421,397
PetImages/Dog/6993.jpg,Dog,1,500,375
PetImages/Dog/6994.jpg,Dog,1,500,375
PetImages/Dog/6996.jpg,Dog,1,334,500
PetImages/Dog/6997.jpg,Dog,1,285,500
PetImages/Dog/6998.jpg,Dog,1,300,200
PetImages/Dog/6999.jpg,Dog,1,500,375
PetImages/Dog/7.jpg,Dog,1,300,264
PetImages/Dog/70.jpg,Dog,1,300,294
PetImages/Dog/7000.jpg,Dog,1,323,294
PetImages/Dog/7001.jpg,Dog,1,437,500
PetImages/Dog/7003.jpg,Dog,1,500,409
PetImages/Dog/7004.jpg,Dog,1,405,500
PetImages/Dog/7006.jpg,Dog,1,400,301
PetImages/Dog/7007.jpg,Dog,1,445,360
PetImages/Dog/7009.jpg,Dog,1,336,392
PetImages/Dog/701.jpg,Dog,1,350,437
PetImages/Dog/7010.jpg,Dog,1,500,495
PetImages/Dog/7011.jpg,Dog,1,67,50
PetImages/Dog/7015.jpg,Dog,1,264,289
PetImages/Dog/7018.jpg,Dog,1,500,366
PetImages/Dog/7021.jpg,Dog,1,400,300
PetImages/Dog/7023.jpg,Dog,1,437,500
PetImages/Dog/7026.jpg,Dog,1,500,375
PetImages/Dog/7027.jpg,Dog,1,500,350
PetImages/Dog/7028.jpg,Dog,1,500,375
PetImages/Dog/7030.jpg,Dog,1,500,375
PetImages/Dog/7031.jpg,Dog,1,464,500
PetImages/Dog/7032.jpg,Dog,1,385,500
PetImages/Dog/7034.jpg,Dog,1,480,391
PetImages/Dog/7035.jpg,Dog,1,500,375
PetImages/Dog/7037.jpg,Dog,1,490,401
PetImages/Dog/7038.jpg,Dog,1,500,375
PetImages/Dog/7039.jpg,Dog,1,380,228
PetImages/Dog/7040.jpg,Dog,1,500,375
PetImages/Dog/7042.jpg,Dog,1,140,129
PetImages/Dog/7043.jpg,Dog,1,500,332
PetImages/Dog/7044.jpg,Dog,1,485,500
PetImages/Dog/7045.jpg,Dog,1,500,374
PetImages/Dog/7046.jpg,Dog,1,275,374
PetImages/Dog/7047.jpg,Dog,1,500,375
PetImages/Dog/7048.jpg,Dog,1,500,357
PetImages/Dog/7049.jpg,Dog,1,500,363
PetImages/Dog/705.jpg,Dog,1,363,306
PetImages/Dog/7050.jpg,Dog,1,384,458
PetImages/Dog/7051.jpg,Dog,1,500,375
PetImages/Dog/7053.jpg,Dog,1,473,407
PetImages/Dog/7055.jpg,Dog,1,411,500
PetImages/Dog/7056.jpg,Dog,1,323,386
PetImages/Dog/7057.jpg,Dog,1,150,143
PetImages/Dog/7058.jpg,Dog,1,350,262
PetImages/Dog/706.jpg,Dog,1,395,304
PetImages/Dog/7065.jpg,Dog,1,500,375
PetImages/Dog/7066.jpg,Dog,1,500,405
PetImages/Dog/7068.jpg,Dog,1,500,333
PetImages/Dog/707.jpg,Dog,1,500,332
PetImages/Dog/7071.jpg,Dog,1,261,320
PetImages/Dog/7072.jpg,Dog,1,500,375
PetImages/Dog/7074.jpg,Dog,1,350,298
PetImages/Dog/7075.jpg,Dog,1,500,391
PetImages/Dog/7076.jpg,Dog,1,386,500
PetImages/Dog/7077.jpg,Dog,1,184,98
PetImages/Dog/7078.jpg,Dog,1,500,374
PetImages/Dog/708.jpg,Dog,1,360,412
PetImages/Dog/7081.jpg,Dog,1,500,374
PetImages/Dog/7082.jpg,Dog,1,500,375
PetImages/Dog/7083.jpg,Dog,1,193,272
PetImages/Dog/7084.jpg,Dog,1,500,375
PetImages/Dog/7088.jpg,Dog,1,500,375
PetImages/Dog/7090.jpg,Dog,1,362,400
PetImages/Dog/7091.jpg,Dog,1,300,225
PetImages/Dog/7092.jpg,Dog,1,400,386
PetImages/Dog/7093.jpg,Dog,1,500,375
PetImages/Dog/7094.jpg,Dog,1,365,500
PetImages/Dog/7095.jpg,Dog,1,484,500
PetImages/Dog/7097.jpg,Dog,1,478,500
PetImages/Dog/7099.jpg,Dog,1,500,375
PetImages/Dog/71.jpg,Dog,1,500,375
PetImages/Dog/710.jpg,Dog,1,500,431
PetImages/Dog/7100.jpg,Dog,1,336,448
PetImages/Dog/7101.jpg,Dog,1,500,459
PetImages/Dog/7102.jpg,Dog,1,500,375
PetImages/Dog/7105.jpg,Dog,1,200,198
PetImages/Dog/7106.jpg,Dog,1,500,375
PetImages/Dog/7107.jpg,Dog,1,422,439
PetImages/Dog/7108.jpg,Dog,1,197,263
PetImages/Dog/7109.jpg,Dog,1,500,398
PetImages/Dog/711.jpg,Dog,1,455,444
PetImages/Dog/7110.jpg,Dog,1,500,375
PetImages/Dog/7112.jpg,Dog,1,320,250
PetImages/Dog/7114.jpg,Dog,1,500,500
PetImages/Dog/7115.jpg,Dog,1,381,287
PetImages/Dog/7117.jpg,Dog,1,500,375
PetImages/Dog/7118.jpg,Dog,1,299,250
PetImages/Dog/712.jpg,Dog,1,169,153
PetImages/Dog/7120.jpg,Dog,1,422,500
PetImages/Dog/7121.jpg,Dog,1,169,200
PetImages/Dog/7122.jpg,Dog,1,288,336
PetImages/Dog/7125.jpg,Dog,1,500,332
PetImages/Dog/713.jpg,Dog,1,375,500
PetImages/Dog/7131.jpg,Dog,1,310,394
PetImages/Dog/7132.jpg,Dog,1,500,367
PetImages/Dog/7133.jpg,Dog,1,259,244
PetImages/Dog/7136.jpg,Dog,1,500,374
PetImages/Dog/7137.jpg,Dog,1,320,480
PetImages/Dog/7138.jpg,Dog,1,304,262
PetImages/Dog/7139.jpg,Dog,1,500,375
PetImages/Dog/7141.jpg,Dog,1,418,450
PetImages/Dog/7146.jpg,Dog,1,306,219
PetImages/Dog/7147.jpg,Dog,1,320,240
PetImages/Dog/7148.jpg,Dog,1,323,500
PetImages/Dog/7149.jpg,Dog,1,500,393
PetImages/Dog/7150.jpg,Dog,1,240,320
PetImages/Dog/7151.jpg,Dog,1,350,393
PetImages/Dog/7152.jpg,Dog,1,500,375
PetImages/Dog/7153.jpg,Dog,1,498,500
PetImages/Dog/7154.jpg,Dog,1,500,375
PetImages/Dog/7155.jpg,Dog,1,390,500
PetImages/Dog/7156.jpg,Dog,1,417,500
PetImages/Dog/7157.jpg,Dog,1,500,375
PetImages/Dog/7158.jpg,Dog,1,424,356
PetImages/Dog/716.jpg,Dog,1,336,448
PetImages/Dog/7160.jpg,Dog,1,400,500
PetImages/Dog/7161.jpg,Dog,1,500,335
PetImages/Dog/7163.jpg,Dog,1,398,312
PetImages/Dog/7166.jpg,Dog,1,320,240
PetImages/Dog/7168.jpg,Dog,1,342,275
PetImages/Dog/7169.jpg,Dog,1,500,416
PetImages/Dog/7171.jpg,Dog,1,273,373
PetImages/Dog/7172.jpg,Dog,1,333,500
PetImages/Dog/7174.jpg,Dog,1,500,375
PetImages/Dog/7175.jpg,Dog,1,435,500
PetImages/Dog/7176.jpg,Dog,1,500,375
PetImages/Dog/7177.jpg,Dog,1,438,500
PetImages/Dog/7178.jpg,Dog,1,184,236
PetImages/Dog/7179.jpg,Dog,1,476,500
PetImages/Dog/718.jpg,Dog,1,500,375
PetImages/Dog/7181.jpg,Dog,1,333,500
PetImages/Dog/7182.jpg,Dog,1,241,500
PetImages/Dog/7183.jpg,Dog,1,344,461
PetImages/Dog/7184.jpg,Dog,1,500,375
PetImages/Dog/7185.jpg,Dog,1,500,348
PetImages/Dog/7187.jpg,Dog,1,176,198
PetImages/Dog/7188.jpg,Dog,1,300,200
PetImages/Dog/7189.jpg,Dog,1,500,414
PetImages/Dog/719.jpg,Dog,1,400,300
PetImages/Dog/7191.jpg,Dog,1,500,375
PetImages/Dog/7193.jpg,Dog,1,278,370
PetImages/Dog/7194.jpg,Dog,1,499,374
PetImages/Dog/7195.jpg,Dog,1,469,500
PetImages/Dog/7196.jpg,Dog,1,350,500
PetImages/Dog/7197.jpg,Dog,1,363,500
PetImages/Dog/7198.jpg,Dog,1,500,375
PetImages/Dog/7199.jpg,Dog,1,288,300
PetImages/Dog/72.jpg,Dog,1,500,375
PetImages/Dog/720.jpg,Dog,1,325,320
PetImages/Dog/7200.jpg,Dog,1,500,375
PetImages/Dog/7201.jpg,Dog,1,173,126
PetImages/Dog/7203.jpg,Dog,1,333,500
PetImages/Dog/7204.jpg,Dog,1,500,485
PetImages/Dog/7205.jpg,Dog,1,500,375
PetImages/Dog/7206.jpg,Dog,1,500,375
PetImages/Dog/7207.jpg,Dog,1,500,375
PetImages/Dog/7208.jpg,Dog,1,500,375
PetImages/Dog/721.jpg,Dog,1,233,225
PetImages/Dog/7210.jpg,Dog,1,500,375
PetImages/Dog/7212.jpg,Dog,1,500,480
PetImages/Dog/7213.jpg,Dog,1,500,370
PetImages/Dog/7215.jpg,Dog,1,399,500
PetImages/Dog/7216.jpg,Dog,1,500,375
PetImages/Dog/7217.jpg,Dog,1,500,375
PetImages/Dog/7218.jpg,Dog,1,500,375
PetImages/Dog/722.jpg,Dog,1,447,417
PetImages/Dog/7220.jpg,Dog,1,500,374
PetImages/Dog/7221.jpg,Dog,1,500,375
PetImages/Dog/7223.jpg,Dog,1,500,375
PetImages/Dog/7224.jpg,Dog,1,306,270
PetImages/Dog/7225.jpg,Dog,1,448,336
PetImages/Dog/7226.jpg,Dog,1,500,400
PetImages/Dog/7227.jpg,Dog,1,171,147
PetImages/Dog/7229.jpg,Dog,1,375,500
PetImages/Dog/7231.jpg,Dog,1,500,375
PetImages/Dog/7233.jpg,Dog,1,299,224
PetImages/Dog/7234.jpg,Dog,1,500,375
PetImages/Dog/7235.jpg,Dog,1,500,329
PetImages/Dog/7236.jpg,Dog,1,320,213
PetImages/Dog/7238.jpg,Dog,1,499,404
PetImages/Dog/724.jpg,Dog,1,401,500
PetImages/Dog/7240.jpg,Dog,1,327,273
PetImages/Dog/7243.jpg,Dog,1,106,140
PetImages/Dog/7244.jpg,Dog,1,500,398
PetImages/Dog/7246.jpg,Dog,1,360,480
PetImages/Dog/7247.jpg,Dog,1,300,348
PetImages/Dog/7249.jpg,Dog,1,243,250
PetImages/Dog/725.jpg,Dog,1,403,264
PetImages/Dog/7250.jpg,Dog,1,500,375
PetImages/Dog/7252.jpg,Dog,1,194,155
PetImages/Dog/7253.jpg,Dog,1,300,273
PetImages/Dog/7255.jpg,Dog,1,273,500
PetImages/Dog/7257.jpg,Dog,1,335,261
PetImages/Dog/7258.jpg,Dog,1,465,500
PetImages/Dog/7259.jpg,Dog,1,500,375
PetImages/Dog/726.jpg,Dog,1,500,375
PetImages/Dog/7262.jpg,Dog,1,500,375
PetImages/Dog/7263.jpg,Dog,1,200,311
PetImages/Dog/7265.jpg,Dog,1,500,375
PetImages/Dog/7267.jpg,Dog,1,259,270
PetImages/Dog/7268.jpg,Dog,1,500,374
PetImages/Dog/7269.jpg,Dog,1,320,240
PetImages/Dog/7271.jpg,Dog,1,363,500
PetImages/Dog/7272.jpg,Dog,1,340,260
PetImages/Dog/7275.jpg,Dog,1,238,303
PetImages/Dog/7276.jpg,Dog,1,500,393
PetImages/Dog/728.jpg,Dog,1,239,349
PetImages/Dog/7280.jpg,Dog,1,500,410
PetImages/Dog/7281.jpg,Dog,1,320,256
PetImages/Dog/7284.jpg,Dog,1,405,321
PetImages/Dog/7286.jpg,Dog,1,319,240
PetImages/Dog/7287.jpg,Dog,1,134,166
PetImages/Dog/7288.jpg,Dog,1,500,375
PetImages/Dog/7289.jpg,Dog,1,200,199
PetImages/Dog/729.jpg,Dog,1,500,375
PetImages/Dog/7290.jpg,Dog,1,350,452
PetImages/Dog/7291.jpg,Dog,1,500,375
PetImages/Dog/7293.jpg,Dog,1,499,374
PetImages/Dog/7296.jpg,Dog,1,500,375
PetImages/Dog/7297.jpg,Dog,1,498,500
PetImages/Dog/7298.jpg,Dog,1,500,375
PetImages/Dog/730.jpg,Dog,1,150,113
PetImages/Dog/7300.jpg,Dog,1,130,171
PetImages/Dog/7301.jpg,Dog,1,375,375
PetImages/Dog/7302.jpg,Dog,1,196,166
PetImages/Dog/7305.jpg,Dog,1,320,399
PetImages/Dog/7307.jpg,Dog,1,500,375
PetImages/Dog/7308.jpg,Dog,1,375,500
PetImages/Dog/731.jpg,Dog,1,500,403
PetImages/Dog/7310.jpg,Dog,1,400,400
PetImages/Dog/7312.jpg,Dog,1,258,462
PetImages/Dog/7313.jpg,Dog,1,333,390
PetImages/Dog/7314.jpg,Dog,1,500,375
PetImages/Dog/7315.jpg,Dog,1,500,375
PetImages/Dog/7316.jpg,Dog,1,350,233
PetImages/Dog/7317.jpg,Dog,1,375,500
PetImages/Dog/7318.jpg,Dog,1,313,355
PetImages/Dog/732.jpg,Dog,1,500,375
PetImages/Dog/7320.jpg,Dog,1,500,375
PetImages/Dog/7321.jpg,Dog,1,500,333
PetImages/Dog/7322.jpg,Dog,1,160,120
PetImages/Dog/7324.jpg,Dog,1,500,375
PetImages/Dog/7325.jpg,Dog,1,254,500
PetImages/Dog/7326.jpg,Dog,1,500,375
PetImages/Dog/7327.jpg,Dog,1,281,431
PetImages/Dog/7328.jpg,Dog,1,500,500
PetImages/Dog/7329.jpg,Dog,1,414,454
PetImages/Dog/733.jpg,Dog,1,500,375
PetImages/Dog/7330.jpg,Dog,1,500,375
PetImages/Dog/7331.jpg,Dog,1,463,437
PetImages/Dog/7333.jpg,Dog,1,238,318
PetImages/Dog/7334.jpg,Dog,1,430,500
PetImages/Dog/7335.jpg,Dog,1,400,443
PetImages/Dog/7336.jpg,Dog,1,500,455
PetImages/Dog/7337.jpg,Dog,1,375,500
PetImages/Dog/7338.jpg,Dog,1,500,375
PetImages/Dog/7339.jpg,Dog,1,500,375
PetImages/Dog/734.jpg,Dog,1,200,300
PetImages/Dog/7341.jpg,Dog,1,230,177
PetImages/Dog/7343.jpg,Dog,1,350,262
PetImages/Dog/7344.jpg,Dog,1,300,225
PetImages/Dog/7345.jpg,Dog,1,500,332
PetImages/Dog/7346.jpg,Dog,1,500,342
PetImages/Dog/7347.jpg,Dog,1,360,202
PetImages/Dog/7349.jpg,Dog,1,379,500
PetImages/Dog/735.jpg,Dog,1,375,500
PetImages/Dog/7350.jpg,Dog,1,237,314
PetImages/Dog/7351.jpg,Dog,1,500,496
PetImages/Dog/7353.jpg,Dog,1,500,375
PetImages/Dog/7354.jpg,Dog,1,500,429
PetImages/Dog/7356.jpg,Dog,1,200,178
PetImages/Dog/736.jpg,Dog,1,480,360
PetImages/Dog/7360.jpg,Dog,1,398,500
PetImages/Dog/7361.jpg,Dog,1,336,500
PetImages/Dog/7363.jpg,Dog,1,500,331
PetImages/Dog/7364.jpg,Dog,1,500,375
PetImages/Dog/7365.jpg,Dog,1,500,375
PetImages/Dog/7366.jpg,Dog,1,500,375
PetImages/Dog/7370.jpg,Dog,1,493,422
PetImages/Dog/7372.jpg,Dog,1,500,475
PetImages/Dog/7373.jpg,Dog,1,288,323
PetImages/Dog/7375.jpg,Dog,1,500,375
PetImages/Dog/7376.jpg,Dog,1,372,400
PetImages/Dog/7377.jpg,Dog,1,239,274
PetImages/Dog/7378.jpg,Dog,1,100,89
PetImages/Dog/7380.jpg,Dog,1,320,240
PetImages/Dog/7381.jpg,Dog,1,445,431
PetImages/Dog/7382.jpg,Dog,1,500,375
PetImages/Dog/7383.jpg,Dog,1,236,240
PetImages/Dog/7384.jpg,Dog,1,400,299
PetImages/Dog/7385.jpg,Dog,1,420,500
PetImages/Dog/7386.jpg,Dog,1,469,383
PetImages/Dog/7387.jpg,Dog,1,181,288
PetImages/Dog/7388.jpg,Dog,1,500,375
PetImages/Dog/7389.jpg,Dog,1,431,302
PetImages/Dog/739.jpg,Dog,1,222,300
PetImages/Dog/7390.jpg,Dog,1,200,200
PetImages/Dog/7391.jpg,Dog,1,500,375
PetImages/Dog/7392.jpg,Dog,1,500,360
PetImages/Dog/7394.jpg,Dog,1,319,224
PetImages/Dog/7396.jpg,Dog,1,500,375
PetImages/Dog/7398.jpg,Dog,1,500,500
PetImages/Dog/7399.jpg,Dog,1,500,375
PetImages/Dog/74.jpg,Dog,1,500,368
PetImages/Dog/740.jpg,Dog,1,295,295
PetImages/Dog/7400.jpg,Dog,1,161,337
PetImages/Dog/7403.jpg,Dog,1,469,400
PetImages/Dog/7404.jpg,Dog,1,423,418
PetImages/Dog/7405.jpg,Dog,1,240,320
PetImages/Dog/7406.jpg,Dog,1,330,248
PetImages/Dog/7407.jpg,Dog,1,373,500
PetImages/Dog/7408.jpg,Dog,1,480,360
PetImages/Dog/741.jpg,Dog,1,400,300
PetImages/Dog/7410.jpg,Dog,1,320,240
PetImages/Dog/7413.jpg,Dog,1,500,375
PetImages/Dog/7414.jpg,Dog,1,240,304
PetImages/Dog/7415.jpg,Dog,1,500,313
PetImages/Dog/7416.jpg,Dog,1,432,324
PetImages/Dog/7417.jpg,Dog,1,500,375
PetImages/Dog/7419.jpg,Dog,1,248,305
PetImages/Dog/742.jpg,Dog,1,430,500
PetImages/Dog/7424.jpg,Dog,1,500,375
PetImages/Dog/7426.jpg,Dog,1,500,396
PetImages/Dog/7427.jpg,Dog,1,500,446
PetImages/Dog/7429.jpg,Dog,1,400,500
PetImages/Dog/743.jpg,Dog,1,500,446
PetImages/Dog/7432.jpg,Dog,1,408,500
PetImages/Dog/7434.jpg,Dog,1,250,423
PetImages/Dog/7435.jpg,Dog,1,345,367
PetImages/Dog/7437.jpg,Dog,1,466,450
PetImages/Dog/7439.jpg,Dog,1,500,375
PetImages/Dog/744.jpg,Dog,1,500,385
PetImages/Dog/7440.jpg,Dog,1,500,375
PetImages/Dog/7443.jpg,Dog,1,500,478
PetImages/Dog/7444.jpg,Dog,1,320,240
PetImages/Dog/7445.jpg,Dog,1,293,500
PetImages/Dog/7446.jpg,Dog,1,500,371
PetImages/Dog/7448.jpg,Dog,1,456,480
PetImages/Dog/7449.jpg,Dog,1,340,500
PetImages/Dog/745.jpg,Dog,1,500,375
PetImages/Dog/7450.jpg,Dog,1,500,375
PetImages/Dog/7452.jpg,Dog,1,297,500
PetImages/Dog/7453.jpg,Dog,1,500,375
PetImages/Dog/7454.jpg,Dog,1,461,403
PetImages/Dog/7455.jpg,Dog,1,381,259
PetImages/Dog/7456.jpg,Dog,1,180,253
PetImages/Dog/7458.jpg,Dog,1,190,121
PetImages/Dog/7459.jpg,Dog,1,96,72
PetImages/Dog/746.jpg,Dog,1,325,500
PetImages/Dog/7460.jpg,Dog,1,320,240
PetImages/Dog/7461.jpg,Dog,1,359,237
PetImages/Dog/7464.jpg,Dog,1,500,332
PetImages/Dog/7468.jpg,Dog,1,300,349
PetImages/Dog/7469.jpg,Dog,1,188,300
PetImages/Dog/747.jpg,Dog,1,206,400
PetImages/Dog/7472.jpg,Dog,1,331,500
PetImages/Dog/7473.jpg,Dog,1,500,375
PetImages/Dog/7474.jpg,Dog,1,500,375
PetImages/Dog/7476.jpg,Dog,1,454,311
PetImages/Dog/7477.jpg,Dog,1,450,398
PetImages/Dog/7478.jpg,Dog,1,200,150
PetImages/Dog/7479.jpg,Dog,1,500,375
PetImages/Dog/748.jpg,Dog,1,200,193
PetImages/Dog/7480.jpg,Dog,1,400,426
PetImages/Dog/7482.jpg,Dog,1,300,286
PetImages/Dog/7483.jpg,Dog,1,500,462
PetImages/Dog/7484.jpg,Dog,1,482,500
PetImages/Dog/7485.jpg,Dog,1,500,375
PetImages/Dog/7486.jpg,Dog,1,300,265
PetImages/Dog/7487.jpg,Dog,1,500,373
PetImages/Dog/7489.jpg,Dog,1,500,375
PetImages/Dog/749.jpg,Dog,1,401,425
PetImages/Dog/7490.jpg,Dog,1,500,375
PetImages/Dog/7491.jpg,Dog,1,321,322
PetImages/Dog/7492.jpg,Dog,1,178,180
PetImages/Dog/7493.jpg,Dog,1,500,361
PetImages/Dog/7495.jpg,Dog,1,384,288
PetImages/Dog/7496.jpg,Dog,1,480,359
PetImages/Dog/7499.jpg,Dog,1,500,334
PetImages/Dog/750.jpg,Dog,1,399,400
PetImages/Dog/7502.jpg,Dog,1,389,500
PetImages/Dog/7503.jpg,Dog,1,120,134
PetImages/Dog/7504.jpg,Dog,1,190,157
PetImages/Dog/7505.jpg,Dog,1,196,175
PetImages/Dog/7506.jpg,Dog,1,500,375
PetImages/Dog/7507.jpg,Dog,1,230,252
PetImages/Dog/7509.jpg,Dog,1,312,448
PetImages/Dog/751.jpg,Dog,1,284,500
PetImages/Dog/7510.jpg,Dog,1,360,270
PetImages/Dog/7511.jpg,Dog,1,500,375
PetImages/Dog/7513.jpg,Dog,1,500,421
PetImages/Dog/7515.jpg,Dog,1,500,375
PetImages/Dog/7516.jpg,Dog,1,350,260
PetImages/Dog/7517.jpg,Dog,1,500,375
PetImages/Dog/7518.jpg,Dog,1,300,400
PetImages/Dog/7519.jpg,Dog,1,500,375
PetImages/Dog/7521.jpg,Dog,1,500,333
PetImages/Dog/7522.jpg,Dog,1,320,240
PetImages/Dog/7523.jpg,Dog,1,500,377
PetImages/Dog/7525.jpg,Dog,1,400,387
PetImages/Dog/7526.jpg,Dog,1,367,293
PetImages/Dog/7527.jpg,Dog,1,500,375
PetImages/Dog/7528.jpg,Dog,1,500,375
PetImages/Dog/753.jpg,Dog,1,260,184
PetImages/Dog/7530.jpg,Dog,1,217,200
PetImages/Dog/7531.jpg,Dog,1,436,480
PetImages/Dog/7532.jpg,Dog,1,180,202
PetImages/Dog/7534.jpg,Dog,1,418,419
PetImages/Dog/7537.jpg,Dog,1,432,500
PetImages/Dog/7539.jpg,Dog,1,338,500
PetImages/Dog/754.jpg,Dog,1,400,300
PetImages/Dog/7540.jpg,Dog,1,400,400
PetImages/Dog/7543.jpg,Dog,1,351,264
PetImages/Dog/7544.jpg,Dog,1,168,142
PetImages/Dog/7545.jpg,Dog,1,500,305
PetImages/Dog/7546.jpg,Dog,1,320,195
PetImages/Dog/7547.jpg,Dog,1,500,476
PetImages/Dog/7548.jpg,Dog,1,500,375
PetImages/Dog/7549.jpg,Dog,1,500,375
PetImages/Dog/7550.jpg,Dog,1,488,500
PetImages/Dog/7553.jpg,Dog,1,350,262
PetImages/Dog/7555.jpg,Dog,1,262,371
PetImages/Dog/7556.jpg,Dog,1,424,432
PetImages/Dog/7557.jpg,Dog,1,500,375
PetImages/Dog/7558.jpg,Dog,1,387,464
PetImages/Dog/7559.jpg,Dog,1,300,323
PetImages/Dog/756.jpg,Dog,1,300,345
PetImages/Dog/7560.jpg,Dog,1,248,338
PetImages/Dog/7561.jpg,Dog,1,500,375
PetImages/Dog/7562.jpg,Dog,1,500,398
PetImages/Dog/7563.jpg,Dog,1,375,500
PetImages/Dog/7564.jpg,Dog,1,350,262
PetImages/Dog/7566.jpg,Dog,1,180,164
PetImages/Dog/7567.jpg,Dog,1,180,135
PetImages/Dog/7569.jpg,Dog,1,500,357
PetImages/Dog/7570.jpg,Dog,1,332,500
PetImages/Dog/7572.jpg,Dog,1,418,500
PetImages/Dog/7574.jpg,Dog,1,484,500
PetImages/Dog/7575.jpg,Dog,1,500,375
PetImages/Dog/7576.jpg,Dog,1,350,249
PetImages/Dog/7577.jpg,Dog,1,375,500
PetImages/Dog/7579.jpg,Dog,1,400,270
PetImages/Dog/7580.jpg,Dog,1,350,262
PetImages/Dog/7581.jpg,Dog,1,176,132
PetImages/Dog/7582.jpg,Dog,1,395,500
PetImages/Dog/7583.jpg,Dog,1,500,375
PetImages/Dog/7585.jpg,Dog,1,500,375
PetImages/Dog/7586.jpg,Dog,1,406,500
PetImages/Dog/7587.jpg,Dog,1,400,274
PetImages/Dog/7588.jpg,Dog,1,500,415
PetImages/Dog/7589.jpg,Dog,1,500,375
PetImages/Dog/759.jpg,Dog,1,500,375
PetImages/Dog/7590.jpg,Dog,1,500,333
PetImages/Dog/7591.jpg,Dog,1,400,300
PetImages/Dog/7592.jpg,Dog,1,387,500
PetImages/Dog/7594.jpg,Dog,1,200,210
PetImages/Dog/7595.jpg,Dog,1,371,500
PetImages/Dog/7598.jpg,Dog,1,500,375
PetImages/Dog/7599.jpg,Dog,1,500,375
PetImages/Dog/76.jpg,Dog,1,171,186
PetImages/Dog/760.jpg,Dog,1,350,262
PetImages/Dog/7600.jpg,Dog,1,360,270
PetImages/Dog/7601.jpg,Dog,1,500,434
PetImages/Dog/7602.jpg,Dog,1,194,194
PetImages/Dog/7603.jpg,Dog,1,417,426
PetImages/Dog/7605.jpg,Dog,1,325,325
PetImages/Dog/7607.jpg,Dog,1,500,332
PetImages/Dog/7609.jpg,Dog,1,300,262
PetImages/Dog/7610.jpg,Dog,1,142,93
PetImages/Dog/7613.jpg,Dog,1,500,336
PetImages/Dog/7614.jpg,Dog,1,500,401
PetImages/Dog/7615.jpg,Dog,1,320,240
PetImages/Dog/7616.jpg,Dog,1,262,270
PetImages/Dog/7619.jpg,Dog,1,215,161
PetImages/Dog/762.jpg,Dog,1,250,161
PetImages/Dog/7620.jpg,Dog,1,377,253
PetImages/Dog/7621.jpg,Dog,1,425,340
PetImages/Dog/7623.jpg,Dog,1,400,317
PetImages/Dog/7624.jpg,Dog,1,340,260
PetImages/Dog/7625.jpg,Dog,1,500,375
PetImages/Dog/7626.jpg,Dog,1,300,443
PetImages/Dog/7627.jpg,Dog,1,500,375
PetImages/Dog/7628.jpg,Dog,1,320,240
PetImages/Dog/7629.jpg,Dog,1,500,463
PetImages/Dog/763.jpg,Dog,1,458,340
PetImages/Dog/7630.jpg,Dog,1,439,450
PetImages/Dog/7632.jpg,Dog,1,307,335
PetImages/Dog/7633.jpg,Dog,1,448,285
PetImages/Dog/7634.jpg,Dog,1,500,375
PetImages/Dog/7635.jpg,Dog,1,264,400
PetImages/Dog/7636.jpg,Dog,1,432,282
PetImages/Dog/7637.jpg,Dog,1,160,120
PetImages/Dog/7638.jpg,Dog,1,331,426
PetImages/Dog/7639.jpg,Dog,1,350,335
PetImages/Dog/764.jpg,Dog,1,500,375
PetImages/Dog/7640.jpg,Dog,1,500,375
PetImages/Dog/7641.jpg,Dog,1,235,287
PetImages/Dog/7642.jpg,Dog,1,500,398
PetImages/Dog/7643.jpg,Dog,1,500,375
PetImages/Dog/7644.jpg,Dog,1,380,314
PetImages/Dog/7646.jpg,Dog,1,500,398
PetImages/Dog/7647.jpg,Dog,1,135,169
PetImages/Dog/7648.jpg,Dog,1,384,256
PetImages/Dog/7649.jpg,Dog,1,320,240
PetImages/Dog/765.jpg,Dog,1,193,254
PetImages/Dog/7650.jpg,Dog,1,500,375
PetImages/Dog/7651.jpg,Dog,1,500,375
PetImages/Dog/7653.jpg,Dog,1,500,374
PetImages/Dog/7655.jpg,Dog,1,480,500
PetImages/Dog/7656.jpg,Dog,1,500,443
PetImages/Dog/7659.jpg,Dog,1,333,500
PetImages/Dog/7661.jpg,Dog,1,372,480
PetImages/Dog/7662.jpg,Dog,1,375,234
PetImages/Dog/7665.jpg,Dog,1,188,126
PetImages/Dog/7666.jpg,Dog,1,200,300
PetImages/Dog/7668.jpg,Dog,1,500,375
PetImages/Dog/7670.jpg,Dog,1,448,319
PetImages/Dog/7671.jpg,Dog,1,350,262
PetImages/Dog/7672.jpg,Dog,1,500,374
PetImages/Dog/7674.jpg,Dog,1,320,240
PetImages/Dog/7675.jpg,Dog,1,400,280
PetImages/Dog/7678.jpg,Dog,1,500,375
PetImages/Dog/768.jpg,Dog,1,500,375
PetImages/Dog/7681.jpg,Dog,1,408,500
PetImages/Dog/7682.jpg,Dog,1,401,500
PetImages/Dog/7684.jpg,Dog,1,304,500
PetImages/Dog/7685.jpg,Dog,1,185,138
PetImages/Dog/7686.jpg,Dog,1,361,485
PetImages/Dog/7689.jpg,Dog,1,500,468
PetImages/Dog/769.jpg,Dog,1,408,414
PetImages/Dog/7690.jpg,Dog,1,500,375
PetImages/Dog/7692.jpg,Dog,1,300,174
PetImages/Dog/7694.jpg,Dog,1,358,386
PetImages/Dog/7696.jpg,Dog,1,250,257
PetImages/Dog/7698.jpg,Dog,1,447,372
PetImages/Dog/7699.jpg,Dog,1,458,500
PetImages/Dog/770.jpg,Dog,1,250,247
PetImages/Dog/7701.jpg,Dog,1,320,240
PetImages/Dog/7702.jpg,Dog,1,500,494
PetImages/Dog/7704.jpg,Dog,1,448,500
PetImages/Dog/7705.jpg,Dog,1,225,297
PetImages/Dog/7707.jpg,Dog,1,288,500
PetImages/Dog/7709.jpg,Dog,1,296,408
PetImages/Dog/771.jpg,Dog,1,500,333
PetImages/Dog/7710.jpg,Dog,1,400,460
PetImages/Dog/7711.jpg,Dog,1,480,480
PetImages/Dog/7713.jpg,Dog,1,250,187
PetImages/Dog/7715.jpg,Dog,1,500,375
PetImages/Dog/7717.jpg,Dog,1,248,240
PetImages/Dog/7718.jpg,Dog,1,498,467
PetImages/Dog/7719.jpg,Dog,1,320,240
PetImages/Dog/772.jpg,Dog,1,120,160
PetImages/Dog/7720.jpg,Dog,1,500,382
PetImages/Dog/7721.jpg,Dog,1,354,500
PetImages/Dog/7723.jpg,Dog,1,500,375
PetImages/Dog/7726.jpg,Dog,1,318,500
PetImages/Dog/7727.jpg,Dog,1,500,491
PetImages/Dog/7729.jpg,Dog,1,128,120
PetImages/Dog/7730.jpg,Dog,1,333,500
PetImages/Dog/7731.jpg,Dog,1,457,500
PetImages/Dog/7732.jpg,Dog,1,367,244
PetImages/Dog/7733.jpg,Dog,1,269,360
PetImages/Dog/7734.jpg,Dog,1,500,334
PetImages/Dog/7735.jpg,Dog,1,350,428
PetImages/Dog/7736.jpg,Dog,1,474,500
PetImages/Dog/7737.jpg,Dog,1,414,479
PetImages/Dog/7738.jpg,Dog,1,150,114
PetImages/Dog/7739.jpg,Dog,1,124,200
PetImages/Dog/774.jpg,Dog,1,323,323
PetImages/Dog/7741.jpg,Dog,1,500,375
PetImages/Dog/7742.jpg,Dog,1,355,402
PetImages/Dog/7743.jpg,Dog,1,450,361
PetImages/Dog/7745.jpg,Dog,1,360,270
PetImages/Dog/7746.jpg,Dog,1,200,111
PetImages/Dog/7747.jpg,Dog,1,500,434
PetImages/Dog/7748.jpg,Dog,1,500,375
PetImages/Dog/775.jpg,Dog,1,449,500
PetImages/Dog/7750.jpg,Dog,1,452,480
PetImages/Dog/7751.jpg,Dog,1,500,332
PetImages/Dog/7752.jpg,Dog,1,385,400
PetImages/Dog/7754.jpg,Dog,1,364,341
PetImages/Dog/7756.jpg,Dog,1,420,500
PetImages/Dog/7757.jpg,Dog,1,256,256
PetImages/Dog/7759.jpg,Dog,1,450,337
PetImages/Dog/776.jpg,Dog,1,205,154
PetImages/Dog/7760.jpg,Dog,1,500,329
PetImages/Dog/7761.jpg,Dog,1,500,375
PetImages/Dog/7763.jpg,Dog,1,500,375
PetImages/Dog/7764.jpg,Dog,1,500,374
PetImages/Dog/7765.jpg,Dog,1,100,63
PetImages/Dog/7766.jpg,Dog,1,350,314
PetImages/Dog/7767.jpg,Dog,1,500,440
PetImages/Dog/7768.jpg,Dog,1,400,305
PetImages/Dog/7769.jpg,Dog,1,442,500
PetImages/Dog/777.jpg,Dog,1,500,333
PetImages/Dog/7770.jpg,Dog,1,205,200
PetImages/Dog/7771.jpg,Dog,1,500,375
PetImages/Dog/7773.jpg,Dog,1,500,341
PetImages/Dog/7774.jpg,Dog,1,479,500
PetImages/Dog/7775.jpg,Dog,1,500,334
PetImages/Dog/7776.jpg,Dog,1,261,254
PetImages/Dog/7777.jpg,Dog,1,483,431
PetImages/Dog/7778.jpg,Dog,1,122,252
PetImages/Dog/7781.jpg,Dog,1,439,500
PetImages/Dog/7782.jpg,Dog,1,500,375
PetImages/Dog/7783.jpg,Dog,1,500,371
PetImages/Dog/7784.jpg,Dog,1,500,375
PetImages/Dog/7786.jpg,Dog,1,232,250
PetImages/Dog/7787.jpg,Dog,1,262,358
PetImages/Dog/7789.jpg,Dog,1,336,443
PetImages/Dog/779.jpg,Dog,1,500,333
PetImages/Dog/7790.jpg,Dog,1,500,375
PetImages/Dog/7791.jpg,Dog,1,500,375
PetImages/Dog/7792.jpg,Dog,1,500,492
PetImages/Dog/7795.jpg,Dog,1,100,144
PetImages/Dog/7796.jpg,Dog,1,423,500
PetImages/Dog/7797.jpg,Dog,1,386,300
PetImages/Dog/7798.jpg,Dog,1,500,253
PetImages/Dog/7799.jpg,Dog,1,460,332
PetImages/Dog/78.jpg,Dog,1,500,375
PetImages/Dog/780.jpg,Dog,1,500,375
PetImages/Dog/7800.jpg,Dog,1,286,384
PetImages/Dog/7801.jpg,Dog,1,500,375
PetImages/Dog/7803.jpg,Dog,1,500,299
PetImages/Dog/7804.jpg,Dog,1,477,500
PetImages/Dog/7805.jpg,Dog,1,500,375
PetImages/Dog/7806.jpg,Dog,1,485,500
PetImages/Dog/7807.jpg,Dog,1,500,375
PetImages/Dog/7808.jpg,Dog,1,200,133
PetImages/Dog/7809.jpg,Dog,1,298,500
PetImages/Dog/781.jpg,Dog,1,120,147
PetImages/Dog/7810.jpg,Dog,1,500,375
PetImages/Dog/7811.jpg,Dog,1,340,500
PetImages/Dog/7813.jpg,Dog,1,278,314
PetImages/Dog/7814.jpg,Dog,1,448,336
PetImages/Dog/7815.jpg,Dog,1,500,333
PetImages/Dog/7818.jpg,Dog,1,350,317
PetImages/Dog/782.jpg,Dog,1,500,449
PetImages/Dog/7821.jpg,Dog,1,490,375
PetImages/Dog/7822.jpg,Dog,1,500,375
PetImages/Dog/7823.jpg,Dog,1,298,299
PetImages/Dog/7825.jpg,Dog,1,286,500
PetImages/Dog/7828.jpg,Dog,1,492,500
PetImages/Dog/7829.jpg,Dog,1,235,242
PetImages/Dog/783.jpg,Dog,1,500,333
PetImages/Dog/7831.jpg,Dog,1,317,500
PetImages/Dog/7832.jpg,Dog,1,500,333
PetImages/Dog/7834.jpg,Dog,1,500,500
PetImages/Dog/7835.jpg,Dog,1,400,324
PetImages/Dog/7838.jpg,Dog,1,430,288
PetImages/Dog/7839.jpg,Dog,1,500,345
PetImages/Dog/7840.jpg,Dog,1,500,365
PetImages/Dog/7842.jpg,Dog,1,500,375
PetImages/Dog/7843.jpg,Dog,1,321,400
PetImages/Dog/7845.jpg,Dog,1,500,375
PetImages/Dog/7846.jpg,Dog,1,200,150
PetImages/Dog/7848.jpg,Dog,1,500,455
PetImages/Dog/7849.jpg,Dog,1,500,375
PetImages/Dog/7850.jpg,Dog,1,500,366
PetImages/Dog/7851.jpg,Dog,1,416,360
PetImages/Dog/7852.jpg,Dog,1,300,400
PetImages/Dog/7853.jpg,Dog,1,153,245
PetImages/Dog/7855.jpg,Dog,1,500,314
PetImages/Dog/7856.jpg,Dog,1,399,480
PetImages/Dog/7857.jpg,Dog,1,150,400
PetImages/Dog/7858.jpg,Dog,1,458,500
PetImages/Dog/7859.jpg,Dog,1,500,375
PetImages/Dog/786.jpg,Dog,1,300,400
PetImages/Dog/7860.jpg,Dog,1,375,500
PetImages/Dog/7862.jpg,Dog,1,500,375
PetImages/Dog/7864.jpg,Dog,1,360,281
PetImages/Dog/7866.jpg,Dog,1,436,500
PetImages/Dog/7867.jpg,Dog,1,218,295
PetImages/Dog/7868.jpg,Dog,1,480,360
PetImages/Dog/7869.jpg,Dog,1,375,500
PetImages/Dog/7870.jpg,Dog,1,500,358
PetImages/Dog/7873.jpg,Dog,1,500,375
PetImages/Dog/7874.jpg,Dog,1,500,375
PetImages/Dog/7875.jpg,Dog,1,500,375
PetImages/Dog/7876.jpg,Dog,1,271,350
PetImages/Dog/7877.jpg,Dog,1,480,360
PetImages/Dog/7878.jpg,Dog,1,500,375
PetImages/Dog/7879.jpg,Dog,1,454,500
PetImages/Dog/788.jpg,Dog,1,260,344
PetImages/Dog/7880.jpg,Dog,1,344,360
PetImages/Dog/7881.jpg,Dog,1,230,191
PetImages/Dog/7882.jpg,Dog,1,422,320
PetImages/Dog/7883.jpg,Dog,1,269,400
PetImages/Dog/7884.jpg,Dog,1,300,277
PetImages/Dog/7885.jpg,Dog,1,500,375
PetImages/Dog/7886.jpg,Dog,1,500,333
PetImages/Dog/7887.jpg,Dog,1,500,375
PetImages/Dog/7888.jpg,Dog,1,230,276
PetImages/Dog/7889.jpg,Dog,1,500,375
PetImages/Dog/7891.jpg,Dog,1,317,383
PetImages/Dog/7892.jpg,Dog,1,350,500
PetImages/Dog/7893.jpg,Dog,1,100,74
PetImages/Dog/7894.jpg,Dog,1,277,397
PetImages/Dog/7896.jpg,Dog,1,500,326
PetImages/Dog/7897.jpg,Dog,1,313,500
PetImages/Dog/790.jpg,Dog,1,500,500
PetImages/Dog/7901.jpg,Dog,1,300,400
PetImages/Dog/7902.jpg,Dog,1,500,375
PetImages/Dog/7903.jpg,Dog,1,500,422
PetImages/Dog/7906.jpg,Dog,1,478,500
PetImages/Dog/7907.jpg,Dog,1,489,326
PetImages/Dog/7908.jpg,Dog,1,372,478
PetImages/Dog/7909.jpg,Dog,1,443,472
PetImages/Dog/791.jpg,Dog,1,287,248
PetImages/Dog/7910.jpg,Dog,1,500,488
PetImages/Dog/7911.jpg,Dog,1,405,500
PetImages/Dog/7912.jpg,Dog,1,440,500
PetImages/Dog/7913.jpg,Dog,1,392,500
PetImages/Dog/7915.jpg,Dog,1,375,500
PetImages/Dog/7916.jpg,Dog,1,500,340
PetImages/Dog/7917.jpg,Dog,1,500,375
PetImages/Dog/7918.jpg,Dog,1,256,256
PetImages/Dog/7920.jpg,Dog,1,500,332
PetImages/Dog/7923.jpg,Dog,1,240,180
PetImages/Dog/7925.jpg,Dog,1,500,386
PetImages/Dog/7926.jpg,Dog,1,100,95
PetImages/Dog/7928.jpg,Dog,1,356,277
PetImages/Dog/7929.jpg,Dog,1,220,256
PetImages/Dog/793.jpg,Dog,1,400,500
PetImages/Dog/7930.jpg,Dog,1,387,500
PetImages/Dog/7931.jpg,Dog,1,500,478
PetImages/Dog/7932.jpg,Dog,1,156,168
PetImages/Dog/7935.jpg,Dog,1,405,390
PetImages/Dog/7937.jpg,Dog,1,240,291
PetImages/Dog/7939.jpg,Dog,1,300,238
PetImages/Dog/794.jpg,Dog,1,500,375
PetImages/Dog/7940.jpg,Dog,1,500,498
PetImages/Dog/7941.jpg,Dog,1,253,454
PetImages/Dog/7942.jpg,Dog,1,500,375
PetImages/Dog/7944.jpg,Dog,1,378,364
PetImages/Dog/7945.jpg,Dog,1,423,500
PetImages/Dog/7947.jpg,Dog,1,500,427
PetImages/Dog/7949.jpg,Dog,1,500,359
PetImages/Dog/795.jpg,Dog,1,300,375
PetImages/Dog/7950.jpg,Dog,1,284,213
PetImages/Dog/7951.jpg,Dog,1,500,375
PetImages/Dog/7952.jpg,Dog,1,500,375
PetImages/Dog/7953.jpg,Dog,1,300,300
PetImages/Dog/7954.jpg,Dog,1,500,488
PetImages/Dog/7955.jpg,Dog,1,288,220
PetImages/Dog/7956.jpg,Dog,1,475,500
PetImages/Dog/7957.jpg,Dog,1,500,375
PetImages/Dog/7959.jpg,Dog,1,279,352
PetImages/Dog/796.jpg,Dog,1,309,346
PetImages/Dog/7960.jpg,Dog,1,340,258
PetImages/Dog/7961.jpg,Dog,1,150,150
PetImages/Dog/7962.jpg,Dog,1,400,299
PetImages/Dog/7963.jpg,Dog,1,153,180
PetImages/Dog/7964.jpg,Dog,1,500,375
PetImages/Dog/7966.jpg,Dog,1,500,375
PetImages/Dog/7968.jpg,Dog,1,484,408
PetImages/Dog/7969.jpg,Dog,1,300,408
PetImages/Dog/7970.jpg,Dog,1,500,375
PetImages/Dog/7973.jpg,Dog,1,500,352
PetImages/Dog/7974.jpg,Dog,1,247,208
PetImages/Dog/7975.jpg,Dog,1,337,279
PetImages/Dog/7977.jpg,Dog,1,350,322
PetImages/Dog/7979.jpg,Dog,1,361,360
PetImages/Dog/798.jpg,Dog,1,250,293
PetImages/Dog/7980.jpg,Dog,1,180,195
PetImages/Dog/7982.jpg,Dog,1,171,167
PetImages/Dog/7984.jpg,Dog,1,500,375
PetImages/Dog/7985.jpg,Dog,1,400,354
PetImages/Dog/7986.jpg,Dog,1,449,500
PetImages/Dog/7988.jpg,Dog,1,182,279
PetImages/Dog/799.jpg,Dog,1,432,324
PetImages/Dog/7990.jpg,Dog,1,500,376
PetImages/Dog/7992.jpg,Dog,1,500,375
PetImages/Dog/7995.jpg,Dog,1,345,500
PetImages/Dog/7996.jpg,Dog,1,378,500
PetImages/Dog/7997.jpg,Dog,1,320,163
PetImages/Dog/7998.jpg,Dog,1,131,181
PetImages/Dog/7999.jpg,Dog,1,391,440
PetImages/Dog/80.jpg,Dog,1,457,369
PetImages/Dog/8001.jpg,Dog,1,492,413
PetImages/Dog/8002.jpg,Dog,1,500,375
PetImages/Dog/8003.jpg,Dog,1,468,500
PetImages/Dog/8005.jpg,Dog,1,500,375
PetImages/Dog/8006.jpg,Dog,1,468,500
PetImages/Dog/8007.jpg,Dog,1,500,492
PetImages/Dog/8009.jpg,Dog,1,300,292
PetImages/Dog/801.jpg,Dog,1,320,240
PetImages/Dog/8010.jpg,Dog,1,175,223
PetImages/Dog/8011.jpg,Dog,1,381,500
PetImages/Dog/8014.jpg,Dog,1,500,309
PetImages/Dog/8015.jpg,Dog,1,500,349
PetImages/Dog/8017.jpg,Dog,1,500,375
PetImages/Dog/8019.jpg,Dog,1,451,500
PetImages/Dog/802.jpg,Dog,1,500,375
PetImages/Dog/8020.jpg,Dog,1,400,300
PetImages/Dog/8023.jpg,Dog,1,500,410
PetImages/Dog/8026.jpg,Dog,1,481,500
PetImages/Dog/8028.jpg,Dog,1,500,375
PetImages/Dog/8029.jpg,Dog,1,320,240
PetImages/Dog/803.jpg,Dog,1,441,457
PetImages/Dog/8030.jpg,Dog,1,399,399
PetImages/Dog/8031.jpg,Dog,1,280,349
PetImages/Dog/8032.jpg,Dog,1,500,375
PetImages/Dog/8033.jpg,Dog,1,500,375
PetImages/Dog/8034.jpg,Dog,1,500,368
PetImages/Dog/8035.jpg,Dog,1,315,307
PetImages/Dog/8036.jpg,Dog,1,385,500
PetImages/Dog/804.jpg,Dog,1,301,288
PetImages/Dog/8040.jpg,Dog,1,309,500
PetImages/Dog/8041.jpg,Dog,1,150,113
PetImages/Dog/8044.jpg,Dog,1,332,390
PetImages/Dog/8045.jpg,Dog,1,268,303
PetImages/Dog/8046.jpg,Dog,1,400,288
PetImages/Dog/8047.jpg,Dog,1,343,298
PetImages/Dog/805.jpg,Dog,1,288,301
PetImages/Dog/8051.jpg,Dog,1,268,301
PetImages/Dog/8052.jpg,Dog,1,500,375
PetImages/Dog/8054.jpg,Dog,1,448,296
PetImages/Dog/8055.jpg,Dog,1,459,500
PetImages/Dog/8057.jpg,Dog,1,500,336
PetImages/Dog/8059.jpg,Dog,1,500,326
PetImages/Dog/8062.jpg,Dog,1,472,500
PetImages/Dog/8063.jpg,Dog,1,160,120
PetImages/Dog/8066.jpg,Dog,1,500,356
PetImages/Dog/8067.jpg,Dog,1,349,500
PetImages/Dog/8069.jpg,Dog,1,249,326
PetImages/Dog/807.jpg,Dog,1,500,375
PetImages/Dog/8070.jpg,Dog,1,120,160
PetImages/Dog/8071.jpg,Dog,1,500,375
PetImages/Dog/8075.jpg,Dog,1,500,399
PetImages/Dog/8076.jpg,Dog,1,317,500
PetImages/Dog/808.jpg,Dog,1,414,500
PetImages/Dog/8080.jpg,Dog,1,297,500
PetImages/Dog/8081.jpg,Dog,1,500,381
PetImages/Dog/8082.jpg,Dog,1,325,437
PetImages/Dog/8083.jpg,Dog,1,320,240
PetImages/Dog/8084.jpg,Dog,1,322,398
PetImages/Dog/8086.jpg,Dog,1,500,335
PetImages/Dog/8087.jpg,Dog,1,343,500
PetImages/Dog/8088.jpg,Dog,1,171,200
PetImages/Dog/8089.jpg,Dog,1,500,332
PetImages/Dog/809.jpg,Dog,1,500,375
PetImages/Dog/8092.jpg,Dog,1,500,375
PetImages/Dog/8093.jpg,Dog,1,429,500
PetImages/Dog/8094.jpg,Dog,1,500,375
PetImages/Dog/8095.jpg,Dog,1,500,356
PetImages/Dog/8096.jpg,Dog,1,167,125
PetImages/Dog/8097.jpg,Dog,1,162,253
PetImages/Dog/8098.jpg,Dog,1,420,500
PetImages/Dog/810.jpg,Dog,1,316,500
PetImages/Dog/8100.jpg,Dog,1,336,448
PetImages/Dog/8103.jpg,Dog,1,167,87
PetImages/Dog/8105.jpg,Dog,1,500,334
PetImages/Dog/8106.jpg,Dog,1,433,500
PetImages/Dog/8107.jpg,Dog,1,414,427
PetImages/Dog/8108.jpg,Dog,1,288,201
PetImages/Dog/8110.jpg,Dog,1,500,357
PetImages/Dog/8111.jpg,Dog,1,396,500
PetImages/Dog/8112.jpg,Dog,1,250,250
PetImages/Dog/8114.jpg,Dog,1,500,351
PetImages/Dog/8115.jpg,Dog,1,124,144
PetImages/Dog/8116.jpg,Dog,1,222,400
PetImages/Dog/8117.jpg,Dog,1,500,351
PetImages/Dog/8118.jpg,Dog,1,300,300
PetImages/Dog/8119.jpg,Dog,1,500,439
PetImages/Dog/812.jpg,Dog,1,300,225
PetImages/Dog/8120.jpg,Dog,1,500,375
PetImages/Dog/8121.jpg,Dog,1,424,500
PetImages/Dog/8123.jpg,Dog,1,500,459
PetImages/Dog/8124.jpg,Dog,1,306,330
PetImages/Dog/8125.jpg,Dog,1,293,380
PetImages/Dog/8126.jpg,Dog,1,320,225
PetImages/Dog/8127.jpg,Dog,1,447,342
PetImages/Dog/8128.jpg,Dog,1,500,419
PetImages/Dog/8129.jpg,Dog,1,350,263
PetImages/Dog/8132.jpg,Dog,1,500,375
PetImages/Dog/8133.jpg,Dog,1,500,375
PetImages/Dog/8134.jpg,Dog,1,400,300
PetImages/Dog/8135.jpg,Dog,1,319,500
PetImages/Dog/8137.jpg,Dog,1,448,336
PetImages/Dog/8138.jpg,Dog,1,426,500
PetImages/Dog/8141.jpg,Dog,1,500,375
PetImages/Dog/8143.jpg,Dog,1,500,375
PetImages/Dog/8144.jpg,Dog,1,360,378
PetImages/Dog/8145.jpg,Dog,1,480,360
PetImages/Dog/8146.jpg,Dog,1,409,500
PetImages/Dog/8147.jpg,Dog,1,466,500
PetImages/Dog/8149.jpg,Dog,1,311,367
PetImages/Dog/815.jpg,Dog,1,500,451
PetImages/Dog/8150.jpg,Dog,1,500,334
PetImages/Dog/8151.jpg,Dog,1,400,267
PetImages/Dog/8153.jpg,Dog,1,338,500
PetImages/Dog/8154.jpg,Dog,1,500,473
PetImages/Dog/8155.jpg,Dog,1,490,500
PetImages/Dog/8157.jpg,Dog,1,450,432
PetImages/Dog/8158.jpg,Dog,1,400,300
PetImages/Dog/8159.jpg,Dog,1,500,333
PetImages/Dog/816.jpg,Dog,1,500,375
PetImages/Dog/8161.jpg,Dog,1,410,500
PetImages/Dog/8163.jpg,Dog,1,500,335
PetImages/Dog/8164.jpg,Dog,1,333,500
PetImages/Dog/8165.jpg,Dog,1,328,500
PetImages/Dog/8166.jpg,Dog,1,500,375
PetImages/Dog/817.jpg,Dog,1,320,240
PetImages/Dog/8171.jpg,Dog,1,347,493
PetImages/Dog/8173.jpg,Dog,1,500,370
PetImages/Dog/8174.jpg,Dog,1,480,360
PetImages/Dog/8175.jpg,Dog,1,253,255
PetImages/Dog/8178.jpg,Dog,1,500,375
PetImages/Dog/8179.jpg,Dog,1,497,353
PetImages/Dog/818.jpg,Dog,1,319,371
PetImages/Dog/8180.jpg,Dog,1,281,247
PetImages/Dog/8182.jpg,Dog,1,500,374
PetImages/Dog/8184.jpg,Dog,1,336,500
PetImages/Dog/8185.jpg,Dog,1,247,472
PetImages/Dog/8186.jpg,Dog,1,500,375
PetImages/Dog/8187.jpg,Dog,1,272,500
PetImages/Dog/8188.jpg,Dog,1,500,375
PetImages/Dog/8190.jpg,Dog,1,288,250
PetImages/Dog/8191.jpg,Dog,1,297,496
PetImages/Dog/8192.jpg,Dog,1,271,383
PetImages/Dog/8193.jpg,Dog,1,500,375
PetImages/Dog/8194.jpg,Dog,1,364,400
PetImages/Dog/8195.jpg,Dog,1,220,250
PetImages/Dog/8196.jpg,Dog,1,500,441
PetImages/Dog/8197.jpg,Dog,1,467,500
PetImages/Dog/8198.jpg,Dog,1,198,225
PetImages/Dog/82.jpg,Dog,1,500,464
PetImages/Dog/820.jpg,Dog,1,500,387
PetImages/Dog/8202.jpg,Dog,1,500,333
PetImages/Dog/8203.jpg,Dog,1,305,434
PetImages/Dog/8204.jpg,Dog,1,350,262
PetImages/Dog/8207.jpg,Dog,1,267,200
PetImages/Dog/8209.jpg,Dog,1,375,500
PetImages/Dog/821.jpg,Dog,1,350,330
PetImages/Dog/8210.jpg,Dog,1,500,338
PetImages/Dog/8211.jpg,Dog,1,367,500
PetImages/Dog/8212.jpg,Dog,1,450,500
PetImages/Dog/8214.jpg,Dog,1,500,375
PetImages/Dog/8215.jpg,Dog,1,401,500
PetImages/Dog/8216.jpg,Dog,1,342,500
PetImages/Dog/8217.jpg,Dog,1,500,456
PetImages/Dog/8218.jpg,Dog,1,384,288
PetImages/Dog/822.jpg,Dog,1,304,303
PetImages/Dog/8220.jpg,Dog,1,500,333
PetImages/Dog/8221.jpg,Dog,1,500,448
PetImages/Dog/8223.jpg,Dog,1,500,375
PetImages/Dog/8224.jpg,Dog,1,500,333
PetImages/Dog/8225.jpg,Dog,1,500,375
PetImages/Dog/8226.jpg,Dog,1,500,332
PetImages/Dog/8227.jpg,Dog,1,500,375
PetImages/Dog/8228.jpg,Dog,1,347,267
PetImages/Dog/8230.jpg,Dog,1,478,373
PetImages/Dog/8231.jpg,Dog,1,500,333
PetImages/Dog/8232.jpg,Dog,1,500,375
PetImages/Dog/8233.jpg,Dog,1,395,500
PetImages/Dog/8234.jpg,Dog,1,500,285
PetImages/Dog/8235.jpg,Dog,1,301,350
PetImages/Dog/8237.jpg,Dog,1,362,500
PetImages/Dog/8239.jpg,Dog,1,216,250
PetImages/Dog/8240.jpg,Dog,1,320,240
PetImages/Dog/8241.jpg,Dog,1,500,375
PetImages/Dog/8242.jpg,Dog,1,500,371
PetImages/Dog/8243.jpg,Dog,1,404,480
PetImages/Dog/8244.jpg,Dog,1,500,375
PetImages/Dog/8246.jpg,Dog,1,399,500
PetImages/Dog/8247.jpg,Dog,1,500,396
PetImages/Dog/8248.jpg,Dog,1,300,240
PetImages/Dog/8249.jpg,Dog,1,500,375
PetImages/Dog/825.jpg,Dog,1,461,346
PetImages/Dog/8252.jpg,Dog,1,500,497
PetImages/Dog/8253.jpg,Dog,1,348,500
PetImages/Dog/8254.jpg,Dog,1,400,353
PetImages/Dog/8259.jpg,Dog,1,500,415
PetImages/Dog/826.jpg,Dog,1,333,500
PetImages/Dog/8260.jpg,Dog,1,228,350
PetImages/Dog/8262.jpg,Dog,1,289,500
PetImages/Dog/8264.jpg,Dog,1,415,262
PetImages/Dog/8265.jpg,Dog,1,480,360
PetImages/Dog/8266.jpg,Dog,1,400,356
PetImages/Dog/8267.jpg,Dog,1,448,336
PetImages/Dog/8268.jpg,Dog,1,241,320
PetImages/Dog/8269.jpg,Dog,1,500,371
PetImages/Dog/8270.jpg,Dog,1,333,500
PetImages/Dog/8272.jpg,Dog,1,452,283
PetImages/Dog/8273.jpg,Dog,1,500,333
PetImages/Dog/8274.jpg,Dog,1,500,333
PetImages/Dog/8275.jpg,Dog,1,225,250
PetImages/Dog/8277.jpg,Dog,1,430,500
PetImages/Dog/8280.jpg,Dog,1,375,500
PetImages/Dog/8281.jpg,Dog,1,169,192
PetImages/Dog/8282.jpg,Dog,1,500,375
PetImages/Dog/8283.jpg,Dog,1,342,380
PetImages/Dog/8284.jpg,Dog,1,465,305
PetImages/Dog/8285.jpg,Dog,1,400,288
PetImages/Dog/8286.jpg,Dog,1,437,499
PetImages/Dog/8287.jpg,Dog,1,500,353
PetImages/Dog/8288.jpg,Dog,1,300,400
PetImages/Dog/8289.jpg,Dog,1,500,375
PetImages/Dog/829.jpg,Dog,1,225,391
PetImages/Dog/8292.jpg,Dog,1,415,500
PetImages/Dog/8293.jpg,Dog,1,375,328
PetImages/Dog/8294.jpg,Dog,1,500,437
PetImages/Dog/8295.jpg,Dog,1,234,346
PetImages/Dog/8296.jpg,Dog,1,500,375
PetImages/Dog/8297.jpg,Dog,1,500,375
PetImages/Dog/8298.jpg,Dog,1,500,375
PetImages/Dog/8299.jpg,Dog,1,400,331
PetImages/Dog/830.jpg,Dog,1,500,375
PetImages/Dog/8300.jpg,Dog,1,500,375
PetImages/Dog/8301.jpg,Dog,1,320,500
PetImages/Dog/8302.jpg,Dog,1,500,333
PetImages/Dog/8303.jpg,Dog,1,350,326
PetImages/Dog/8304.jpg,Dog,1,375,500
PetImages/Dog/8305.jpg,Dog,1,500,375
PetImages/Dog/8307.jpg,Dog,1,453,395
PetImages/Dog/8308.jpg,Dog,1,455,315
PetImages/Dog/8309.jpg,Dog,1,360,270
PetImages/Dog/8310.jpg,Dog,1,360,480
PetImages/Dog/8311.jpg,Dog,1,500,375
PetImages/Dog/8312.jpg,Dog,1,350,236
PetImages/Dog/8314.jpg,Dog,1,500,375
PetImages/Dog/8315.jpg,Dog,1,160,107
PetImages/Dog/8316.jpg,Dog,1,500,375
PetImages/Dog/8318.jpg,Dog,1,475,500
PetImages/Dog/8319.jpg,Dog,1,226,162
PetImages/Dog/8320.jpg,Dog,1,396,302
PetImages/Dog/8322.jpg,Dog,1,298,413
PetImages/Dog/8323.jpg,Dog,1,200,200
PetImages/Dog/8325.jpg,Dog,1,348,294
PetImages/Dog/8326.jpg,Dog,1,500,411
PetImages/Dog/8327.jpg,Dog,1,386,500
PetImages/Dog/8329.jpg,Dog,1,226,254
PetImages/Dog/833.jpg,Dog,1,500,375
PetImages/Dog/8330.jpg,Dog,1,291,288
PetImages/Dog/8333.jpg,Dog,1,395,383
PetImages/Dog/8334.jpg,Dog,1,500,375
PetImages/Dog/8335.jpg,Dog,1,240,197
PetImages/Dog/8336.jpg,Dog,1,500,358
PetImages/Dog/8337.jpg,Dog,1,307,409
PetImages/Dog/8338.jpg,Dog,1,500,328
PetImages/Dog/8340.jpg,Dog,1,187,159
PetImages/Dog/8341.jpg,Dog,1,350,293
PetImages/Dog/8342.jpg,Dog,1,500,375
PetImages/Dog/8343.jpg,Dog,1,239,253
PetImages/Dog/8344.jpg,Dog,1,324,290
PetImages/Dog/8345.jpg,Dog,1,487,500
PetImages/Dog/8347.jpg,Dog,1,369,500
PetImages/Dog/8349.jpg,Dog,1,500,375
PetImages/Dog/835.jpg,Dog,1,375,500
PetImages/Dog/8350.jpg,Dog,1,500,360
PetImages/Dog/8351.jpg,Dog,1,250,336
PetImages/Dog/8352.jpg,Dog,1,375,500
PetImages/Dog/8353.jpg,Dog,1,400,267
PetImages/Dog/8355.jpg,Dog,1,303,308
PetImages/Dog/8356.jpg,Dog,1,350,408
PetImages/Dog/8357.jpg,Dog,1,500,375
PetImages/Dog/8358.jpg,Dog,1,500,375
PetImages/Dog/836.jpg,Dog,1,375,500
PetImages/Dog/8360.jpg,Dog,1,500,220
PetImages/Dog/8361.jpg,Dog,1,500,334
PetImages/Dog/8364.jpg,Dog,1,200,150
PetImages/Dog/8365.jpg,Dog,1,500,375
PetImages/Dog/8366.jpg,Dog,1,325,371
PetImages/Dog/8367.jpg,Dog,1,500,375
PetImages/Dog/8369.jpg,Dog,1,500,332
PetImages/Dog/837.jpg,Dog,1,420,400
PetImages/Dog/8371.jpg,Dog,1,344,400
PetImages/Dog/8374.jpg,Dog,1,280,369
PetImages/Dog/8375.jpg,Dog,1,436,500
PetImages/Dog/8376.jpg,Dog,1,500,374
PetImages/Dog/8377.jpg,Dog,1,337,274
PetImages/Dog/8378.jpg,Dog,1,500,404
PetImages/Dog/838.jpg,Dog,1,500,458
PetImages/Dog/8380.jpg,Dog,1,500,375
PetImages/Dog/8382.jpg,Dog,1,164,200
PetImages/Dog/8384.jpg,Dog,1,360,469
PetImages/Dog/8386.jpg,Dog,1,235,314
PetImages/Dog/8387.jpg,Dog,1,304,239
PetImages/Dog/8389.jpg,Dog,1,389,500
PetImages/Dog/839.jpg,Dog,1,375,500
PetImages/Dog/8391.jpg,Dog,1,500,478
PetImages/Dog/8392.jpg,Dog,1,202,280
PetImages/Dog/8393.jpg,Dog,1,300,319
PetImages/Dog/8394.jpg,Dog,1,396,500
PetImages/Dog/8395.jpg,Dog,1,340,260
PetImages/Dog/8396.jpg,Dog,1,159,252
PetImages/Dog/8397.jpg,Dog,1,304,400
PetImages/Dog/8398.jpg,Dog,1,432,489
PetImages/Dog/8399.jpg,Dog,1,275,210
PetImages/Dog/84.jpg,Dog,1,357,500
PetImages/Dog/840.jpg,Dog,1,428,500
PetImages/Dog/8401.jpg,Dog,1,435,479
PetImages/Dog/8402.jpg,Dog,1,500,375
PetImages/Dog/8403.jpg,Dog,1,333,500
PetImages/Dog/8404.jpg,Dog,1,500,375
PetImages/Dog/8405.jpg,Dog,1,320,240
PetImages/Dog/8406.jpg,Dog,1,500,375
PetImages/Dog/8407.jpg,Dog,1,357,500
PetImages/Dog/8408.jpg,Dog,1,500,375
PetImages/Dog/8409.jpg,Dog,1,375,500
PetImages/Dog/8410.jpg,Dog,1,500,384
PetImages/Dog/8412.jpg,Dog,1,500,310
PetImages/Dog/8413.jpg,Dog,1,500,500
PetImages/Dog/8414.jpg,Dog,1,305,500
PetImages/Dog/8415.jpg,Dog,1,500,375
PetImages/Dog/8416.jpg,Dog,1,416,500
PetImages/Dog/8417.jpg,Dog,1,256,450
PetImages/Dog/8418.jpg,Dog,1,240,169
PetImages/Dog/8419.jpg,Dog,1,460,322
PetImages/Dog/842.jpg,Dog,1,500,375
PetImages/Dog/8422.jpg,Dog,1,500,448
PetImages/Dog/8424.jpg,Dog,1,335,500
PetImages/Dog/8425.jpg,Dog,1,368,326
PetImages/Dog/8426.jpg,Dog,1,500,375
PetImages/Dog/8428.jpg,Dog,1,75,75
PetImages/Dog/8429.jpg,Dog,1,372,500
PetImages/Dog/8431.jpg,Dog,1,500,375
PetImages/Dog/8432.jpg,Dog,1,500,375
PetImages/Dog/8433.jpg,Dog,1,268,343
PetImages/Dog/8435.jpg,Dog,1,500,348
PetImages/Dog/8440.jpg,Dog,1,400,400
PetImages/Dog/8441.jpg,Dog,1,500,375
PetImages/Dog/8442.jpg,Dog,1,500,375
PetImages/Dog/8444.jpg,Dog,1,500,375
PetImages/Dog/8446.jpg,Dog,1,375,410
PetImages/Dog/8447.jpg,Dog,1,500,375
PetImages/Dog/8448.jpg,Dog,1,500,438
PetImages/Dog/8449.jpg,Dog,1,288,192
PetImages/Dog/845.jpg,Dog,1,500,375
PetImages/Dog/8450.jpg,Dog,1,87,68
PetImages/Dog/8451.jpg,Dog,1,448,336
PetImages/Dog/8452.jpg,Dog,1,500,375
PetImages/Dog/8453.jpg,Dog,1,400,267
PetImages/Dog/8455.jpg,Dog,1,500,375
PetImages/Dog/8456.jpg,Dog,1,420,500
PetImages/Dog/8457.jpg,Dog,1,500,375
PetImages/Dog/8459.jpg,Dog,1,500,338
PetImages/Dog/846.jpg,Dog,1,290,500
PetImages/Dog/8460.jpg,Dog,1,139,233
PetImages/Dog/8462.jpg,Dog,1,500,375
PetImages/Dog/8467.jpg,Dog,1,500,375
PetImages/Dog/8468.jpg,Dog,1,350,282
PetImages/Dog/8469.jpg,Dog,1,336,371
PetImages/Dog/8471.jpg,Dog,1,500,375
PetImages/Dog/8477.jpg,Dog,1,350,322
PetImages/Dog/8479.jpg,Dog,1,500,377
PetImages/Dog/848.jpg,Dog,1,320,240
PetImages/Dog/8481.jpg,Dog,1,320,240
PetImages/Dog/8482.jpg,Dog,1,500,375
PetImages/Dog/8483.jpg,Dog,1,500,406
PetImages/Dog/8484.jpg,Dog,1,370,500
PetImages/Dog/8486.jpg,Dog,1,500,489
PetImages/Dog/8487.jpg,Dog,1,469,489
PetImages/Dog/8490.jpg,Dog,1,333,500
PetImages/Dog/8492.jpg,Dog,1,408,500
PetImages/Dog/8494.jpg,Dog,1,259,419
PetImages/Dog/8495.jpg,Dog,1,435,350
PetImages/Dog/8497.jpg,Dog,1,500,375
PetImages/Dog/8498.jpg,Dog,1,229,289
PetImages/Dog/8499.jpg,Dog,1,499,500
PetImages/Dog/85.jpg,Dog,1,224,244
PetImages/Dog/8500.jpg,Dog,1,302,400
PetImages/Dog/8501.jpg,Dog,1,500,359
PetImages/Dog/8502.jpg,Dog,1,256,256
PetImages/Dog/8503.jpg,Dog,1,288,498
PetImages/Dog/8504.jpg,Dog,1,225,209
PetImages/Dog/8505.jpg,Dog,1,375,500
PetImages/Dog/8506.jpg,Dog,1,500,375
PetImages/Dog/8507.jpg,Dog,1,462,368
PetImages/Dog/8508.jpg,Dog,1,495,393
PetImages/Dog/851.jpg,Dog,1,375,500
PetImages/Dog/8511.jpg,Dog,1,375,500
PetImages/Dog/8512.jpg,Dog,1,500,375
PetImages/Dog/8513.jpg,Dog,1,447,500
PetImages/Dog/8514.jpg,Dog,1,500,375
PetImages/Dog/8515.jpg,Dog,1,500,376
PetImages/Dog/8516.jpg,Dog,1,284,306
PetImages/Dog/8519.jpg,Dog,1,269,432
PetImages/Dog/852.jpg,Dog,1,292,253
PetImages/Dog/8520.jpg,Dog,1,288,250
PetImages/Dog/8521.jpg,Dog,1,319,248
PetImages/Dog/8522.jpg,Dog,1,341,500
PetImages/Dog/8523.jpg,Dog,1,360,270
PetImages/Dog/8524.jpg,Dog,1,500,474
PetImages/Dog/8525.jpg,Dog,1,500,375
PetImages/Dog/8526.jpg,Dog,1,500,375
PetImages/Dog/8528.jpg,Dog,1,500,438
PetImages/Dog/8529.jpg,Dog,1,484,346
PetImages/Dog/853.jpg,Dog,1,500,353
PetImages/Dog/8532.jpg,Dog,1,437,500
PetImages/Dog/8533.jpg,Dog,1,500,375
PetImages/Dog/8536.jpg,Dog,1,480,360
PetImages/Dog/8537.jpg,Dog,1,500,329
PetImages/Dog/8538.jpg,Dog,1,500,375
PetImages/Dog/854.jpg,Dog,1,500,375
PetImages/Dog/8540.jpg,Dog,1,500,391
PetImages/Dog/8542.jpg,Dog,1,315,284
PetImages/Dog/8543.jpg,Dog,1,500,375
PetImages/Dog/8544.jpg,Dog,1,500,375
PetImages/Dog/8546.jpg,Dog,1,375,283
PetImages/Dog/8549.jpg,Dog,1,500,499
PetImages/Dog/855.jpg,Dog,1,500,375
PetImages/Dog/8551.jpg,Dog,1,500,375
PetImages/Dog/8552.jpg,Dog,1,500,375
PetImages/Dog/8553.jpg,Dog,1,350,294
PetImages/Dog/8554.jpg,Dog,1,500,375
PetImages/Dog/8556.jpg,Dog,1,500,375
PetImages/Dog/8557.jpg,Dog,1,339,394
PetImages/Dog/8561.jpg,Dog,1,485,500
PetImages/Dog/8562.jpg,Dog,1,380,452
PetImages/Dog/8563.jpg,Dog,1,281,480
PetImages/Dog/8564.jpg,Dog,1,500,467
PetImages/Dog/8565.jpg,Dog,1,500,269
PetImages/Dog/8566.jpg,Dog,1,400,376
PetImages/Dog/8568.jpg,Dog,1,500,375
PetImages/Dog/8569.jpg,Dog,1,200,134
PetImages/Dog/857.jpg,Dog,1,430,500
PetImages/Dog/8572.jpg,Dog,1,250,175
PetImages/Dog/8573.jpg,Dog,1,300,300
PetImages/Dog/8575.jpg,Dog,1,500,375
PetImages/Dog/8576.jpg,Dog,1,500,375
PetImages/Dog/8577.jpg,Dog,1,324,400
PetImages/Dog/8578.jpg,Dog,1,464,418
PetImages/Dog/8579.jpg,Dog,1,364,500
PetImages/Dog/858.jpg,Dog,1,500,375
PetImages/Dog/8580.jpg,Dog,1,500,375
PetImages/Dog/8581.jpg,Dog,1,178,339
PetImages/Dog/8582.jpg,Dog,1,399,500
PetImages/Dog/8583.jpg,Dog,1,480,360
PetImages/Dog/8584.jpg,Dog,1,500,375
PetImages/Dog/8585.jpg,Dog,1,500,375
PetImages/Dog/8586.jpg,Dog,1,413,500
PetImages/Dog/8587.jpg,Dog,1,448,336
PetImages/Dog/8589.jpg,Dog,1,484,454
PetImages/Dog/859.jpg,Dog,1,256,255
PetImages/Dog/8590.jpg,Dog,1,500,448
PetImages/Dog/8591.jpg,Dog,1,325,356
PetImages/Dog/8593.jpg,Dog,1,500,375
PetImages/Dog/8594.jpg,Dog,1,313,414
PetImages/Dog/8596.jpg,Dog,1,358,335
PetImages/Dog/8597.jpg,Dog,1,500,343
PetImages/Dog/8598.jpg,Dog,1,309,342
PetImages/Dog/86.jpg,Dog,1,140,137
PetImages/Dog/8603.jpg,Dog,1,500,375
PetImages/Dog/8605.jpg,Dog,1,428,500
PetImages/Dog/8606.jpg,Dog,1,500,375
PetImages/Dog/8607.jpg,Dog,1,480,360
PetImages/Dog/8608.jpg,Dog,1,180,120
PetImages/Dog/8611.jpg,Dog,1,500,429
PetImages/Dog/8612.jpg,Dog,1,443,500
PetImages/Dog/8613.jpg,Dog,1,222,173
PetImages/Dog/8614.jpg,Dog,1,500,317
PetImages/Dog/8615.jpg,Dog,1,200,140
PetImages/Dog/8616.jpg,Dog,1,500,282
PetImages/Dog/8617.jpg,Dog,1,500,375
PetImages/Dog/8618.jpg,Dog,1,500,375
PetImages/Dog/8619.jpg,Dog,1,500,375
PetImages/Dog/862.jpg,Dog,1,342,500
PetImages/Dog/8620.jpg,Dog,1,440,496
PetImages/Dog/8621.jpg,Dog,1,500,375
PetImages/Dog/8622.jpg,Dog,1,226,300
PetImages/Dog/8624.jpg,Dog,1,500,375
PetImages/Dog/8625.jpg,Dog,1,500,449
PetImages/Dog/8626.jpg,Dog,1,307,409
PetImages/Dog/8627.jpg,Dog,1,500,375
PetImages/Dog/8628.jpg,Dog,1,500,375
PetImages/Dog/8629.jpg,Dog,1,500,375
PetImages/Dog/8630.jpg,Dog,1,490,342
PetImages/Dog/8631.jpg,Dog,1,240,180
PetImages/Dog/8632.jpg,Dog,1,144,137
PetImages/Dog/8633.jpg,Dog,1,283,350
PetImages/Dog/8634.jpg,Dog,1,350,262
PetImages/Dog/8639.jpg,Dog,1,500,375
PetImages/Dog/864.jpg,Dog,1,500,375
PetImages/Dog/8641.jpg,Dog,1,481,296
PetImages/Dog/8642.jpg,Dog,1,500,375
PetImages/Dog/8645.jpg,Dog,1,500,384
PetImages/Dog/8646.jpg,Dog,1,136,182
PetImages/Dog/8647.jpg,Dog,1,500,375
PetImages/Dog/8648.jpg,Dog,1,200,150
PetImages/Dog/8650.jpg,Dog,1,500,375
PetImages/Dog/8651.jpg,Dog,1,500,375
PetImages/Dog/8652.jpg,Dog,1,247,414
PetImages/Dog/8653.jpg,Dog,1,320,305
PetImages/Dog/8654.jpg,Dog,1,500,375
PetImages/Dog/8655.jpg,Dog,1,300,432
PetImages/Dog/8657.jpg,Dog,1,440,440
PetImages/Dog/8659.jpg,Dog,1,500,333
PetImages/Dog/8660.jpg,Dog,1,330,300
PetImages/Dog/8661.jpg,Dog,1,449,388
PetImages/Dog/8662.jpg,Dog,1,320,305
PetImages/Dog/8663.jpg,Dog,1,500,443
PetImages/Dog/8664.jpg,Dog,1,210,158
PetImages/Dog/8665.jpg,Dog,1,375,488
PetImages/Dog/8666.jpg,Dog,1,500,479
PetImages/Dog/8667.jpg,Dog,1,468,316
PetImages/Dog/8668.jpg,Dog,1,431,385
PetImages/Dog/8669.jpg,Dog,1,360,297
PetImages/Dog/867.jpg,Dog,1,350,262
PetImages/Dog/8670.jpg,Dog,1,418,480
PetImages/Dog/8671.jpg,Dog,1,500,375
PetImages/Dog/8672.jpg,Dog,1,243,268
PetImages/Dog/8673.jpg,Dog,1,438,500
PetImages/Dog/8674.jpg,Dog,1,500,375
PetImages/Dog/8675.jpg,Dog,1,500,493
PetImages/Dog/8676.jpg,Dog,1,221,249
PetImages/Dog/8679.jpg,Dog,1,500,375
PetImages/Dog/868.jpg,Dog,1,381,480
PetImages/Dog/8680.jpg,Dog,1,500,375
PetImages/Dog/8682.jpg,Dog,1,325,500
PetImages/Dog/8683.jpg,Dog,1,456,500
PetImages/Dog/8684.jpg,Dog,1,473,412
PetImages/Dog/8686.jpg,Dog,1,345,434
PetImages/Dog/8688.jpg,Dog,1,400,300
PetImages/Dog/869.jpg,Dog,1,326,448
PetImages/Dog/8690.jpg,Dog,1,476,500
PetImages/Dog/8691.jpg,Dog,1,500,375
PetImages/Dog/8692.jpg,Dog,1,500,333
PetImages/Dog/8693.jpg,Dog,1,376,339
PetImages/Dog/8695.jpg,Dog,1,500,375
PetImages/Dog/8696.jpg,Dog,1,375,500
PetImages/Dog/8697.jpg,Dog,1,430,500
PetImages/Dog/8698.jpg,Dog,1,500,398
PetImages/Dog/8699.jpg,Dog,1,360,270
PetImages/Dog/87.jpg,Dog,1,500,375
PetImages/Dog/870.jpg,Dog,1,410,334
PetImages/Dog/8700.jpg,Dog,1,400,317
PetImages/Dog/8701.jpg,Dog,1,500,333
PetImages/Dog/8703.jpg,Dog,1,457,500
PetImages/Dog/8704.jpg,Dog,1,500,375
PetImages/Dog/8705.jpg,Dog,1,264,270
PetImages/Dog/8706.jpg,Dog,1,500,375
PetImages/Dog/8707.jpg,Dog,1,300,372
PetImages/Dog/8709.jpg,Dog,1,500,375
PetImages/Dog/871.jpg,Dog,1,240,180
PetImages/Dog/8710.jpg,Dog,1,300,210
PetImages/Dog/8711.jpg,Dog,1,254,245
PetImages/Dog/8715.jpg,Dog,1,200,134
PetImages/Dog/8716.jpg,Dog,1,500,377
PetImages/Dog/8717.jpg,Dog,1,500,375
PetImages/Dog/8718.jpg,Dog,1,260,299
PetImages/Dog/8719.jpg,Dog,1,433,500
PetImages/Dog/872.jpg,Dog,1,408,500
PetImages/Dog/8720.jpg,Dog,1,180,240
PetImages/Dog/8722.jpg,Dog,1,174,288
PetImages/Dog/8723.jpg,Dog,1,500,370
PetImages/Dog/8724.jpg,Dog,1,500,480
PetImages/Dog/8725.jpg,Dog,1,500,271
PetImages/Dog/8727.jpg,Dog,1,500,375
PetImages/Dog/8728.jpg,Dog,1,427,500
PetImages/Dog/8729.jpg,Dog,1,500,429
PetImages/Dog/873.jpg,Dog,1,500,375
PetImages/Dog/8730.jpg,Dog,1,223,360
PetImages/Dog/8732.jpg,Dog,1,394,497
PetImages/Dog/8734.jpg,Dog,1,500,336
PetImages/Dog/8736.jpg,Dog,1,288,288
PetImages/Dog/8737.jpg,Dog,1,381,321
PetImages/Dog/874.jpg,Dog,1,400,500
PetImages/Dog/8741.jpg,Dog,1,500,288
PetImages/Dog/8742.jpg,Dog,1,500,332
PetImages/Dog/8744.jpg,Dog,1,375,500
PetImages/Dog/8746.jpg,Dog,1,500,411
PetImages/Dog/8747.jpg,Dog,1,360,480
PetImages/Dog/8748.jpg,Dog,1,500,375
PetImages/Dog/8749.jpg,Dog,1,500,295
PetImages/Dog/8750.jpg,Dog,1,246,200
PetImages/Dog/8751.jpg,Dog,1,500,375
PetImages/Dog/8752.jpg,Dog,1,500,375
PetImages/Dog/8753.jpg,Dog,1,500,375
PetImages/Dog/8755.jpg,Dog,1,200,237
PetImages/Dog/8756.jpg,Dog,1,500,500
PetImages/Dog/8757.jpg,Dog,1,500,375
PetImages/Dog/8758.jpg,Dog,1,400,405
PetImages/Dog/8761.jpg,Dog,1,439,368
PetImages/Dog/8763.jpg,Dog,1,350,431
PetImages/Dog/8764.jpg,Dog,1,300,322
PetImages/Dog/8766.jpg,Dog,1,310,206
PetImages/Dog/8769.jpg,Dog,1,318,352
PetImages/Dog/877.jpg,Dog,1,375,500
PetImages/Dog/8770.jpg,Dog,1,500,375
PetImages/Dog/8774.jpg,Dog,1,375,500
PetImages/Dog/8775.jpg,Dog,1,500,375
PetImages/Dog/8776.jpg,Dog,1,392,500
PetImages/Dog/8778.jpg,Dog,1,432,378
PetImages/Dog/8779.jpg,Dog,1,400,217
PetImages/Dog/8781.jpg,Dog,1,500,499
PetImages/Dog/8783.jpg,Dog,1,300,300
PetImages/Dog/8784.jpg,Dog,1,401,500
PetImages/Dog/8785.jpg,Dog,1,295,273
PetImages/Dog/8786.jpg,Dog,1,450,320
PetImages/Dog/8787.jpg,Dog,1,500,375
PetImages/Dog/8789.jpg,Dog,1,448,336
PetImages/Dog/8791.jpg,Dog,1,380,285
PetImages/Dog/8792.jpg,Dog,1,500,375
PetImages/Dog/8793.jpg,Dog,1,500,375
PetImages/Dog/8795.jpg,Dog,1,500,375
PetImages/Dog/8797.jpg,Dog,1,303,267
PetImages/Dog/8799.jpg,Dog,1,500,375
PetImages/Dog/880.jpg,Dog,1,500,467
PetImages/Dog/8800.jpg,Dog,1,426,418
PetImages/Dog/8802.jpg,Dog,1,330,360
PetImages/Dog/8803.jpg,Dog,1,500,375
PetImages/Dog/8804.jpg,Dog,1,121,141
PetImages/Dog/8805.jpg,Dog,1,500,359
PetImages/Dog/8806.jpg,Dog,1,321,440
PetImages/Dog/8807.jpg,Dog,1,375,500
PetImages/Dog/8809.jpg,Dog,1,275,275
PetImages/Dog/8813.jpg,Dog,1,446,500
PetImages/Dog/8814.jpg,Dog,1,268,395
PetImages/Dog/8815.jpg,Dog,1,500,375
PetImages/Dog/8816.jpg,Dog,1,500,349
PetImages/Dog/8818.jpg,Dog,1,480,360
PetImages/Dog/882.jpg,Dog,1,500,333
PetImages/Dog/8820.jpg,Dog,1,500,418
PetImages/Dog/8822.jpg,Dog,1,500,375
PetImages/Dog/8824.jpg,Dog,1,239,229
PetImages/Dog/8826.jpg,Dog,1,360,384
PetImages/Dog/8827.jpg,Dog,1,500,362
PetImages/Dog/8828.jpg,Dog,1,500,374
PetImages/Dog/8829.jpg,Dog,1,422,253
PetImages/Dog/883.jpg,Dog,1,279,338
PetImages/Dog/8831.jpg,Dog,1,500,375
PetImages/Dog/8832.jpg,Dog,1,375,500
PetImages/Dog/8833.jpg,Dog,1,375,500
PetImages/Dog/8834.jpg,Dog,1,239,252
PetImages/Dog/8835.jpg,Dog,1,500,375
PetImages/Dog/8836.jpg,Dog,1,320,240
PetImages/Dog/8837.jpg,Dog,1,500,375
PetImages/Dog/8838.jpg,Dog,1,450,329
PetImages/Dog/884.jpg,Dog,1,500,375
PetImages/Dog/8842.jpg,Dog,1,500,375
PetImages/Dog/8843.jpg,Dog,1,257,385
PetImages/Dog/8844.jpg,Dog,1,431,325
PetImages/Dog/8845.jpg,Dog,1,500,375
PetImages/Dog/8846.jpg,Dog,1,183,215
PetImages/Dog/8847.jpg,Dog,1,402,500
PetImages/Dog/8848.jpg,Dog,1,222,319
PetImages/Dog/8849.jpg,Dog,1,500,375
PetImages/Dog/8850.jpg,Dog,1,150,145
PetImages/Dog/8853.jpg,Dog,1,500,447
PetImages/Dog/8854.jpg,Dog,1,490,366
PetImages/Dog/8856.jpg,Dog,1,291,411
PetImages/Dog/8857.jpg,Dog,1,226,172
PetImages/Dog/886.jpg,Dog,1,500,375
PetImages/Dog/8860.jpg,Dog,1,375,500
PetImages/Dog/8862.jpg,Dog,1,480,493
PetImages/Dog/8863.jpg,Dog,1,400,350
PetImages/Dog/8865.jpg,Dog,1,480,360
PetImages/Dog/8866.jpg,Dog,1,288,400
PetImages/Dog/8867.jpg,Dog,1,252,242
PetImages/Dog/887.jpg,Dog,1,345,415
PetImages/Dog/8870.jpg,Dog,1,500,471
PetImages/Dog/8871.jpg,Dog,1,436,416
PetImages/Dog/8872.jpg,Dog,1,500,332
PetImages/Dog/8873.jpg,Dog,1,375,500
PetImages/Dog/8874.jpg,Dog,1,464,377
PetImages/Dog/8875.jpg,Dog,1,384,477
PetImages/Dog/8876.jpg,Dog,1,453,340
PetImages/Dog/8877.jpg,Dog,1,351,500
PetImages/Dog/8879.jpg,Dog,1,448,480
PetImages/Dog/888.jpg,Dog,1,249,432
PetImages/Dog/8881.jpg,Dog,1,500,256
PetImages/Dog/8884.jpg,Dog,1,267,500
PetImages/Dog/8886.jpg,Dog,1,500,375
PetImages/Dog/8887.jpg,Dog,1,500,375
PetImages/Dog/8888.jpg,Dog,1,479,500
PetImages/Dog/889.jpg,Dog,1,500,375
PetImages/Dog/8890.jpg,Dog,1,333,500
PetImages/Dog/8892.jpg,Dog,1,375,375
PetImages/Dog/8895.jpg,Dog,1,320,240
PetImages/Dog/8896.jpg,Dog,1,239,347
PetImages/Dog/8897.jpg,Dog,1,500,375
PetImages/Dog/8898.jpg,Dog,1,154,128
PetImages/Dog/89.jpg,Dog,1,500,375
PetImages/Dog/890.jpg,Dog,1,430,500
PetImages/Dog/8903.jpg,Dog,1,471,500
PetImages/Dog/8905.jpg,Dog,1,207,300
PetImages/Dog/8907.jpg,Dog,1,327,312
PetImages/Dog/8908.jpg,Dog,1,500,375
PetImages/Dog/8909.jpg,Dog,1,500,327
PetImages/Dog/891.jpg,Dog,1,500,449
PetImages/Dog/8910.jpg,Dog,1,349,480
PetImages/Dog/8912.jpg,Dog,1,281,300
PetImages/Dog/8913.jpg,Dog,1,500,375
PetImages/Dog/8914.jpg,Dog,1,407,500
PetImages/Dog/8915.jpg,Dog,1,381,336
PetImages/Dog/8916.jpg,Dog,1,400,400
PetImages/Dog/8917.jpg,Dog,1,209,230
PetImages/Dog/8919.jpg,Dog,1,405,500
PetImages/Dog/8922.jpg,Dog,1,350,262
PetImages/Dog/8923.jpg,Dog,1,300,322
PetImages/Dog/8924.jpg,Dog,1,320,240
PetImages/Dog/8925.jpg,Dog,1,500,310
PetImages/Dog/8926.jpg,Dog,1,320,240
PetImages/Dog/8927.jpg,Dog,1,500,362
PetImages/Dog/8928.jpg,Dog,1,375,500
PetImages/Dog/8929.jpg,Dog,1,160,160
PetImages/Dog/893.jpg,Dog,1,500,491
PetImages/Dog/8931.jpg,Dog,1,500,375
PetImages/Dog/8933.jpg,Dog,1,500,429
PetImages/Dog/8934.jpg,Dog,1,484,500
PetImages/Dog/8935.jpg,Dog,1,500,375
PetImages/Dog/8936.jpg,Dog,1,250,250
PetImages/Dog/8939.jpg,Dog,1,500,375
PetImages/Dog/894.jpg,Dog,1,320,378
PetImages/Dog/8940.jpg,Dog,1,150,131
PetImages/Dog/8941.jpg,Dog,1,500,355
PetImages/Dog/8942.jpg,Dog,1,334,352
PetImages/Dog/8945.jpg,Dog,1,500,438
PetImages/Dog/8946.jpg,Dog,1,250,311
PetImages/Dog/8950.jpg,Dog,1,500,456
PetImages/Dog/8951.jpg,Dog,1,500,281
PetImages/Dog/8953.jpg,Dog,1,500,380
PetImages/Dog/8954.jpg,Dog,1,500,396
PetImages/Dog/8958.jpg,Dog,1,300,182
PetImages/Dog/8959.jpg,Dog,1,500,375
PetImages/Dog/896.jpg,Dog,1,425,500
PetImages/Dog/8963.jpg,Dog,1,474,500
PetImages/Dog/8964.jpg,Dog,1,500,375
PetImages/Dog/8965.jpg,Dog,1,500,375
PetImages/Dog/8969.jpg,Dog,1,500,375
PetImages/Dog/897.jpg,Dog,1,212,176
PetImages/Dog/8972.jpg,Dog,1,500,375
PetImages/Dog/8973.jpg,Dog,1,259,500
PetImages/Dog/8974.jpg,Dog,1,500,375
PetImages/Dog/8975.jpg,Dog,1,274,450
PetImages/Dog/8976.jpg,Dog,1,500,438
PetImages/Dog/898.jpg,Dog,1,500,375
PetImages/Dog/8980.jpg,Dog,1,500,465
PetImages/Dog/8981.jpg,Dog,1,500,439
PetImages/Dog/8982.jpg,Dog,1,308,480
PetImages/Dog/8983.jpg,Dog,1,500,405
PetImages/Dog/8984.jpg,Dog,1,500,375
PetImages/Dog/8987.jpg,Dog,1,71,96
PetImages/Dog/899.jpg,Dog,1,448,336
PetImages/Dog/8990.jpg,Dog,1,429,450
PetImages/Dog/8991.jpg,Dog,1,300,375
PetImages/Dog/8992.jpg,Dog,1,288,216
PetImages/Dog/8993.jpg,Dog,1,350,262
PetImages/Dog/8994.jpg,Dog,1,397,500
PetImages/Dog/8995.jpg,Dog,1,480,360
PetImages/Dog/8996.jpg,Dog,1,197,197
PetImages/Dog/8997.jpg,Dog,1,297,288
PetImages/Dog/9.jpg,Dog,1,369,500
PetImages/Dog/90.jpg,Dog,1,285,500
PetImages/Dog/900.jpg,Dog,1,461,500
PetImages/Dog/9000.jpg,Dog,1,500,374
PetImages/Dog/9002.jpg,Dog,1,375,500
PetImages/Dog/9003.jpg,Dog,1,271,400
PetImages/Dog/9005.jpg,Dog,1,500,391
PetImages/Dog/9006.jpg,Dog,1,500,375
PetImages/Dog/9008.jpg,Dog,1,400,363
PetImages/Dog/901.jpg,Dog,1,475,411
PetImages/Dog/9010.jpg,Dog,1,500,375
PetImages/Dog/9011.jpg,Dog,1,412,500
PetImages/Dog/9012.jpg,Dog,1,399,500
PetImages/Dog/9013.jpg,Dog,1,350,233
PetImages/Dog/9014.jpg,Dog,1,240,338
PetImages/Dog/9015.jpg,Dog,1,275,238
PetImages/Dog/9016.jpg,Dog,1,369,500
PetImages/Dog/9017.jpg,Dog,1,500,333
PetImages/Dog/9019.jpg,Dog,1,500,375
PetImages/Dog/902.jpg,Dog,1,500,375
PetImages/Dog/9020.jpg,Dog,1,405,414
PetImages/Dog/9022.jpg,Dog,1,288,216
PetImages/Dog/9023.jpg,Dog,1,416,500
PetImages/Dog/9024.jpg,Dog,1,480,338
PetImages/Dog/9025.jpg,Dog,1,500,375
PetImages/Dog/9026.jpg,Dog,1,347,434
PetImages/Dog/9028.jpg,Dog,1,195,360
PetImages/Dog/9029.jpg,Dog,1,500,375
PetImages/Dog/9031.jpg,Dog,1,350,349
PetImages/Dog/9032.jpg,Dog,1,336,402
PetImages/Dog/9034.jpg,Dog,1,500,332
PetImages/Dog/9035.jpg,Dog,1,338,500
PetImages/Dog/9037.jpg,Dog,1,288,352
PetImages/Dog/9038.jpg,Dog,1,412,500
PetImages/Dog/904.jpg,Dog,1,350,234
PetImages/Dog/9040.jpg,Dog,1,500,332
PetImages/Dog/9041.jpg,Dog,1,395,262
PetImages/Dog/9042.jpg,Dog,1,300,225
PetImages/Dog/9043.jpg,Dog,1,320,240
PetImages/Dog/9044.jpg,Dog,1,500,375
PetImages/Dog/9045.jpg,Dog,1,372,375
PetImages/Dog/9046.jpg,Dog,1,164,200
PetImages/Dog/9047.jpg,Dog,1,500,375
PetImages/Dog/9048.jpg,Dog,1,231,311
PetImages/Dog/9049.jpg,Dog,1,224,320
PetImages/Dog/905.jpg,Dog,1,500,375
PetImages/Dog/9051.jpg,Dog,1,500,375
PetImages/Dog/9053.jpg,Dog,1,239,400
PetImages/Dog/9054.jpg,Dog,1,500,375
PetImages/Dog/9055.jpg,Dog,1,500,375
PetImages/Dog/9056.jpg,Dog,1,413,314
PetImages/Dog/9057.jpg,Dog,1,389,500
PetImages/Dog/9058.jpg,Dog,1,500,375
PetImages/Dog/906.jpg,Dog,1,423,500
PetImages/Dog/9062.jpg,Dog,1,317,350
PetImages/Dog/9064.jpg,Dog,1,350,288
PetImages/Dog/9065.jpg,Dog,1,411,500
PetImages/Dog/9066.jpg,Dog,1,500,375
PetImages/Dog/9067.jpg,Dog,1,391,500
PetImages/Dog/9068.jpg,Dog,1,500,330
PetImages/Dog/9069.jpg,Dog,1,500,375
PetImages/Dog/907.jpg,Dog,1,354,500
PetImages/Dog/9070.jpg,Dog,1,500,419
PetImages/Dog/9071.jpg,Dog,1,200,183
PetImages/Dog/9072.jpg,Dog,1,251,300
PetImages/Dog/9073.jpg,Dog,1,249,288
PetImages/Dog/9074.jpg,Dog,1,352,500
PetImages/Dog/9076.jpg,Dog,1,360,500
PetImages/Dog/9077.jpg,Dog,1,500,375
PetImages/Dog/9079.jpg,Dog,1,429,500
PetImages/Dog/9080.jpg,Dog,1,500,375
PetImages/Dog/9081.jpg,Dog,1,500,375
PetImages/Dog/9082.jpg,Dog,1,500,375
PetImages/Dog/9085.jpg,Dog,1,500,346
PetImages/Dog/9086.jpg,Dog,1,228,245
PetImages/Dog/9088.jpg,Dog,1,240,500
PetImages/Dog/909.jpg,Dog,1,190,209
PetImages/Dog/9090.jpg,Dog,1,500,332
PetImages/Dog/9091.jpg,Dog,1,500,375
PetImages/Dog/9093.jpg,Dog,1,300,209
PetImages/Dog/9094.jpg,Dog,1,335,382
PetImages/Dog/9095.jpg,Dog,1,284,365
PetImages/Dog/9096.jpg,Dog,1,337,500
PetImages/Dog/9097.jpg,Dog,1,231,208
PetImages/Dog/9099.jpg,Dog,1,200,172
PetImages/Dog/91.jpg,Dog,1,200,218
PetImages/Dog/910.jpg,Dog,1,480,320
PetImages/Dog/9102.jpg,Dog,1,500,375
PetImages/Dog/9105.jpg,Dog,1,400,300
PetImages/Dog/9106.jpg,Dog,1,500,382
PetImages/Dog/9107.jpg,Dog,1,400,300
PetImages/Dog/9108.jpg,Dog,1,185,171
PetImages/Dog/9111.jpg,Dog,1,364,346
PetImages/Dog/9113.jpg,Dog,1,500,439
PetImages/Dog/9114.jpg,Dog,1,228,198
PetImages/Dog/9115.jpg,Dog,1,300,400
PetImages/Dog/9117.jpg,Dog,1,360,480
PetImages/Dog/912.jpg,Dog,1,427,500
PetImages/Dog/9120.jpg,Dog,1,500,375
PetImages/Dog/9121.jpg,Dog,1,220,252
PetImages/Dog/9122.jpg,Dog,1,500,375
PetImages/Dog/9125.jpg,Dog,1,500,375
PetImages/Dog/9126.jpg,Dog,1,375,500
PetImages/Dog/9128.jpg,Dog,1,200,148
PetImages/Dog/9129.jpg,Dog,1,500,330
PetImages/Dog/913.jpg,Dog,1,500,375
PetImages/Dog/9130.jpg,Dog,1,143,189
PetImages/Dog/9131.jpg,Dog,1,432,445
PetImages/Dog/9132.jpg,Dog,1,303,373
PetImages/Dog/9134.jpg,Dog,1,375,500
PetImages/Dog/9135.jpg,Dog,1,286,500
PetImages/Dog/9136.jpg,Dog,1,500,375
PetImages/Dog/9137.jpg,Dog,1,500,375
PetImages/Dog/9138.jpg,Dog,1,376,500
PetImages/Dog/9139.jpg,Dog,1,500,375
PetImages/Dog/914.jpg,Dog,1,372,395
PetImages/Dog/9140.jpg,Dog,1,347,500
PetImages/Dog/9141.jpg,Dog,1,500,375
PetImages/Dog/9143.jpg,Dog,1,320,480
PetImages/Dog/9144.jpg,Dog,1,500,375
PetImages/Dog/9146.jpg,Dog,1,389,277
PetImages/Dog/9147.jpg,Dog,1,500,375
PetImages/Dog/9148.jpg,Dog,1,499,500
PetImages/Dog/9149.jpg,Dog,1,500,375
PetImages/Dog/915.jpg,Dog,1,374,418
PetImages/Dog/9152.jpg,Dog,1,500,375
PetImages/Dog/9153.jpg,Dog,1,500,375
PetImages/Dog/9154.jpg,Dog,1,286,379
PetImages/Dog/9156.jpg,Dog,1,300,423
PetImages/Dog/9158.jpg,Dog,1,200,222
PetImages/Dog/9159.jpg,Dog,1,491,500
PetImages/Dog/916.jpg,Dog,1,500,392
PetImages/Dog/9160.jpg,Dog,1,500,375
PetImages/Dog/9161.jpg,Dog,1,500,359
PetImages/Dog/9162.jpg,Dog,1,408,308
PetImages/Dog/9163.jpg,Dog,1,500,377
PetImages/Dog/9164.jpg,Dog,1,500,375
PetImages/Dog/9165.jpg,Dog,1,335,500
PetImages/Dog/9166.jpg,Dog,1,500,500
PetImages/Dog/9167.jpg,Dog,1,375,500
PetImages/Dog/9168.jpg,Dog,1,400,300
PetImages/Dog/9169.jpg,Dog,1,350,300
PetImages/Dog/9170.jpg,Dog,1,437,400
PetImages/Dog/9173.jpg,Dog,1,500,375
PetImages/Dog/9174.jpg,Dog,1,360,270
PetImages/Dog/9175.jpg,Dog,1,500,417
PetImages/Dog/9176.jpg,Dog,1,500,375
PetImages/Dog/9177.jpg,Dog,1,319,306
PetImages/Dog/9178.jpg,Dog,1,500,464
PetImages/Dog/9179.jpg,Dog,1,300,341
PetImages/Dog/918.jpg,Dog,1,480,312
PetImages/Dog/9180.jpg,Dog,1,350,263
PetImages/Dog/9183.jpg,Dog,1,500,337
PetImages/Dog/9184.jpg,Dog,1,500,375
PetImages/Dog/9185.jpg,Dog,1,431,411
PetImages/Dog/9186.jpg,Dog,1,500,419
PetImages/Dog/9187.jpg,Dog,1,350,262
PetImages/Dog/9188.jpg,Dog,1,99,125
PetImages/Dog/919.jpg,Dog,1,500,375
PetImages/Dog/9191.jpg,Dog,1,350,280
PetImages/Dog/9193.jpg,Dog,1,320,240
PetImages/Dog/9194.jpg,Dog,1,267,400
PetImages/Dog/9196.jpg,Dog,1,500,375
PetImages/Dog/9198.jpg,Dog,1,263,240
PetImages/Dog/92.jpg,Dog,1,313,234
PetImages/Dog/920.jpg,Dog,1,400,300
PetImages/Dog/9200.jpg,Dog,1,162,139
PetImages/Dog/9201.jpg,Dog,1,500,367
PetImages/Dog/9202.jpg,Dog,1,448,500
PetImages/Dog/9203.jpg,Dog,1,448,336
PetImages/Dog/9204.jpg,Dog,1,452,500
PetImages/Dog/9205.jpg,Dog,1,500,375
PetImages/Dog/9207.jpg,Dog,1,500,376
PetImages/Dog/9208.jpg,Dog,1,264,292
PetImages/Dog/9209.jpg,Dog,1,250,186
PetImages/Dog/9210.jpg,Dog,1,375,500
PetImages/Dog/9212.jpg,Dog,1,500,375
PetImages/Dog/9214.jpg,Dog,1,463,465
PetImages/Dog/9215.jpg,Dog,1,500,333
PetImages/Dog/9216.jpg,Dog,1,419,258
PetImages/Dog/9217.jpg,Dog,1,238,203
PetImages/Dog/9218.jpg,Dog,1,400,403
PetImages/Dog/922.jpg,Dog,1,360,240
PetImages/Dog/9222.jpg,Dog,1,415,500
PetImages/Dog/9223.jpg,Dog,1,500,375
PetImages/Dog/9224.jpg,Dog,1,356,500
PetImages/Dog/9225.jpg,Dog,1,500,375
PetImages/Dog/9226.jpg,Dog,1,354,269
PetImages/Dog/9227.jpg,Dog,1,272,365
PetImages/Dog/9228.jpg,Dog,1,268,500
PetImages/Dog/923.jpg,Dog,1,320,240
PetImages/Dog/9231.jpg,Dog,1,380,500
PetImages/Dog/9232.jpg,Dog,1,500,375
PetImages/Dog/9233.jpg,Dog,1,500,395
PetImages/Dog/9234.jpg,Dog,1,320,277
PetImages/Dog/9235.jpg,Dog,1,364,336
PetImages/Dog/9237.jpg,Dog,1,279,386
PetImages/Dog/9238.jpg,Dog,1,222,200
PetImages/Dog/924.jpg,Dog,1,500,375
PetImages/Dog/9240.jpg,Dog,1,474,397
PetImages/Dog/9241.jpg,Dog,1,333,500
PetImages/Dog/9242.jpg,Dog,1,500,375
PetImages/Dog/9243.jpg,Dog,1,400,300
PetImages/Dog/9244.jpg,Dog,1,500,315
PetImages/Dog/9245.jpg,Dog,1,270,270
PetImages/Dog/9246.jpg,Dog,1,65,47
PetImages/Dog/9248.jpg,Dog,1,216,274
PetImages/Dog/925.jpg,Dog,1,320,240
PetImages/Dog/9251.jpg,Dog,1,500,375
PetImages/Dog/9252.jpg,Dog,1,200,135
PetImages/Dog/9253.jpg,Dog,1,500,377
PetImages/Dog/9254.jpg,Dog,1,400,476
PetImages/Dog/9256.jpg,Dog,1,435,393
PetImages/Dog/9257.jpg,Dog,1,500,375
PetImages/Dog/9258.jpg,Dog,1,350,336
PetImages/Dog/926.jpg,Dog,1,367,500
PetImages/Dog/9260.jpg,Dog,1,400,300
PetImages/Dog/9261.jpg,Dog,1,500,375
PetImages/Dog/9263.jpg,Dog,1,152,175
PetImages/Dog/9264.jpg,Dog,1,433,500
PetImages/Dog/9265.jpg,Dog,1,491,500
PetImages/Dog/9266.jpg,Dog,1,295,480
PetImages/Dog/9267.jpg,Dog,1,273,500
PetImages/Dog/9268.jpg,Dog,1,500,375
PetImages/Dog/9269.jpg,Dog,1,500,434
PetImages/Dog/927.jpg,Dog,1,60,80
PetImages/Dog/9270.jpg,Dog,1,437,500
PetImages/Dog/9271.jpg,Dog,1,500,375
PetImages/Dog/9272.jpg,Dog,1,500,375
PetImages/Dog/9274.jpg,Dog,1,307,296
PetImages/Dog/9275.jpg,Dog,1,500,408
PetImages/Dog/9277.jpg,Dog,1,375,500
PetImages/Dog/9278.jpg,Dog,1,114,150
PetImages/Dog/928.jpg,Dog,1,500,490
PetImages/Dog/9281.jpg,Dog,1,500,375
PetImages/Dog/9282.jpg,Dog,1,500,358
PetImages/Dog/9284.jpg,Dog,1,500,376
PetImages/Dog/9285.jpg,Dog,1,462,450
PetImages/Dog/9286.jpg,Dog,1,361,450
PetImages/Dog/9287.jpg,Dog,1,260,390
PetImages/Dog/9289.jpg,Dog,1,500,375
PetImages/Dog/929.jpg,Dog,1,500,375
PetImages/Dog/9291.jpg,Dog,1,219,321
PetImages/Dog/9292.jpg,Dog,1,320,240
PetImages/Dog/9293.jpg,Dog,1,288,250
PetImages/Dog/9294.jpg,Dog,1,500,375
PetImages/Dog/9295.jpg,Dog,1,500,374
PetImages/Dog/9296.jpg,Dog,1,500,375
PetImages/Dog/9297.jpg,Dog,1,434,500
PetImages/Dog/9298.jpg,Dog,1,500,497
PetImages/Dog/9299.jpg,Dog,1,350,250
PetImages/Dog/93.jpg,Dog,1,500,375
PetImages/Dog/930.jpg,Dog,1,250,245
PetImages/Dog/9300.jpg,Dog,1,389,362
PetImages/Dog/9301.jpg,Dog,1,500,375
PetImages/Dog/9303.jpg,Dog,1,500,460
PetImages/Dog/9305.jpg,Dog,1,500,375
PetImages/Dog/9306.jpg,Dog,1,360,500
PetImages/Dog/9307.jpg,Dog,1,482,500
PetImages/Dog/9308.jpg,Dog,1,165,223
PetImages/Dog/9309.jpg,Dog,1,166,248
PetImages/Dog/931.jpg,Dog,1,500,372
PetImages/Dog/9312.jpg,Dog,1,500,452
PetImages/Dog/9315.jpg,Dog,1,500,375
PetImages/Dog/9317.jpg,Dog,1,500,383
PetImages/Dog/9318.jpg,Dog,1,500,378
PetImages/Dog/932.jpg,Dog,1,500,333
PetImages/Dog/9320.jpg,Dog,1,500,375
PetImages/Dog/9321.jpg,Dog,1,267,302
PetImages/Dog/9322.jpg,Dog,1,500,375
PetImages/Dog/9324.jpg,Dog,1,401,500
PetImages/Dog/9325.jpg,Dog,1,500,354
PetImages/Dog/9326.jpg,Dog,1,500,433
PetImages/Dog/9329.jpg,Dog,1,304,395
PetImages/Dog/933.jpg,Dog,1,500,375
PetImages/Dog/9330.jpg,Dog,1,400,300
PetImages/Dog/9331.jpg,Dog,1,267,200
PetImages/Dog/9332.jpg,Dog,1,500,420
PetImages/Dog/9334.jpg,Dog,1,500,376
PetImages/Dog/9335.jpg,Dog,1,300,264
PetImages/Dog/9336.jpg,Dog,1,205,152
PetImages/Dog/9337.jpg,Dog,1,434,500
PetImages/Dog/9339.jpg,Dog,1,500,375
PetImages/Dog/934.jpg,Dog,1,500,375
PetImages/Dog/9341.jpg,Dog,1,377,500
PetImages/Dog/9343.jpg,Dog,1,500,375
PetImages/Dog/9345.jpg,Dog,1,500,334
PetImages/Dog/9346.jpg,Dog,1,133,200
PetImages/Dog/9348.jpg,Dog,1,171,216
PetImages/Dog/935.jpg,Dog,1,320,240
PetImages/Dog/9350.jpg,Dog,1,392,500
PetImages/Dog/9351.jpg,Dog,1,500,478
PetImages/Dog/9352.jpg,Dog,1,334,500
PetImages/Dog/9353.jpg,Dog,1,500,375
PetImages/Dog/9355.jpg,Dog,1,380,282
PetImages/Dog/9356.jpg,Dog,1,163,210
PetImages/Dog/9357.jpg,Dog,1,500,451
PetImages/Dog/9358.jpg,Dog,1,336,336
PetImages/Dog/9359.jpg,Dog,1,500,295
PetImages/Dog/936.jpg,Dog,1,200,180
PetImages/Dog/9360.jpg,Dog,1,400,439
PetImages/Dog/9363.jpg,Dog,1,270,500
PetImages/Dog/9364.jpg,Dog,1,273,422
PetImages/Dog/9365.jpg,Dog,1,500,375
PetImages/Dog/9366.jpg,Dog,1,500,375
PetImages/Dog/9368.jpg,Dog,1,480,477
PetImages/Dog/937.jpg,Dog,1,500,375
PetImages/Dog/9371.jpg,Dog,1,324,479
PetImages/Dog/9372.jpg,Dog,1,360,480
PetImages/Dog/9373.jpg,Dog,1,500,276
PetImages/Dog/9375.jpg,Dog,1,500,334
PetImages/Dog/9376.jpg,Dog,1,161,221
PetImages/Dog/9377.jpg,Dog,1,320,240
PetImages/Dog/9379.jpg,Dog,1,500,298
PetImages/Dog/9380.jpg,Dog,1,500,375
PetImages/Dog/9381.jpg,Dog,1,338,288
PetImages/Dog/9382.jpg,Dog,1,367,500
PetImages/Dog/9383.jpg,Dog,1,500,375
PetImages/Dog/9385.jpg,Dog,1,500,499
PetImages/Dog/9386.jpg,Dog,1,160,149
PetImages/Dog/9387.jpg,Dog,1,180,276
PetImages/Dog/9388.jpg,Dog,1,500,329
PetImages/Dog/9389.jpg,Dog,1,469,500
PetImages/Dog/939.jpg,Dog,1,338,307
PetImages/Dog/9390.jpg,Dog,1,500,375
PetImages/Dog/9391.jpg,Dog,1,500,375
PetImages/Dog/9393.jpg,Dog,1,275,275
PetImages/Dog/9394.jpg,Dog,1,500,366
PetImages/Dog/9395.jpg,Dog,1,345,500
PetImages/Dog/9398.jpg,Dog,1,310,234
PetImages/Dog/9399.jpg,Dog,1,386,317
PetImages/Dog/940.jpg,Dog,1,500,337
PetImages/Dog/9400.jpg,Dog,1,311,341
PetImages/Dog/9402.jpg,Dog,1,500,375
PetImages/Dog/9403.jpg,Dog,1,209,365
PetImages/Dog/9404.jpg,Dog,1,459,500
PetImages/Dog/9407.jpg,Dog,1,349,500
PetImages/Dog/9408.jpg,Dog,1,423,500
PetImages/Dog/941.jpg,Dog,1,500,375
PetImages/Dog/9410.jpg,Dog,1,400,360
PetImages/Dog/9411.jpg,Dog,1,155,176
PetImages/Dog/9412.jpg,Dog,1,500,375
PetImages/Dog/9414.jpg,Dog,1,137,123
PetImages/Dog/9415.jpg,Dog,1,348,500
PetImages/Dog/9416.jpg,Dog,1,500,375
PetImages/Dog/9417.jpg,Dog,1,500,364
PetImages/Dog/9418.jpg,Dog,1,350,262
PetImages/Dog/942.jpg,Dog,1,500,375
PetImages/Dog/9420.jpg,Dog,1,500,375
PetImages/Dog/9421.jpg,Dog,1,448,336
PetImages/Dog/9422.jpg,Dog,1,500,375
PetImages/Dog/9425.jpg,Dog,1,500,375
PetImages/Dog/9427.jpg,Dog,1,500,442
PetImages/Dog/9428.jpg,Dog,1,375,500
PetImages/Dog/943.jpg,Dog,1,90,100
PetImages/Dog/9430.jpg,Dog,1,336,448
PetImages/Dog/9431.jpg,Dog,1,500,375
PetImages/Dog/9432.jpg,Dog,1,500,394
PetImages/Dog/9433.jpg,Dog,1,290,330
PetImages/Dog/9435.jpg,Dog,1,500,377
PetImages/Dog/9436.jpg,Dog,1,459,500
PetImages/Dog/9438.jpg,Dog,1,225,193
PetImages/Dog/9439.jpg,Dog,1,338,500
PetImages/Dog/944.jpg,Dog,1,500,411
PetImages/Dog/9441.jpg,Dog,1,488,500
PetImages/Dog/9443.jpg,Dog,1,270,290
PetImages/Dog/9444.jpg,Dog,1,456,438
PetImages/Dog/9445.jpg,Dog,1,200,160
PetImages/Dog/9446.jpg,Dog,1,170,227
PetImages/Dog/9449.jpg,Dog,1,375,372
PetImages/Dog/945.jpg,Dog,1,500,375
PetImages/Dog/9451.jpg,Dog,1,500,393
PetImages/Dog/9452.jpg,Dog,1,462,500
PetImages/Dog/9454.jpg,Dog,1,500,418
PetImages/Dog/9455.jpg,Dog,1,500,375
PetImages/Dog/9457.jpg,Dog,1,409,500
PetImages/Dog/9458.jpg,Dog,1,274,212
PetImages/Dog/9460.jpg,Dog,1,500,375
PetImages/Dog/9461.jpg,Dog,1,220,221
PetImages/Dog/9463.jpg,Dog,1,500,375
PetImages/Dog/9465.jpg,Dog,1,500,456
PetImages/Dog/9466.jpg,Dog,1,186,172
PetImages/Dog/9467.jpg,Dog,1,333,500
PetImages/Dog/9468.jpg,Dog,1,418,500
PetImages/Dog/9469.jpg,Dog,1,485,494
PetImages/Dog/9470.jpg,Dog,1,395,500
PetImages/Dog/9471.jpg,Dog,1,500,375
PetImages/Dog/9472.jpg,Dog,1,500,375
PetImages/Dog/9473.jpg,Dog,1,441,500
PetImages/Dog/9474.jpg,Dog,1,469,500
PetImages/Dog/9475.jpg,Dog,1,260,216
PetImages/Dog/9478.jpg,Dog,1,400,300
PetImages/Dog/9479.jpg,Dog,1,500,332
PetImages/Dog/948.jpg,Dog,1,500,496
PetImages/Dog/9481.jpg,Dog,1,500,332
PetImages/Dog/9483.jpg,Dog,1,500,375
PetImages/Dog/9484.jpg,Dog,1,327,500
PetImages/Dog/9485.jpg,Dog,1,222,300
PetImages/Dog/9487.jpg,Dog,1,146,116
PetImages/Dog/9488.jpg,Dog,1,429,499
PetImages/Dog/9489.jpg,Dog,1,446,500
PetImages/Dog/9490.jpg,Dog,1,500,318
PetImages/Dog/9491.jpg,Dog,1,500,375
PetImages/Dog/9493.jpg,Dog,1,400,298
PetImages/Dog/9495.jpg,Dog,1,423,500
PetImages/Dog/9497.jpg,Dog,1,500,375
PetImages/Dog/9499.jpg,Dog,1,384,500
PetImages/Dog/95.jpg,Dog,1,500,332
PetImages/Dog/950.jpg,Dog,1,431,286
PetImages/Dog/9500.jpg,Dog,1,160,120
PetImages/Dog/9501.jpg,Dog,1,288,219
PetImages/Dog/9502.jpg,Dog,1,334,500
PetImages/Dog/9504.jpg,Dog,1,500,375
PetImages/Dog/9505.jpg,Dog,1,500,379
PetImages/Dog/9506.jpg,Dog,1,400,300
PetImages/Dog/9507.jpg,Dog,1,500,499
PetImages/Dog/9509.jpg,Dog,1,392,349
PetImages/Dog/951.jpg,Dog,1,302,500
PetImages/Dog/9511.jpg,Dog,1,240,240
PetImages/Dog/9514.jpg,Dog,1,155,200
PetImages/Dog/9515.jpg,Dog,1,337,312
PetImages/Dog/9517.jpg,Dog,1,82,159
PetImages/Dog/9518.jpg,Dog,1,500,375
PetImages/Dog/9519.jpg,Dog,1,180,138
PetImages/Dog/9520.jpg,Dog,1,500,375
PetImages/Dog/9521.jpg,Dog,1,311,240
PetImages/Dog/9523.jpg,Dog,1,320,240
PetImages/Dog/9524.jpg,Dog,1,500,375
PetImages/Dog/9525.jpg,Dog,1,350,262
PetImages/Dog/9527.jpg,Dog,1,500,375
PetImages/Dog/9528.jpg,Dog,1,373,500
PetImages/Dog/953.jpg,Dog,1,240,320
PetImages/Dog/9530.jpg,Dog,1,500,375
PetImages/Dog/9531.jpg,Dog,1,500,375
PetImages/Dog/9533.jpg,Dog,1,500,359
PetImages/Dog/9534.jpg,Dog,1,288,397
PetImages/Dog/9535.jpg,Dog,1,500,375
PetImages/Dog/9536.jpg,Dog,1,114,100
PetImages/Dog/9537.jpg,Dog,1,500,334
PetImages/Dog/9538.jpg,Dog,1,500,375
PetImages/Dog/9540.jpg,Dog,1,490,500
PetImages/Dog/9541.jpg,Dog,1,479,480
PetImages/Dog/9542.jpg,Dog,1,500,375
PetImages/Dog/9543.jpg,Dog,1,500,375
PetImages/Dog/9544.jpg,Dog,1,476,447
PetImages/Dog/9545.jpg,Dog,1,500,375
PetImages/Dog/9546.jpg,Dog,1,273,184
PetImages/Dog/9548.jpg,Dog,1,416,341
PetImages/Dog/9550.jpg,Dog,1,223,377
PetImages/Dog/9551.jpg,Dog,1,315,357
PetImages/Dog/9554.jpg,Dog,1,296,220
PetImages/Dog/9555.jpg,Dog,1,382,500
PetImages/Dog/9556.jpg,Dog,1,190,191
PetImages/Dog/9557.jpg,Dog,1,500,374
PetImages/Dog/9559.jpg,Dog,1,500,347
PetImages/Dog/9560.jpg,Dog,1,374,480
PetImages/Dog/9561.jpg,Dog,1,500,375
PetImages/Dog/9562.jpg,Dog,1,380,285
PetImages/Dog/9564.jpg,Dog,1,500,375
PetImages/Dog/9565.jpg,Dog,1,500,375
PetImages/Dog/9566.jpg,Dog,1,500,335
PetImages/Dog/9567.jpg,Dog,1,500,375
PetImages/Dog/9568.jpg,Dog,1,500,375
PetImages/Dog/9569.jpg,Dog,1,385,235
PetImages/Dog/9570.jpg,Dog,1,141,171
PetImages/Dog/9571.jpg,Dog,1,433,500
PetImages/Dog/9572.jpg,Dog,1,285,400
PetImages/Dog/9576.jpg,Dog,1,360,491
PetImages/Dog/9577.jpg,Dog,1,409,500
PetImages/Dog/9579.jpg,Dog,1,500,375
PetImages/Dog/9582.jpg,Dog,1,448,299
PetImages/Dog/9583.jpg,Dog,1,223,306
PetImages/Dog/9585.jpg,Dog,1,500,452
PetImages/Dog/9586.jpg,Dog,1,500,461
PetImages/Dog/9587.jpg,Dog,1,500,271
PetImages/Dog/9589.jpg,Dog,1,500,416
PetImages/Dog/959.jpg,Dog,1,230,247
PetImages/Dog/9594.jpg,Dog,1,490,500
PetImages/Dog/9595.jpg,Dog,1,315,500
PetImages/Dog/9597.jpg,Dog,1,295,221
PetImages/Dog/9598.jpg,Dog,1,500,357
PetImages/Dog/9599.jpg,Dog,1,160,120
PetImages/Dog/960.jpg,Dog,1,500,375
PetImages/Dog/9601.jpg,Dog,1,375,500
PetImages/Dog/9602.jpg,Dog,1,500,375
PetImages/Dog/9604.jpg,Dog,1,364,500
PetImages/Dog/9605.jpg,Dog,1,500,347
PetImages/Dog/9607.jpg,Dog,1,338,448
PetImages/Dog/9608.jpg,Dog,1,284,406
PetImages/Dog/961.jpg,Dog,1,450,317
PetImages/Dog/9610.jpg,Dog,1,258,400
PetImages/Dog/9611.jpg,Dog,1,300,400
PetImages/Dog/9613.jpg,Dog,1,500,353
PetImages/Dog/9614.jpg,Dog,1,432,500
PetImages/Dog/9615.jpg,Dog,1,500,356
PetImages/Dog/9617.jpg,Dog,1,350,262
PetImages/Dog/9618.jpg,Dog,1,500,472
PetImages/Dog/962.jpg,Dog,1,500,496
PetImages/Dog/9621.jpg,Dog,1,500,375
PetImages/Dog/9622.jpg,Dog,1,496,500
PetImages/Dog/9623.jpg,Dog,1,375,500
PetImages/Dog/9624.jpg,Dog,1,300,252
PetImages/Dog/9625.jpg,Dog,1,303,454
PetImages/Dog/9626.jpg,Dog,1,455,500
PetImages/Dog/9627.jpg,Dog,1,300,400
PetImages/Dog/963.jpg,Dog,1,500,375
PetImages/Dog/9630.jpg,Dog,1,500,470
PetImages/Dog/9631.jpg,Dog,1,355,500
PetImages/Dog/9632.jpg,Dog,1,176,500
PetImages/Dog/9633.jpg,Dog,1,500,375
PetImages/Dog/9634.jpg,Dog,1,426,336
PetImages/Dog/9635.jpg,Dog,1,333,310
PetImages/Dog/9636.jpg,Dog,1,500,375
PetImages/Dog/9637.jpg,Dog,1,500,349
PetImages/Dog/9638.jpg,Dog,1,255,225
PetImages/Dog/9639.jpg,Dog,1,326,480
PetImages/Dog/9640.jpg,Dog,1,334,310
PetImages/Dog/9642.jpg,Dog,1,500,375
PetImages/Dog/9643.jpg,Dog,1,200,132
PetImages/Dog/9644.jpg,Dog,1,375,281
PetImages/Dog/9645.jpg,Dog,1,375,500
PetImages/Dog/9646.jpg,Dog,1,398,500
PetImages/Dog/9647.jpg,Dog,1,243,346
PetImages/Dog/9648.jpg,Dog,1,341,500
PetImages/Dog/9649.jpg,Dog,1,500,334
PetImages/Dog/9650.jpg,Dog,1,500,469
PetImages/Dog/9652.jpg,Dog,1,500,334
PetImages/Dog/9653.jpg,Dog,1,500,484
PetImages/Dog/9654.jpg,Dog,1,375,500
PetImages/Dog/9655.jpg,Dog,1,354,350
PetImages/Dog/9656.jpg,Dog,1,250,192
PetImages/Dog/9657.jpg,Dog,1,500,278
PetImages/Dog/9658.jpg,Dog,1,355,291
PetImages/Dog/9659.jpg,Dog,1,350,357
PetImages/Dog/966.jpg,Dog,1,350,366
PetImages/Dog/9662.jpg,Dog,1,500,331
PetImages/Dog/9663.jpg,Dog,1,305,315
PetImages/Dog/9664.jpg,Dog,1,412,500
PetImages/Dog/9666.jpg,Dog,1,320,240
PetImages/Dog/9668.jpg,Dog,1,300,455
PetImages/Dog/9669.jpg,Dog,1,119,199
PetImages/Dog/9670.jpg,Dog,1,200,150
PetImages/Dog/9671.jpg,Dog,1,500,377
PetImages/Dog/9672.jpg,Dog,1,500,375
PetImages/Dog/9673.jpg,Dog,1,500,375
PetImages/Dog/9675.jpg,Dog,1,500,375
PetImages/Dog/9676.jpg,Dog,1,500,375
PetImages/Dog/9678.jpg,Dog,1,150,150
PetImages/Dog/9682.jpg,Dog,1,180,173
PetImages/Dog/9683.jpg,Dog,1,270,360
PetImages/Dog/9684.jpg,Dog,1,500,375
PetImages/Dog/9685.jpg,Dog,1,375,500
PetImages/Dog/9688.jpg,Dog,1,500,353
PetImages/Dog/969.jpg,Dog,1,500,375
PetImages/Dog/9690.jpg,Dog,1,200,174
PetImages/Dog/9692.jpg,Dog,1,500,475
PetImages/Dog/9693.jpg,Dog,1,500,377
PetImages/Dog/9694.jpg,Dog,1,350,258
PetImages/Dog/9695.jpg,Dog,1,500,442
PetImages/Dog/9697.jpg,Dog,1,310,477
PetImages/Dog/9698.jpg,Dog,1,300,200
PetImages/Dog/9699.jpg,Dog,1,347,377
PetImages/Dog/97.jpg,Dog,1,500,375
PetImages/Dog/970.jpg,Dog,1,267,500
PetImages/Dog/9700.jpg,Dog,1,271,245
PetImages/Dog/9701.jpg,Dog,1,500,375
PetImages/Dog/9703.jpg,Dog,1,342,500
PetImages/Dog/9705.jpg,Dog,1,60,39
PetImages/Dog/9706.jpg,Dog,1,324,400
PetImages/Dog/9707.jpg,Dog,1,312,220
PetImages/Dog/9708.jpg,Dog,1,423,500
PetImages/Dog/9709.jpg,Dog,1,500,327
PetImages/Dog/971.jpg,Dog,1,475,475
PetImages/Dog/9710.jpg,Dog,1,408,500
PetImages/Dog/9711.jpg,Dog,1,500,450
PetImages/Dog/9713.jpg,Dog,1,350,390
PetImages/Dog/9716.jpg,Dog,1,376,474
PetImages/Dog/9717.jpg,Dog,1,300,287
PetImages/Dog/9718.jpg,Dog,1,473,500
PetImages/Dog/9719.jpg,Dog,1,500,500
PetImages/Dog/972.jpg,Dog,1,500,255
PetImages/Dog/9720.jpg,Dog,1,500,333
PetImages/Dog/9721.jpg,Dog,1,500,408
PetImages/Dog/9722.jpg,Dog,1,407,500
PetImages/Dog/9724.jpg,Dog,1,500,375
PetImages/Dog/9725.jpg,Dog,1,500,490
PetImages/Dog/9726.jpg,Dog,1,300,325
PetImages/Dog/9727.jpg,Dog,1,350,405
PetImages/Dog/9728.jpg,Dog,1,453,500
PetImages/Dog/9729.jpg,Dog,1,500,316
PetImages/Dog/973.jpg,Dog,1,500,375
PetImages/Dog/9731.jpg,Dog,1,245,224
PetImages/Dog/9732.jpg,Dog,1,500,457
PetImages/Dog/9734.jpg,Dog,1,500,260
PetImages/Dog/9737.jpg,Dog,1,500,375
PetImages/Dog/974.jpg,Dog,1,500,500
PetImages/Dog/9740.jpg,Dog,1,500,432
PetImages/Dog/9741.jpg,Dog,1,500,375
PetImages/Dog/9743.jpg,Dog,1,273,446
PetImages/Dog/9744.jpg,Dog,1,400,400
PetImages/Dog/9746.jpg,Dog,1,500,377
PetImages/Dog/9747.jpg,Dog,1,360,435
PetImages/Dog/9748.jpg,Dog,1,500,407
PetImages/Dog/9749.jpg,Dog,1,500,375
PetImages/Dog/975.jpg,Dog,1,333,384
PetImages/Dog/9750.jpg,Dog,1,200,134
PetImages/Dog/9751.jpg,Dog,1,500,357
PetImages/Dog/9753.jpg,Dog,1,322,400
PetImages/Dog/9755.jpg,Dog,1,425,295
PetImages/Dog/9756.jpg,Dog,1,500,332
PetImages/Dog/9757.jpg,Dog,1,500,434
PetImages/Dog/9758.jpg,Dog,1,368,416
PetImages/Dog/9761.jpg,Dog,1,450,338
PetImages/Dog/9762.jpg,Dog,1,265,410
PetImages/Dog/9765.jpg,Dog,1,493,368
PetImages/Dog/9767.jpg,Dog,1,500,375
PetImages/Dog/9768.jpg,Dog,1,344,405
PetImages/Dog/9769.jpg,Dog,1,500,375
PetImages/Dog/9771.jpg,Dog,1,400,400
PetImages/Dog/9772.jpg,Dog,1,425,500
PetImages/Dog/9774.jpg,Dog,1,500,338
PetImages/Dog/9776.jpg,Dog,1,355,295
PetImages/Dog/9777.jpg,Dog,1,500,375
PetImages/Dog/978.jpg,Dog,1,500,420
PetImages/Dog/9780.jpg,Dog,1,500,332
PetImages/Dog/9781.jpg,Dog,1,500,439
PetImages/Dog/9783.jpg,Dog,1,350,438
PetImages/Dog/9784.jpg,Dog,1,307,461
PetImages/Dog/9786.jpg,Dog,1,253,242
PetImages/Dog/9787.jpg,Dog,1,250,239
PetImages/Dog/9788.jpg,Dog,1,385,378
PetImages/Dog/9789.jpg,Dog,1,493,500
PetImages/Dog/979.jpg,Dog,1,408,434
PetImages/Dog/9790.jpg,Dog,1,500,351
PetImages/Dog/9792.jpg,Dog,1,260,245
PetImages/Dog/9793.jpg,Dog,1,323,500
PetImages/Dog/9794.jpg,Dog,1,337,500
PetImages/Dog/9795.jpg,Dog,1,500,375
PetImages/Dog/9796.jpg,Dog,1,500,334
PetImages/Dog/9797.jpg,Dog,1,500,375
PetImages/Dog/9798.jpg,Dog,1,200,182
PetImages/Dog/98.jpg,Dog,1,500,481
PetImages/Dog/9801.jpg,Dog,1,342,300
PetImages/Dog/9802.jpg,Dog,1,500,396
PetImages/Dog/9803.jpg,Dog,1,500,430
PetImages/Dog/9804.jpg,Dog,1,319,500
PetImages/Dog/9805.jpg,Dog,1,500,415
PetImages/Dog/9806.jpg,Dog,1,314,497
PetImages/Dog/9809.jpg,Dog,1,479,430
PetImages/Dog/9810.jpg,Dog,1,357,500
PetImages/Dog/9811.jpg,Dog,1,500,376
PetImages/Dog/9812.jpg,Dog,1,500,375
PetImages/Dog/9813.jpg,Dog,1,257,350
PetImages/Dog/9817.jpg,Dog,1,500,410
PetImages/Dog/9819.jpg,Dog,1,382,330
PetImages/Dog/982.jpg,Dog,1,247,396
PetImages/Dog/9823.jpg,Dog,1,222,242
PetImages/Dog/9825.jpg,Dog,1,283,370
PetImages/Dog/9826.jpg,Dog,1,375,500
PetImages/Dog/9828.jpg,Dog,1,500,374
PetImages/Dog/9830.jpg,Dog,1,500,375
PetImages/Dog/9831.jpg,Dog,1,443,440
PetImages/Dog/9832.jpg,Dog,1,399,500
PetImages/Dog/9834.jpg,Dog,1,500,375
PetImages/Dog/9836.jpg,Dog,1,320,240
PetImages/Dog/9837.jpg,Dog,1,497,439
PetImages/Dog/9838.jpg,Dog,1,500,375
PetImages/Dog/9839.jpg,Dog,1,135,180
PetImages/Dog/9840.jpg,Dog,1,257,448
PetImages/Dog/9841.jpg,Dog,1,344,500
PetImages/Dog/9842.jpg,Dog,1,280,254
PetImages/Dog/9843.jpg,Dog,1,350,350
PetImages/Dog/9844.jpg,Dog,1,500,375
PetImages/Dog/9845.jpg,Dog,1,500,375
PetImages/Dog/9846.jpg,Dog,1,500,333
PetImages/Dog/9847.jpg,Dog,1,500,375
PetImages/Dog/9848.jpg,Dog,1,500,500
PetImages/Dog/9849.jpg,Dog,1,252,420
PetImages/Dog/9851.jpg,Dog,1,364,285
PetImages/Dog/9852.jpg,Dog,1,500,375
PetImages/Dog/9855.jpg,Dog,1,130,103
PetImages/Dog/9857.jpg,Dog,1,474,429
PetImages/Dog/9858.jpg,Dog,1,500,375
PetImages/Dog/9859.jpg,Dog,1,350,356
PetImages/Dog/9861.jpg,Dog,1,322,500
PetImages/Dog/9862.jpg,Dog,1,310,500
PetImages/Dog/9863.jpg,Dog,1,500,375
PetImages/Dog/9865.jpg,Dog,1,375,500
PetImages/Dog/9866.jpg,Dog,1,278,270
PetImages/Dog/9867.jpg,Dog,1,362,385
PetImages/Dog/9868.jpg,Dog,1,250,187
PetImages/Dog/9869.jpg,Dog,1,500,375
PetImages/Dog/987.jpg,Dog,1,311,500
PetImages/Dog/9870.jpg,Dog,1,500,418
PetImages/Dog/9871.jpg,Dog,1,135,135
PetImages/Dog/9874.jpg,Dog,1,185,191
PetImages/Dog/9876.jpg,Dog,1,500,375
PetImages/Dog/9877.jpg,Dog,1,216,350
PetImages/Dog/9878.jpg,Dog,1,500,375
PetImages/Dog/988.jpg,Dog,1,375,500
PetImages/Dog/9882.jpg,Dog,1,254,225
PetImages/Dog/9885.jpg,Dog,1,233,259
PetImages/Dog/9887.jpg,Dog,1,500,423
PetImages/Dog/989.jpg,Dog,1,500,375
PetImages/Dog/9890.jpg,Dog,1,149,252
PetImages/Dog/9891.jpg,Dog,1,480,402
PetImages/Dog/9892.jpg,Dog,1,416,388
PetImages/Dog/9893.jpg,Dog,1,432,500
PetImages/Dog/9894.jpg,Dog,1,250,278
PetImages/Dog/9895.jpg,Dog,1,385,500
PetImages/Dog/9896.jpg,Dog,1,421,379
PetImages/Dog/9897.jpg,Dog,1,119,143
PetImages/Dog/9898.jpg,Dog,1,500,435
PetImages/Dog/9899.jpg,Dog,1,500,375
PetImages/Dog/99.jpg,Dog,1,500,375
PetImages/Dog/9900.jpg,Dog,1,500,375
PetImages/Dog/9901.jpg,Dog,1,500,456
PetImages/Dog/9902.jpg,Dog,1,478,500
PetImages/Dog/9903.jpg,Dog,1,387,500
PetImages/Dog/9906.jpg,Dog,1,297,279
PetImages/Dog/991.jpg,Dog,1,400,373
PetImages/Dog/9910.jpg,Dog,1,500,375
PetImages/Dog/9911.jpg,Dog,1,500,375
PetImages/Dog/9912.jpg,Dog,1,500,375
PetImages/Dog/9917.jpg,Dog,1,336,358
PetImages/Dog/9919.jpg,Dog,1,375,500
PetImages/Dog/9921.jpg,Dog,1,265,438
PetImages/Dog/9923.jpg,Dog,1,350,388
PetImages/Dog/9924.jpg,Dog,1,500,375
PetImages/Dog/9926.jpg,Dog,1,500,468
PetImages/Dog/9928.jpg,Dog,1,500,333
PetImages/Dog/993.jpg,Dog,1,500,375
PetImages/Dog/9934.jpg,Dog,1,500,375
PetImages/Dog/9935.jpg,Dog,1,246,400
PetImages/Dog/9937.jpg,Dog,1,350,216
PetImages/Dog/9939.jpg,Dog,1,500,375
PetImages/Dog/994.jpg,Dog,1,500,332
PetImages/Dog/9942.jpg,Dog,1,334,500
PetImages/Dog/9945.jpg,Dog,1,500,489
PetImages/Dog/9946.jpg,Dog,1,242,300
PetImages/Dog/9947.jpg,Dog,1,500,418
PetImages/Dog/9948.jpg,Dog,1,500,333
PetImages/Dog/9949.jpg,Dog,1,299,377
PetImages/Dog/995.jpg,Dog,1,500,375
PetImages/Dog/9950.jpg,Dog,1,500,489
PetImages/Dog/9951.jpg,Dog,1,500,375
PetImages/Dog/9952.jpg,Dog,1,500,316
PetImages/Dog/9955.jpg,Dog,1,500,375
PetImages/Dog/9956.jpg,Dog,1,252,176
PetImages/Dog/9957.jpg,Dog,1,435,480
PetImages/Dog/996.jpg,Dog,1,350,262
PetImages/Dog/9960.jpg,Dog,1,430,500
PetImages/Dog/9961.jpg,Dog,1,265,288
PetImages/Dog/9963.jpg,Dog,1,297,265
PetImages/Dog/9964.jpg,Dog,1,500,375
PetImages/Dog/9965.jpg,Dog,1,500,331
PetImages/Dog/9966.jpg,Dog,1,360,360
PetImages/Dog/9968.jpg,Dog,1,375,500
PetImages/Dog/9969.jpg,Dog,1,253,300
PetImages/Dog/997.jpg,Dog,1,250,181
PetImages/Dog/9971.jpg,Dog,1,312,329
PetImages/Dog/9972.jpg,Dog,1,500,375
PetImages/Dog/9974.jpg,Dog,1,253,400
PetImages/Dog/9975.jpg,Dog,1,376,480
PetImages/Dog/9976.jpg,Dog,1,500,401
PetImages/Dog/9977.jpg,Dog,1,500,375
PetImages/Dog/9978.jpg,Dog,1,448,281
PetImages/Dog/998.jpg,Dog,1,494,500
PetImages/Dog/9983.jpg,Dog,1,500,490
PetImages/Dog/9985.jpg,Dog,1,500,375
PetImages/Dog/9986.jpg,Dog,1,500,375
PetImages/Dog/9987.jpg,Dog,1,480,360
PetImages/Dog/9988.jpg,Dog,1,500,281
PetImages/Dog/9989.jpg,Dog,1,313,500
PetImages/Dog/9990.jpg,Dog,1,479,500
PetImages/Dog/9991.jpg,Dog,1,500,401
PetImages/Dog/9993.jpg,Dog,1,311,364
PetImages/Dog/9995.jpg,Dog,1,300,225
PetImages/Dog/9997.jpg,Dog,1,500,375
PetImages/Dog/9998.jpg,Dog,1,331,500
PetImages/Dog/9999.jpg,Dog,1,97,150
